{"type":"FeatureCollection","features":[{"type":"Feature","properties":{"region_id":"TH-10","region_iso":"TH-10","region_shape_id":"36821470B28205534186964","region_name":"Bangkok","region_name_local":"Bangkok Metropolis","adm_level":"ADM1","zone_hint":"GOT","geometry_kind":"derived_marine_admin_polygon","derivation":"nearest_coastal_province_on_regular_sea_grid","cell_count":41,"cell_size_deg":0.08},"geometry":{"type":"MultiPolygon","coordinates":[[[[100.42,13.16],[100.5,13.16],[100.5,13.24],[100.42,13.24],[100.42,13.16]]],[[[100.42,13.24],[100.5,13.24],[100.5,13.32],[100.42,13.32],[100.42,13.24]]],[[[100.42,13.32],[100.5,13.32],[100.5,13.4],[100.42,13.4],[100.42,13.32]]],[[[100.26,13.72],[100.34,13.72],[100.34,13.8],[100.26,13.8],[100.26,13.72]]],[[[100.9,13.72],[100.98,13.72],[100.98,13.8],[100.9,13.8],[100.9,13.72]]],[[[100.98,13.72],[101.06,13.72],[101.06,13.8],[100.98,13.8],[100.98,13.72]]],[[[101.06,13.72],[101.14,13.72],[101.14,13.8],[101.06,13.8],[101.06,13.72]]],[[[100.18,13.8],[100.26,13.8],[100.26,13.88],[100.18,13.88],[100.18,13.8]]],[[[100.26,13.8],[100.34,13.8],[100.34,13.88],[100.26,13.88],[100.26,13.8]]],[[[100.34,13.8],[100.42,13.8],[100.42,13.88],[100.34,13.88],[100.34,13.8]]],[[[100.42,13.8],[100.5,13.8],[100.5,13.88],[100.42,13.88],[100.42,13.8]]],[[[100.9,13.8],[100.98,13.8],[100.98,13.88],[100.9,13.88],[100.9,13.8]]],[[[100.98,13.8],[101.06,13.8],[101.06,13.88],[100.98,13.88],[100.98,13.8]]],[[[101.06,13.8],[101.14,13.8],[101.14,13.88],[101.06,13.88],[101.06,13.8]]],[[[100.1,13.88],[100.17999999999999,13.88],[100.17999999999999,13.96],[100.1,13.96],[100.1,13.88]]],[[[100.18,13.88],[100.26,13.88],[100.26,13.96],[100.18,13.96],[100.18,13.88]]],[[[100.26,13.88],[100.34,13.88],[100.34,13.96],[100.26,13.96],[100.26,13.88]]],[[[100.34,13.88],[100.42,13.88],[100.42,13.96],[100.34,13.96],[100.34,13.88]]],[[[100.42,13.88],[100.5,13.88],[100.5,13.96],[100.42,13.96],[100.42,13.88]]],[[[100.5,13.88],[100.58,13.88],[100.58,13.96],[100.5,13.96],[100.5,13.88]]],[[[100.9,13.88],[100.98,13.88],[100.98,13.96],[100.9,13.96],[100.9,13.88]]],[[[100.98,13.88],[101.06,13.88],[101.06,13.96],[100.98,13.96],[100.98,13.88]]],[[[101.06,13.88],[101.14,13.88],[101.14,13.96],[101.06,13.96],[101.06,13.88]]],[[[101.14,13.88],[101.22,13.88],[101.22,13.96],[101.14,13.96],[101.14,13.88]]],[[[100.02,13.96],[100.1,13.96],[100.1,14.040000000000001],[100.02,14.040000000000001],[100.02,13.96]]],[[[100.1,13.96],[100.17999999999999,13.96],[100.17999999999999,14.040000000000001],[100.1,14.040000000000001],[100.1,13.96]]],[[[100.18,13.96],[100.26,13.96],[100.26,14.040000000000001],[100.18,14.040000000000001],[100.18,13.96]]],[[[100.26,13.96],[100.34,13.96],[100.34,14.040000000000001],[100.26,14.040000000000001],[100.26,13.96]]],[[[100.34,13.96],[100.42,13.96],[100.42,14.040000000000001],[100.34,14.040000000000001],[100.34,13.96]]],[[[100.42,13.96],[100.5,13.96],[100.5,14.040000000000001],[100.42,14.040000000000001],[100.42,13.96]]],[[[100.5,13.96],[100.58,13.96],[100.58,14.040000000000001],[100.5,14.040000000000001],[100.5,13.96]]],[[[100.58,13.96],[100.66,13.96],[100.66,14.040000000000001],[100.58,14.040000000000001],[100.58,13.96]]],[[[100.66,13.96],[100.74,13.96],[100.74,14.040000000000001],[100.66,14.040000000000001],[100.66,13.96]]],[[[100.74,13.96],[100.82,13.96],[100.82,14.040000000000001],[100.74,14.040000000000001],[100.74,13.96]]],[[[100.82,13.96],[100.89999999999999,13.96],[100.89999999999999,14.040000000000001],[100.82,14.040000000000001],[100.82,13.96]]],[[[100.9,13.96],[100.98,13.96],[100.98,14.040000000000001],[100.9,14.040000000000001],[100.9,13.96]]],[[[100.98,13.96],[101.06,13.96],[101.06,14.040000000000001],[100.98,14.040000000000001],[100.98,13.96]]],[[[101.06,13.96],[101.14,13.96],[101.14,14.040000000000001],[101.06,14.040000000000001],[101.06,13.96]]],[[[101.14,13.96],[101.22,13.96],[101.22,14.040000000000001],[101.14,14.040000000000001],[101.14,13.96]]],[[[101.22,13.96],[101.3,13.96],[101.3,14.040000000000001],[101.22,14.040000000000001],[101.22,13.96]]],[[[101.3,13.96],[101.38,13.96],[101.38,14.040000000000001],[101.3,14.040000000000001],[101.3,13.96]]]]}},{"type":"Feature","properties":{"region_id":"TH-22","region_iso":"TH-22","region_shape_id":"36821470B14101604973013","region_name":"Chanthaburi","region_name_local":"Chanthaburi","adm_level":"ADM1","zone_hint":"GOT","geometry_kind":"derived_marine_admin_polygon","derivation":"nearest_coastal_province_on_regular_sea_grid","cell_count":404,"cell_size_deg":0.08},"geometry":{"type":"MultiPolygon","coordinates":[[[[101.7,12.04],[101.78,12.04],[101.78,12.12],[101.7,12.12],[101.7,12.04]]],[[[101.7,12.120000000000001],[101.78,12.120000000000001],[101.78,12.200000000000001],[101.7,12.200000000000001],[101.7,12.120000000000001]]],[[[101.78,12.120000000000001],[101.86,12.120000000000001],[101.86,12.200000000000001],[101.78,12.200000000000001],[101.78,12.120000000000001]]],[[[101.86,12.120000000000001],[101.94,12.120000000000001],[101.94,12.200000000000001],[101.86,12.200000000000001],[101.86,12.120000000000001]]],[[[101.78,12.2],[101.86,12.2],[101.86,12.28],[101.78,12.28],[101.78,12.2]]],[[[101.86,12.2],[101.94,12.2],[101.94,12.28],[101.86,12.28],[101.86,12.2]]],[[[101.94,12.2],[102.02,12.2],[102.02,12.28],[101.94,12.28],[101.94,12.2]]],[[[102.02,12.2],[102.1,12.2],[102.1,12.28],[102.02,12.28],[102.02,12.2]]],[[[102.1,12.2],[102.17999999999999,12.2],[102.17999999999999,12.28],[102.1,12.28],[102.1,12.2]]],[[[102.18,12.2],[102.26,12.2],[102.26,12.28],[102.18,12.28],[102.18,12.2]]],[[[101.78,12.280000000000001],[101.86,12.280000000000001],[101.86,12.360000000000001],[101.78,12.360000000000001],[101.78,12.280000000000001]]],[[[101.86,12.280000000000001],[101.94,12.280000000000001],[101.94,12.360000000000001],[101.86,12.360000000000001],[101.86,12.280000000000001]]],[[[101.94,12.280000000000001],[102.02,12.280000000000001],[102.02,12.360000000000001],[101.94,12.360000000000001],[101.94,12.280000000000001]]],[[[102.02,12.280000000000001],[102.1,12.280000000000001],[102.1,12.360000000000001],[102.02,12.360000000000001],[102.02,12.280000000000001]]],[[[102.1,12.280000000000001],[102.17999999999999,12.280000000000001],[102.17999999999999,12.360000000000001],[102.1,12.360000000000001],[102.1,12.280000000000001]]],[[[102.18,12.280000000000001],[102.26,12.280000000000001],[102.26,12.360000000000001],[102.18,12.360000000000001],[102.18,12.280000000000001]]],[[[101.78,12.36],[101.86,12.36],[101.86,12.44],[101.78,12.44],[101.78,12.36]]],[[[101.86,12.36],[101.94,12.36],[101.94,12.44],[101.86,12.44],[101.86,12.36]]],[[[101.94,12.36],[102.02,12.36],[102.02,12.44],[101.94,12.44],[101.94,12.36]]],[[[102.02,12.36],[102.1,12.36],[102.1,12.44],[102.02,12.44],[102.02,12.36]]],[[[102.1,12.36],[102.17999999999999,12.36],[102.17999999999999,12.44],[102.1,12.44],[102.1,12.36]]],[[[101.78,12.440000000000001],[101.86,12.440000000000001],[101.86,12.520000000000001],[101.78,12.520000000000001],[101.78,12.440000000000001]]],[[[101.86,12.440000000000001],[101.94,12.440000000000001],[101.94,12.520000000000001],[101.86,12.520000000000001],[101.86,12.440000000000001]]],[[[101.94,12.440000000000001],[102.02,12.440000000000001],[102.02,12.520000000000001],[101.94,12.520000000000001],[101.94,12.440000000000001]]],[[[102.02,12.440000000000001],[102.1,12.440000000000001],[102.1,12.520000000000001],[102.02,12.520000000000001],[102.02,12.440000000000001]]],[[[101.78,12.52],[101.86,12.52],[101.86,12.6],[101.78,12.6],[101.78,12.52]]],[[[101.86,12.52],[101.94,12.52],[101.94,12.6],[101.86,12.6],[101.86,12.52]]],[[[101.78,12.600000000000001],[101.86,12.600000000000001],[101.86,12.680000000000001],[101.78,12.680000000000001],[101.78,12.600000000000001]]],[[[102.5,12.76],[102.58,12.76],[102.58,12.84],[102.5,12.84],[102.5,12.76]]],[[[102.58,12.76],[102.66,12.76],[102.66,12.84],[102.58,12.84],[102.58,12.76]]],[[[102.66,12.76],[102.74,12.76],[102.74,12.84],[102.66,12.84],[102.66,12.76]]],[[[102.5,12.84],[102.58,12.84],[102.58,12.92],[102.5,12.92],[102.5,12.84]]],[[[102.58,12.84],[102.66,12.84],[102.66,12.92],[102.58,12.92],[102.58,12.84]]],[[[102.66,12.84],[102.74,12.84],[102.74,12.92],[102.66,12.92],[102.66,12.84]]],[[[102.74,12.84],[102.82,12.84],[102.82,12.92],[102.74,12.92],[102.74,12.84]]],[[[102.82,12.84],[102.89999999999999,12.84],[102.89999999999999,12.92],[102.82,12.92],[102.82,12.84]]],[[[102.5,12.92],[102.58,12.92],[102.58,13],[102.5,13],[102.5,12.92]]],[[[102.58,12.92],[102.66,12.92],[102.66,13],[102.58,13],[102.58,12.92]]],[[[102.66,12.92],[102.74,12.92],[102.74,13],[102.66,13],[102.66,12.92]]],[[[102.74,12.92],[102.82,12.92],[102.82,13],[102.74,13],[102.74,12.92]]],[[[102.82,12.92],[102.89999999999999,12.92],[102.89999999999999,13],[102.82,13],[102.82,12.92]]],[[[102.9,12.92],[102.98,12.92],[102.98,13],[102.9,13],[102.9,12.92]]],[[[102.98,12.92],[103.06,12.92],[103.06,13],[102.98,13],[102.98,12.92]]],[[[103.06,12.92],[103.14,12.92],[103.14,13],[103.06,13],[103.06,12.92]]],[[[102.5,13],[102.58,13],[102.58,13.08],[102.5,13.08],[102.5,13]]],[[[102.58,13],[102.66,13],[102.66,13.08],[102.58,13.08],[102.58,13]]],[[[102.66,13],[102.74,13],[102.74,13.08],[102.66,13.08],[102.66,13]]],[[[102.74,13],[102.82,13],[102.82,13.08],[102.74,13.08],[102.74,13]]],[[[102.82,13],[102.89999999999999,13],[102.89999999999999,13.08],[102.82,13.08],[102.82,13]]],[[[102.9,13],[102.98,13],[102.98,13.08],[102.9,13.08],[102.9,13]]],[[[102.98,13],[103.06,13],[103.06,13.08],[102.98,13.08],[102.98,13]]],[[[103.06,13],[103.14,13],[103.14,13.08],[103.06,13.08],[103.06,13]]],[[[103.14,13],[103.22,13],[103.22,13.08],[103.14,13.08],[103.14,13]]],[[[103.22,13],[103.3,13],[103.3,13.08],[103.22,13.08],[103.22,13]]],[[[102.42,13.08],[102.5,13.08],[102.5,13.16],[102.42,13.16],[102.42,13.08]]],[[[102.5,13.08],[102.58,13.08],[102.58,13.16],[102.5,13.16],[102.5,13.08]]],[[[102.58,13.08],[102.66,13.08],[102.66,13.16],[102.58,13.16],[102.58,13.08]]],[[[102.66,13.08],[102.74,13.08],[102.74,13.16],[102.66,13.16],[102.66,13.08]]],[[[102.74,13.08],[102.82,13.08],[102.82,13.16],[102.74,13.16],[102.74,13.08]]],[[[102.82,13.08],[102.89999999999999,13.08],[102.89999999999999,13.16],[102.82,13.16],[102.82,13.08]]],[[[102.9,13.08],[102.98,13.08],[102.98,13.16],[102.9,13.16],[102.9,13.08]]],[[[102.98,13.08],[103.06,13.08],[103.06,13.16],[102.98,13.16],[102.98,13.08]]],[[[103.06,13.08],[103.14,13.08],[103.14,13.16],[103.06,13.16],[103.06,13.08]]],[[[103.14,13.08],[103.22,13.08],[103.22,13.16],[103.14,13.16],[103.14,13.08]]],[[[103.22,13.08],[103.3,13.08],[103.3,13.16],[103.22,13.16],[103.22,13.08]]],[[[103.3,13.08],[103.38,13.08],[103.38,13.16],[103.3,13.16],[103.3,13.08]]],[[[103.38,13.08],[103.46,13.08],[103.46,13.16],[103.38,13.16],[103.38,13.08]]],[[[103.46,13.08],[103.53999999999999,13.08],[103.53999999999999,13.16],[103.46,13.16],[103.46,13.08]]],[[[101.7,13.16],[101.78,13.16],[101.78,13.24],[101.7,13.24],[101.7,13.16]]],[[[102.42,13.16],[102.5,13.16],[102.5,13.24],[102.42,13.24],[102.42,13.16]]],[[[102.5,13.16],[102.58,13.16],[102.58,13.24],[102.5,13.24],[102.5,13.16]]],[[[102.58,13.16],[102.66,13.16],[102.66,13.24],[102.58,13.24],[102.58,13.16]]],[[[102.66,13.16],[102.74,13.16],[102.74,13.24],[102.66,13.24],[102.66,13.16]]],[[[102.74,13.16],[102.82,13.16],[102.82,13.24],[102.74,13.24],[102.74,13.16]]],[[[102.82,13.16],[102.89999999999999,13.16],[102.89999999999999,13.24],[102.82,13.24],[102.82,13.16]]],[[[102.9,13.16],[102.98,13.16],[102.98,13.24],[102.9,13.24],[102.9,13.16]]],[[[102.98,13.16],[103.06,13.16],[103.06,13.24],[102.98,13.24],[102.98,13.16]]],[[[103.06,13.16],[103.14,13.16],[103.14,13.24],[103.06,13.24],[103.06,13.16]]],[[[103.14,13.16],[103.22,13.16],[103.22,13.24],[103.14,13.24],[103.14,13.16]]],[[[103.22,13.16],[103.3,13.16],[103.3,13.24],[103.22,13.24],[103.22,13.16]]],[[[103.3,13.16],[103.38,13.16],[103.38,13.24],[103.3,13.24],[103.3,13.16]]],[[[103.38,13.16],[103.46,13.16],[103.46,13.24],[103.38,13.24],[103.38,13.16]]],[[[103.46,13.16],[103.53999999999999,13.16],[103.53999999999999,13.24],[103.46,13.24],[103.46,13.16]]],[[[103.54,13.16],[103.62,13.16],[103.62,13.24],[103.54,13.24],[103.54,13.16]]],[[[103.62,13.16],[103.7,13.16],[103.7,13.24],[103.62,13.24],[103.62,13.16]]],[[[101.78,13.24],[101.86,13.24],[101.86,13.32],[101.78,13.32],[101.78,13.24]]],[[[101.86,13.24],[101.94,13.24],[101.94,13.32],[101.86,13.32],[101.86,13.24]]],[[[102.02,13.24],[102.1,13.24],[102.1,13.32],[102.02,13.32],[102.02,13.24]]],[[[102.18,13.24],[102.26,13.24],[102.26,13.32],[102.18,13.32],[102.18,13.24]]],[[[102.34,13.24],[102.42,13.24],[102.42,13.32],[102.34,13.32],[102.34,13.24]]],[[[102.42,13.24],[102.5,13.24],[102.5,13.32],[102.42,13.32],[102.42,13.24]]],[[[102.5,13.24],[102.58,13.24],[102.58,13.32],[102.5,13.32],[102.5,13.24]]],[[[102.58,13.24],[102.66,13.24],[102.66,13.32],[102.58,13.32],[102.58,13.24]]],[[[102.66,13.24],[102.74,13.24],[102.74,13.32],[102.66,13.32],[102.66,13.24]]],[[[102.74,13.24],[102.82,13.24],[102.82,13.32],[102.74,13.32],[102.74,13.24]]],[[[102.82,13.24],[102.89999999999999,13.24],[102.89999999999999,13.32],[102.82,13.32],[102.82,13.24]]],[[[102.9,13.24],[102.98,13.24],[102.98,13.32],[102.9,13.32],[102.9,13.24]]],[[[102.98,13.24],[103.06,13.24],[103.06,13.32],[102.98,13.32],[102.98,13.24]]],[[[103.06,13.24],[103.14,13.24],[103.14,13.32],[103.06,13.32],[103.06,13.24]]],[[[103.14,13.24],[103.22,13.24],[103.22,13.32],[103.14,13.32],[103.14,13.24]]],[[[103.22,13.24],[103.3,13.24],[103.3,13.32],[103.22,13.32],[103.22,13.24]]],[[[103.3,13.24],[103.38,13.24],[103.38,13.32],[103.3,13.32],[103.3,13.24]]],[[[103.38,13.24],[103.46,13.24],[103.46,13.32],[103.38,13.32],[103.38,13.24]]],[[[103.46,13.24],[103.53999999999999,13.24],[103.53999999999999,13.32],[103.46,13.32],[103.46,13.24]]],[[[103.54,13.24],[103.62,13.24],[103.62,13.32],[103.54,13.32],[103.54,13.24]]],[[[103.62,13.24],[103.7,13.24],[103.7,13.32],[103.62,13.32],[103.62,13.24]]],[[[103.7,13.24],[103.78,13.24],[103.78,13.32],[103.7,13.32],[103.7,13.24]]],[[[103.78,13.24],[103.86,13.24],[103.86,13.32],[103.78,13.32],[103.78,13.24]]],[[[103.86,13.24],[103.94,13.24],[103.94,13.32],[103.86,13.32],[103.86,13.24]]],[[[101.78,13.32],[101.86,13.32],[101.86,13.4],[101.78,13.4],[101.78,13.32]]],[[[101.86,13.32],[101.94,13.32],[101.94,13.4],[101.86,13.4],[101.86,13.32]]],[[[101.94,13.32],[102.02,13.32],[102.02,13.4],[101.94,13.4],[101.94,13.32]]],[[[102.02,13.32],[102.1,13.32],[102.1,13.4],[102.02,13.4],[102.02,13.32]]],[[[102.1,13.32],[102.17999999999999,13.32],[102.17999999999999,13.4],[102.1,13.4],[102.1,13.32]]],[[[102.18,13.32],[102.26,13.32],[102.26,13.4],[102.18,13.4],[102.18,13.32]]],[[[102.26,13.32],[102.34,13.32],[102.34,13.4],[102.26,13.4],[102.26,13.32]]],[[[102.34,13.32],[102.42,13.32],[102.42,13.4],[102.34,13.4],[102.34,13.32]]],[[[102.42,13.32],[102.5,13.32],[102.5,13.4],[102.42,13.4],[102.42,13.32]]],[[[102.5,13.32],[102.58,13.32],[102.58,13.4],[102.5,13.4],[102.5,13.32]]],[[[102.58,13.32],[102.66,13.32],[102.66,13.4],[102.58,13.4],[102.58,13.32]]],[[[102.66,13.32],[102.74,13.32],[102.74,13.4],[102.66,13.4],[102.66,13.32]]],[[[102.74,13.32],[102.82,13.32],[102.82,13.4],[102.74,13.4],[102.74,13.32]]],[[[102.82,13.32],[102.89999999999999,13.32],[102.89999999999999,13.4],[102.82,13.4],[102.82,13.32]]],[[[102.9,13.32],[102.98,13.32],[102.98,13.4],[102.9,13.4],[102.9,13.32]]],[[[102.98,13.32],[103.06,13.32],[103.06,13.4],[102.98,13.4],[102.98,13.32]]],[[[103.06,13.32],[103.14,13.32],[103.14,13.4],[103.06,13.4],[103.06,13.32]]],[[[103.14,13.32],[103.22,13.32],[103.22,13.4],[103.14,13.4],[103.14,13.32]]],[[[103.22,13.32],[103.3,13.32],[103.3,13.4],[103.22,13.4],[103.22,13.32]]],[[[103.3,13.32],[103.38,13.32],[103.38,13.4],[103.3,13.4],[103.3,13.32]]],[[[103.38,13.32],[103.46,13.32],[103.46,13.4],[103.38,13.4],[103.38,13.32]]],[[[103.46,13.32],[103.53999999999999,13.32],[103.53999999999999,13.4],[103.46,13.4],[103.46,13.32]]],[[[103.54,13.32],[103.62,13.32],[103.62,13.4],[103.54,13.4],[103.54,13.32]]],[[[103.62,13.32],[103.7,13.32],[103.7,13.4],[103.62,13.4],[103.62,13.32]]],[[[103.7,13.32],[103.78,13.32],[103.78,13.4],[103.7,13.4],[103.7,13.32]]],[[[103.78,13.32],[103.86,13.32],[103.86,13.4],[103.78,13.4],[103.78,13.32]]],[[[103.86,13.32],[103.94,13.32],[103.94,13.4],[103.86,13.4],[103.86,13.32]]],[[[103.94,13.32],[104.02,13.32],[104.02,13.4],[103.94,13.4],[103.94,13.32]]],[[[104.02,13.32],[104.1,13.32],[104.1,13.4],[104.02,13.4],[104.02,13.32]]],[[[101.78,13.4],[101.86,13.4],[101.86,13.48],[101.78,13.48],[101.78,13.4]]],[[[101.86,13.4],[101.94,13.4],[101.94,13.48],[101.86,13.48],[101.86,13.4]]],[[[101.94,13.4],[102.02,13.4],[102.02,13.48],[101.94,13.48],[101.94,13.4]]],[[[102.02,13.4],[102.1,13.4],[102.1,13.48],[102.02,13.48],[102.02,13.4]]],[[[102.1,13.4],[102.17999999999999,13.4],[102.17999999999999,13.48],[102.1,13.48],[102.1,13.4]]],[[[102.18,13.4],[102.26,13.4],[102.26,13.48],[102.18,13.48],[102.18,13.4]]],[[[102.26,13.4],[102.34,13.4],[102.34,13.48],[102.26,13.48],[102.26,13.4]]],[[[102.34,13.4],[102.42,13.4],[102.42,13.48],[102.34,13.48],[102.34,13.4]]],[[[102.42,13.4],[102.5,13.4],[102.5,13.48],[102.42,13.48],[102.42,13.4]]],[[[102.5,13.4],[102.58,13.4],[102.58,13.48],[102.5,13.48],[102.5,13.4]]],[[[102.58,13.4],[102.66,13.4],[102.66,13.48],[102.58,13.48],[102.58,13.4]]],[[[102.66,13.4],[102.74,13.4],[102.74,13.48],[102.66,13.48],[102.66,13.4]]],[[[102.74,13.4],[102.82,13.4],[102.82,13.48],[102.74,13.48],[102.74,13.4]]],[[[102.82,13.4],[102.89999999999999,13.4],[102.89999999999999,13.48],[102.82,13.48],[102.82,13.4]]],[[[102.9,13.4],[102.98,13.4],[102.98,13.48],[102.9,13.48],[102.9,13.4]]],[[[102.98,13.4],[103.06,13.4],[103.06,13.48],[102.98,13.48],[102.98,13.4]]],[[[103.06,13.4],[103.14,13.4],[103.14,13.48],[103.06,13.48],[103.06,13.4]]],[[[103.14,13.4],[103.22,13.4],[103.22,13.48],[103.14,13.48],[103.14,13.4]]],[[[103.22,13.4],[103.3,13.4],[103.3,13.48],[103.22,13.48],[103.22,13.4]]],[[[103.3,13.4],[103.38,13.4],[103.38,13.48],[103.3,13.48],[103.3,13.4]]],[[[103.38,13.4],[103.46,13.4],[103.46,13.48],[103.38,13.48],[103.38,13.4]]],[[[103.46,13.4],[103.53999999999999,13.4],[103.53999999999999,13.48],[103.46,13.48],[103.46,13.4]]],[[[103.54,13.4],[103.62,13.4],[103.62,13.48],[103.54,13.48],[103.54,13.4]]],[[[103.62,13.4],[103.7,13.4],[103.7,13.48],[103.62,13.48],[103.62,13.4]]],[[[103.7,13.4],[103.78,13.4],[103.78,13.48],[103.7,13.48],[103.7,13.4]]],[[[103.78,13.4],[103.86,13.4],[103.86,13.48],[103.78,13.48],[103.78,13.4]]],[[[103.86,13.4],[103.94,13.4],[103.94,13.48],[103.86,13.48],[103.86,13.4]]],[[[103.94,13.4],[104.02,13.4],[104.02,13.48],[103.94,13.48],[103.94,13.4]]],[[[104.02,13.4],[104.1,13.4],[104.1,13.48],[104.02,13.48],[104.02,13.4]]],[[[104.1,13.4],[104.17999999999999,13.4],[104.17999999999999,13.48],[104.1,13.48],[104.1,13.4]]],[[[104.18,13.4],[104.26,13.4],[104.26,13.48],[104.18,13.48],[104.18,13.4]]],[[[104.26,13.4],[104.34,13.4],[104.34,13.48],[104.26,13.48],[104.26,13.4]]],[[[101.78,13.48],[101.86,13.48],[101.86,13.56],[101.78,13.56],[101.78,13.48]]],[[[101.86,13.48],[101.94,13.48],[101.94,13.56],[101.86,13.56],[101.86,13.48]]],[[[101.94,13.48],[102.02,13.48],[102.02,13.56],[101.94,13.56],[101.94,13.48]]],[[[102.02,13.48],[102.1,13.48],[102.1,13.56],[102.02,13.56],[102.02,13.48]]],[[[102.1,13.48],[102.17999999999999,13.48],[102.17999999999999,13.56],[102.1,13.56],[102.1,13.48]]],[[[102.18,13.48],[102.26,13.48],[102.26,13.56],[102.18,13.56],[102.18,13.48]]],[[[102.26,13.48],[102.34,13.48],[102.34,13.56],[102.26,13.56],[102.26,13.48]]],[[[102.34,13.48],[102.42,13.48],[102.42,13.56],[102.34,13.56],[102.34,13.48]]],[[[102.42,13.48],[102.5,13.48],[102.5,13.56],[102.42,13.56],[102.42,13.48]]],[[[102.5,13.48],[102.58,13.48],[102.58,13.56],[102.5,13.56],[102.5,13.48]]],[[[102.58,13.48],[102.66,13.48],[102.66,13.56],[102.58,13.56],[102.58,13.48]]],[[[102.66,13.48],[102.74,13.48],[102.74,13.56],[102.66,13.56],[102.66,13.48]]],[[[102.74,13.48],[102.82,13.48],[102.82,13.56],[102.74,13.56],[102.74,13.48]]],[[[102.82,13.48],[102.89999999999999,13.48],[102.89999999999999,13.56],[102.82,13.56],[102.82,13.48]]],[[[102.9,13.48],[102.98,13.48],[102.98,13.56],[102.9,13.56],[102.9,13.48]]],[[[102.98,13.48],[103.06,13.48],[103.06,13.56],[102.98,13.56],[102.98,13.48]]],[[[103.06,13.48],[103.14,13.48],[103.14,13.56],[103.06,13.56],[103.06,13.48]]],[[[103.14,13.48],[103.22,13.48],[103.22,13.56],[103.14,13.56],[103.14,13.48]]],[[[103.22,13.48],[103.3,13.48],[103.3,13.56],[103.22,13.56],[103.22,13.48]]],[[[103.3,13.48],[103.38,13.48],[103.38,13.56],[103.3,13.56],[103.3,13.48]]],[[[103.38,13.48],[103.46,13.48],[103.46,13.56],[103.38,13.56],[103.38,13.48]]],[[[103.46,13.48],[103.53999999999999,13.48],[103.53999999999999,13.56],[103.46,13.56],[103.46,13.48]]],[[[103.54,13.48],[103.62,13.48],[103.62,13.56],[103.54,13.56],[103.54,13.48]]],[[[103.62,13.48],[103.7,13.48],[103.7,13.56],[103.62,13.56],[103.62,13.48]]],[[[103.7,13.48],[103.78,13.48],[103.78,13.56],[103.7,13.56],[103.7,13.48]]],[[[103.78,13.48],[103.86,13.48],[103.86,13.56],[103.78,13.56],[103.78,13.48]]],[[[103.86,13.48],[103.94,13.48],[103.94,13.56],[103.86,13.56],[103.86,13.48]]],[[[103.94,13.48],[104.02,13.48],[104.02,13.56],[103.94,13.56],[103.94,13.48]]],[[[104.02,13.48],[104.1,13.48],[104.1,13.56],[104.02,13.56],[104.02,13.48]]],[[[104.1,13.48],[104.17999999999999,13.48],[104.17999999999999,13.56],[104.1,13.56],[104.1,13.48]]],[[[104.18,13.48],[104.26,13.48],[104.26,13.56],[104.18,13.56],[104.18,13.48]]],[[[104.26,13.48],[104.34,13.48],[104.34,13.56],[104.26,13.56],[104.26,13.48]]],[[[104.34,13.48],[104.42,13.48],[104.42,13.56],[104.34,13.56],[104.34,13.48]]],[[[104.42,13.48],[104.5,13.48],[104.5,13.56],[104.42,13.56],[104.42,13.48]]],[[[101.78,13.56],[101.86,13.56],[101.86,13.64],[101.78,13.64],[101.78,13.56]]],[[[101.86,13.56],[101.94,13.56],[101.94,13.64],[101.86,13.64],[101.86,13.56]]],[[[101.94,13.56],[102.02,13.56],[102.02,13.64],[101.94,13.64],[101.94,13.56]]],[[[102.02,13.56],[102.1,13.56],[102.1,13.64],[102.02,13.64],[102.02,13.56]]],[[[102.1,13.56],[102.17999999999999,13.56],[102.17999999999999,13.64],[102.1,13.64],[102.1,13.56]]],[[[102.18,13.56],[102.26,13.56],[102.26,13.64],[102.18,13.64],[102.18,13.56]]],[[[102.26,13.56],[102.34,13.56],[102.34,13.64],[102.26,13.64],[102.26,13.56]]],[[[102.34,13.56],[102.42,13.56],[102.42,13.64],[102.34,13.64],[102.34,13.56]]],[[[102.42,13.56],[102.5,13.56],[102.5,13.64],[102.42,13.64],[102.42,13.56]]],[[[102.5,13.56],[102.58,13.56],[102.58,13.64],[102.5,13.64],[102.5,13.56]]],[[[102.58,13.56],[102.66,13.56],[102.66,13.64],[102.58,13.64],[102.58,13.56]]],[[[102.66,13.56],[102.74,13.56],[102.74,13.64],[102.66,13.64],[102.66,13.56]]],[[[102.74,13.56],[102.82,13.56],[102.82,13.64],[102.74,13.64],[102.74,13.56]]],[[[102.82,13.56],[102.89999999999999,13.56],[102.89999999999999,13.64],[102.82,13.64],[102.82,13.56]]],[[[102.9,13.56],[102.98,13.56],[102.98,13.64],[102.9,13.64],[102.9,13.56]]],[[[102.98,13.56],[103.06,13.56],[103.06,13.64],[102.98,13.64],[102.98,13.56]]],[[[103.06,13.56],[103.14,13.56],[103.14,13.64],[103.06,13.64],[103.06,13.56]]],[[[103.14,13.56],[103.22,13.56],[103.22,13.64],[103.14,13.64],[103.14,13.56]]],[[[103.22,13.56],[103.3,13.56],[103.3,13.64],[103.22,13.64],[103.22,13.56]]],[[[103.3,13.56],[103.38,13.56],[103.38,13.64],[103.3,13.64],[103.3,13.56]]],[[[103.38,13.56],[103.46,13.56],[103.46,13.64],[103.38,13.64],[103.38,13.56]]],[[[103.46,13.56],[103.53999999999999,13.56],[103.53999999999999,13.64],[103.46,13.64],[103.46,13.56]]],[[[103.54,13.56],[103.62,13.56],[103.62,13.64],[103.54,13.64],[103.54,13.56]]],[[[103.62,13.56],[103.7,13.56],[103.7,13.64],[103.62,13.64],[103.62,13.56]]],[[[103.7,13.56],[103.78,13.56],[103.78,13.64],[103.7,13.64],[103.7,13.56]]],[[[103.78,13.56],[103.86,13.56],[103.86,13.64],[103.78,13.64],[103.78,13.56]]],[[[103.86,13.56],[103.94,13.56],[103.94,13.64],[103.86,13.64],[103.86,13.56]]],[[[103.94,13.56],[104.02,13.56],[104.02,13.64],[103.94,13.64],[103.94,13.56]]],[[[104.02,13.56],[104.1,13.56],[104.1,13.64],[104.02,13.64],[104.02,13.56]]],[[[104.1,13.56],[104.17999999999999,13.56],[104.17999999999999,13.64],[104.1,13.64],[104.1,13.56]]],[[[104.18,13.56],[104.26,13.56],[104.26,13.64],[104.18,13.64],[104.18,13.56]]],[[[104.26,13.56],[104.34,13.56],[104.34,13.64],[104.26,13.64],[104.26,13.56]]],[[[104.34,13.56],[104.42,13.56],[104.42,13.64],[104.34,13.64],[104.34,13.56]]],[[[104.42,13.56],[104.5,13.56],[104.5,13.64],[104.42,13.64],[104.42,13.56]]],[[[101.78,13.64],[101.86,13.64],[101.86,13.72],[101.78,13.72],[101.78,13.64]]],[[[101.86,13.64],[101.94,13.64],[101.94,13.72],[101.86,13.72],[101.86,13.64]]],[[[101.94,13.64],[102.02,13.64],[102.02,13.72],[101.94,13.72],[101.94,13.64]]],[[[102.02,13.64],[102.1,13.64],[102.1,13.72],[102.02,13.72],[102.02,13.64]]],[[[102.1,13.64],[102.17999999999999,13.64],[102.17999999999999,13.72],[102.1,13.72],[102.1,13.64]]],[[[102.18,13.64],[102.26,13.64],[102.26,13.72],[102.18,13.72],[102.18,13.64]]],[[[102.26,13.64],[102.34,13.64],[102.34,13.72],[102.26,13.72],[102.26,13.64]]],[[[102.34,13.64],[102.42,13.64],[102.42,13.72],[102.34,13.72],[102.34,13.64]]],[[[102.42,13.64],[102.5,13.64],[102.5,13.72],[102.42,13.72],[102.42,13.64]]],[[[102.5,13.64],[102.58,13.64],[102.58,13.72],[102.5,13.72],[102.5,13.64]]],[[[102.58,13.64],[102.66,13.64],[102.66,13.72],[102.58,13.72],[102.58,13.64]]],[[[102.66,13.64],[102.74,13.64],[102.74,13.72],[102.66,13.72],[102.66,13.64]]],[[[102.74,13.64],[102.82,13.64],[102.82,13.72],[102.74,13.72],[102.74,13.64]]],[[[102.82,13.64],[102.89999999999999,13.64],[102.89999999999999,13.72],[102.82,13.72],[102.82,13.64]]],[[[102.9,13.64],[102.98,13.64],[102.98,13.72],[102.9,13.72],[102.9,13.64]]],[[[102.98,13.64],[103.06,13.64],[103.06,13.72],[102.98,13.72],[102.98,13.64]]],[[[103.06,13.64],[103.14,13.64],[103.14,13.72],[103.06,13.72],[103.06,13.64]]],[[[103.14,13.64],[103.22,13.64],[103.22,13.72],[103.14,13.72],[103.14,13.64]]],[[[103.22,13.64],[103.3,13.64],[103.3,13.72],[103.22,13.72],[103.22,13.64]]],[[[103.3,13.64],[103.38,13.64],[103.38,13.72],[103.3,13.72],[103.3,13.64]]],[[[103.38,13.64],[103.46,13.64],[103.46,13.72],[103.38,13.72],[103.38,13.64]]],[[[103.46,13.64],[103.53999999999999,13.64],[103.53999999999999,13.72],[103.46,13.72],[103.46,13.64]]],[[[103.54,13.64],[103.62,13.64],[103.62,13.72],[103.54,13.72],[103.54,13.64]]],[[[103.62,13.64],[103.7,13.64],[103.7,13.72],[103.62,13.72],[103.62,13.64]]],[[[103.7,13.64],[103.78,13.64],[103.78,13.72],[103.7,13.72],[103.7,13.64]]],[[[103.78,13.64],[103.86,13.64],[103.86,13.72],[103.78,13.72],[103.78,13.64]]],[[[103.86,13.64],[103.94,13.64],[103.94,13.72],[103.86,13.72],[103.86,13.64]]],[[[103.94,13.64],[104.02,13.64],[104.02,13.72],[103.94,13.72],[103.94,13.64]]],[[[104.02,13.64],[104.1,13.64],[104.1,13.72],[104.02,13.72],[104.02,13.64]]],[[[104.1,13.64],[104.17999999999999,13.64],[104.17999999999999,13.72],[104.1,13.72],[104.1,13.64]]],[[[104.18,13.64],[104.26,13.64],[104.26,13.72],[104.18,13.72],[104.18,13.64]]],[[[104.26,13.64],[104.34,13.64],[104.34,13.72],[104.26,13.72],[104.26,13.64]]],[[[104.34,13.64],[104.42,13.64],[104.42,13.72],[104.34,13.72],[104.34,13.64]]],[[[104.42,13.64],[104.5,13.64],[104.5,13.72],[104.42,13.72],[104.42,13.64]]],[[[101.86,13.72],[101.94,13.72],[101.94,13.8],[101.86,13.8],[101.86,13.72]]],[[[101.94,13.72],[102.02,13.72],[102.02,13.8],[101.94,13.8],[101.94,13.72]]],[[[102.02,13.72],[102.1,13.72],[102.1,13.8],[102.02,13.8],[102.02,13.72]]],[[[102.1,13.72],[102.17999999999999,13.72],[102.17999999999999,13.8],[102.1,13.8],[102.1,13.72]]],[[[102.18,13.72],[102.26,13.72],[102.26,13.8],[102.18,13.8],[102.18,13.72]]],[[[102.26,13.72],[102.34,13.72],[102.34,13.8],[102.26,13.8],[102.26,13.72]]],[[[102.34,13.72],[102.42,13.72],[102.42,13.8],[102.34,13.8],[102.34,13.72]]],[[[102.42,13.72],[102.5,13.72],[102.5,13.8],[102.42,13.8],[102.42,13.72]]],[[[102.5,13.72],[102.58,13.72],[102.58,13.8],[102.5,13.8],[102.5,13.72]]],[[[102.58,13.72],[102.66,13.72],[102.66,13.8],[102.58,13.8],[102.58,13.72]]],[[[102.66,13.72],[102.74,13.72],[102.74,13.8],[102.66,13.8],[102.66,13.72]]],[[[102.74,13.72],[102.82,13.72],[102.82,13.8],[102.74,13.8],[102.74,13.72]]],[[[102.82,13.72],[102.89999999999999,13.72],[102.89999999999999,13.8],[102.82,13.8],[102.82,13.72]]],[[[102.9,13.72],[102.98,13.72],[102.98,13.8],[102.9,13.8],[102.9,13.72]]],[[[102.98,13.72],[103.06,13.72],[103.06,13.8],[102.98,13.8],[102.98,13.72]]],[[[103.06,13.72],[103.14,13.72],[103.14,13.8],[103.06,13.8],[103.06,13.72]]],[[[103.14,13.72],[103.22,13.72],[103.22,13.8],[103.14,13.8],[103.14,13.72]]],[[[103.22,13.72],[103.3,13.72],[103.3,13.8],[103.22,13.8],[103.22,13.72]]],[[[103.3,13.72],[103.38,13.72],[103.38,13.8],[103.3,13.8],[103.3,13.72]]],[[[103.38,13.72],[103.46,13.72],[103.46,13.8],[103.38,13.8],[103.38,13.72]]],[[[103.46,13.72],[103.53999999999999,13.72],[103.53999999999999,13.8],[103.46,13.8],[103.46,13.72]]],[[[103.54,13.72],[103.62,13.72],[103.62,13.8],[103.54,13.8],[103.54,13.72]]],[[[103.62,13.72],[103.7,13.72],[103.7,13.8],[103.62,13.8],[103.62,13.72]]],[[[103.7,13.72],[103.78,13.72],[103.78,13.8],[103.7,13.8],[103.7,13.72]]],[[[103.78,13.72],[103.86,13.72],[103.86,13.8],[103.78,13.8],[103.78,13.72]]],[[[103.86,13.72],[103.94,13.72],[103.94,13.8],[103.86,13.8],[103.86,13.72]]],[[[103.94,13.72],[104.02,13.72],[104.02,13.8],[103.94,13.8],[103.94,13.72]]],[[[104.02,13.72],[104.1,13.72],[104.1,13.8],[104.02,13.8],[104.02,13.72]]],[[[104.1,13.72],[104.17999999999999,13.72],[104.17999999999999,13.8],[104.1,13.8],[104.1,13.72]]],[[[104.18,13.72],[104.26,13.72],[104.26,13.8],[104.18,13.8],[104.18,13.72]]],[[[104.26,13.72],[104.34,13.72],[104.34,13.8],[104.26,13.8],[104.26,13.72]]],[[[104.34,13.72],[104.42,13.72],[104.42,13.8],[104.34,13.8],[104.34,13.72]]],[[[104.42,13.72],[104.5,13.72],[104.5,13.8],[104.42,13.8],[104.42,13.72]]],[[[101.86,13.8],[101.94,13.8],[101.94,13.88],[101.86,13.88],[101.86,13.8]]],[[[101.94,13.8],[102.02,13.8],[102.02,13.88],[101.94,13.88],[101.94,13.8]]],[[[102.02,13.8],[102.1,13.8],[102.1,13.88],[102.02,13.88],[102.02,13.8]]],[[[102.1,13.8],[102.17999999999999,13.8],[102.17999999999999,13.88],[102.1,13.88],[102.1,13.8]]],[[[102.18,13.8],[102.26,13.8],[102.26,13.88],[102.18,13.88],[102.18,13.8]]],[[[102.26,13.8],[102.34,13.8],[102.34,13.88],[102.26,13.88],[102.26,13.8]]],[[[102.34,13.8],[102.42,13.8],[102.42,13.88],[102.34,13.88],[102.34,13.8]]],[[[102.42,13.8],[102.5,13.8],[102.5,13.88],[102.42,13.88],[102.42,13.8]]],[[[102.5,13.8],[102.58,13.8],[102.58,13.88],[102.5,13.88],[102.5,13.8]]],[[[102.58,13.8],[102.66,13.8],[102.66,13.88],[102.58,13.88],[102.58,13.8]]],[[[102.66,13.8],[102.74,13.8],[102.74,13.88],[102.66,13.88],[102.66,13.8]]],[[[102.74,13.8],[102.82,13.8],[102.82,13.88],[102.74,13.88],[102.74,13.8]]],[[[102.82,13.8],[102.89999999999999,13.8],[102.89999999999999,13.88],[102.82,13.88],[102.82,13.8]]],[[[102.9,13.8],[102.98,13.8],[102.98,13.88],[102.9,13.88],[102.9,13.8]]],[[[102.98,13.8],[103.06,13.8],[103.06,13.88],[102.98,13.88],[102.98,13.8]]],[[[103.06,13.8],[103.14,13.8],[103.14,13.88],[103.06,13.88],[103.06,13.8]]],[[[103.14,13.8],[103.22,13.8],[103.22,13.88],[103.14,13.88],[103.14,13.8]]],[[[103.22,13.8],[103.3,13.8],[103.3,13.88],[103.22,13.88],[103.22,13.8]]],[[[103.3,13.8],[103.38,13.8],[103.38,13.88],[103.3,13.88],[103.3,13.8]]],[[[103.38,13.8],[103.46,13.8],[103.46,13.88],[103.38,13.88],[103.38,13.8]]],[[[103.46,13.8],[103.53999999999999,13.8],[103.53999999999999,13.88],[103.46,13.88],[103.46,13.8]]],[[[103.54,13.8],[103.62,13.8],[103.62,13.88],[103.54,13.88],[103.54,13.8]]],[[[103.62,13.8],[103.7,13.8],[103.7,13.88],[103.62,13.88],[103.62,13.8]]],[[[103.7,13.8],[103.78,13.8],[103.78,13.88],[103.7,13.88],[103.7,13.8]]],[[[103.78,13.8],[103.86,13.8],[103.86,13.88],[103.78,13.88],[103.78,13.8]]],[[[103.86,13.8],[103.94,13.8],[103.94,13.88],[103.86,13.88],[103.86,13.8]]],[[[103.94,13.8],[104.02,13.8],[104.02,13.88],[103.94,13.88],[103.94,13.8]]],[[[104.02,13.8],[104.1,13.8],[104.1,13.88],[104.02,13.88],[104.02,13.8]]],[[[104.1,13.8],[104.17999999999999,13.8],[104.17999999999999,13.88],[104.1,13.88],[104.1,13.8]]],[[[104.18,13.8],[104.26,13.8],[104.26,13.88],[104.18,13.88],[104.18,13.8]]],[[[104.26,13.8],[104.34,13.8],[104.34,13.88],[104.26,13.88],[104.26,13.8]]],[[[104.34,13.8],[104.42,13.8],[104.42,13.88],[104.34,13.88],[104.34,13.8]]],[[[104.42,13.8],[104.5,13.8],[104.5,13.88],[104.42,13.88],[104.42,13.8]]],[[[101.86,13.88],[101.94,13.88],[101.94,13.96],[101.86,13.96],[101.86,13.88]]],[[[101.94,13.88],[102.02,13.88],[102.02,13.96],[101.94,13.96],[101.94,13.88]]],[[[102.02,13.88],[102.1,13.88],[102.1,13.96],[102.02,13.96],[102.02,13.88]]],[[[102.1,13.88],[102.17999999999999,13.88],[102.17999999999999,13.96],[102.1,13.96],[102.1,13.88]]],[[[102.18,13.88],[102.26,13.88],[102.26,13.96],[102.18,13.96],[102.18,13.88]]],[[[102.26,13.88],[102.34,13.88],[102.34,13.96],[102.26,13.96],[102.26,13.88]]],[[[102.34,13.88],[102.42,13.88],[102.42,13.96],[102.34,13.96],[102.34,13.88]]],[[[102.42,13.88],[102.5,13.88],[102.5,13.96],[102.42,13.96],[102.42,13.88]]],[[[102.5,13.88],[102.58,13.88],[102.58,13.96],[102.5,13.96],[102.5,13.88]]],[[[102.58,13.88],[102.66,13.88],[102.66,13.96],[102.58,13.96],[102.58,13.88]]],[[[102.66,13.88],[102.74,13.88],[102.74,13.96],[102.66,13.96],[102.66,13.88]]],[[[102.74,13.88],[102.82,13.88],[102.82,13.96],[102.74,13.96],[102.74,13.88]]],[[[102.82,13.88],[102.89999999999999,13.88],[102.89999999999999,13.96],[102.82,13.96],[102.82,13.88]]],[[[102.9,13.88],[102.98,13.88],[102.98,13.96],[102.9,13.96],[102.9,13.88]]],[[[102.98,13.88],[103.06,13.88],[103.06,13.96],[102.98,13.96],[102.98,13.88]]],[[[103.06,13.88],[103.14,13.88],[103.14,13.96],[103.06,13.96],[103.06,13.88]]],[[[103.14,13.88],[103.22,13.88],[103.22,13.96],[103.14,13.96],[103.14,13.88]]],[[[103.22,13.88],[103.3,13.88],[103.3,13.96],[103.22,13.96],[103.22,13.88]]],[[[103.3,13.88],[103.38,13.88],[103.38,13.96],[103.3,13.96],[103.3,13.88]]],[[[103.38,13.88],[103.46,13.88],[103.46,13.96],[103.38,13.96],[103.38,13.88]]],[[[103.46,13.88],[103.53999999999999,13.88],[103.53999999999999,13.96],[103.46,13.96],[103.46,13.88]]],[[[103.54,13.88],[103.62,13.88],[103.62,13.96],[103.54,13.96],[103.54,13.88]]],[[[103.62,13.88],[103.7,13.88],[103.7,13.96],[103.62,13.96],[103.62,13.88]]],[[[103.7,13.88],[103.78,13.88],[103.78,13.96],[103.7,13.96],[103.7,13.88]]],[[[103.78,13.88],[103.86,13.88],[103.86,13.96],[103.78,13.96],[103.78,13.88]]],[[[103.86,13.88],[103.94,13.88],[103.94,13.96],[103.86,13.96],[103.86,13.88]]],[[[103.94,13.88],[104.02,13.88],[104.02,13.96],[103.94,13.96],[103.94,13.88]]],[[[104.02,13.88],[104.1,13.88],[104.1,13.96],[104.02,13.96],[104.02,13.88]]],[[[104.1,13.88],[104.17999999999999,13.88],[104.17999999999999,13.96],[104.1,13.96],[104.1,13.88]]],[[[104.18,13.88],[104.26,13.88],[104.26,13.96],[104.18,13.96],[104.18,13.88]]],[[[104.26,13.88],[104.34,13.88],[104.34,13.96],[104.26,13.96],[104.26,13.88]]],[[[104.34,13.88],[104.42,13.88],[104.42,13.96],[104.34,13.96],[104.34,13.88]]],[[[104.42,13.88],[104.5,13.88],[104.5,13.96],[104.42,13.96],[104.42,13.88]]],[[[101.86,13.96],[101.94,13.96],[101.94,14.040000000000001],[101.86,14.040000000000001],[101.86,13.96]]],[[[101.94,13.96],[102.02,13.96],[102.02,14.040000000000001],[101.94,14.040000000000001],[101.94,13.96]]],[[[102.02,13.96],[102.1,13.96],[102.1,14.040000000000001],[102.02,14.040000000000001],[102.02,13.96]]],[[[102.1,13.96],[102.17999999999999,13.96],[102.17999999999999,14.040000000000001],[102.1,14.040000000000001],[102.1,13.96]]],[[[102.18,13.96],[102.26,13.96],[102.26,14.040000000000001],[102.18,14.040000000000001],[102.18,13.96]]],[[[102.26,13.96],[102.34,13.96],[102.34,14.040000000000001],[102.26,14.040000000000001],[102.26,13.96]]],[[[102.34,13.96],[102.42,13.96],[102.42,14.040000000000001],[102.34,14.040000000000001],[102.34,13.96]]],[[[102.42,13.96],[102.5,13.96],[102.5,14.040000000000001],[102.42,14.040000000000001],[102.42,13.96]]],[[[102.5,13.96],[102.58,13.96],[102.58,14.040000000000001],[102.5,14.040000000000001],[102.5,13.96]]],[[[102.58,13.96],[102.66,13.96],[102.66,14.040000000000001],[102.58,14.040000000000001],[102.58,13.96]]],[[[102.66,13.96],[102.74,13.96],[102.74,14.040000000000001],[102.66,14.040000000000001],[102.66,13.96]]],[[[102.74,13.96],[102.82,13.96],[102.82,14.040000000000001],[102.74,14.040000000000001],[102.74,13.96]]],[[[102.82,13.96],[102.89999999999999,13.96],[102.89999999999999,14.040000000000001],[102.82,14.040000000000001],[102.82,13.96]]],[[[102.9,13.96],[102.98,13.96],[102.98,14.040000000000001],[102.9,14.040000000000001],[102.9,13.96]]],[[[102.98,13.96],[103.06,13.96],[103.06,14.040000000000001],[102.98,14.040000000000001],[102.98,13.96]]],[[[103.06,13.96],[103.14,13.96],[103.14,14.040000000000001],[103.06,14.040000000000001],[103.06,13.96]]],[[[103.14,13.96],[103.22,13.96],[103.22,14.040000000000001],[103.14,14.040000000000001],[103.14,13.96]]],[[[103.22,13.96],[103.3,13.96],[103.3,14.040000000000001],[103.22,14.040000000000001],[103.22,13.96]]],[[[103.3,13.96],[103.38,13.96],[103.38,14.040000000000001],[103.3,14.040000000000001],[103.3,13.96]]],[[[103.38,13.96],[103.46,13.96],[103.46,14.040000000000001],[103.38,14.040000000000001],[103.38,13.96]]],[[[103.46,13.96],[103.53999999999999,13.96],[103.53999999999999,14.040000000000001],[103.46,14.040000000000001],[103.46,13.96]]],[[[103.54,13.96],[103.62,13.96],[103.62,14.040000000000001],[103.54,14.040000000000001],[103.54,13.96]]],[[[103.62,13.96],[103.7,13.96],[103.7,14.040000000000001],[103.62,14.040000000000001],[103.62,13.96]]],[[[103.7,13.96],[103.78,13.96],[103.78,14.040000000000001],[103.7,14.040000000000001],[103.7,13.96]]],[[[103.78,13.96],[103.86,13.96],[103.86,14.040000000000001],[103.78,14.040000000000001],[103.78,13.96]]],[[[103.86,13.96],[103.94,13.96],[103.94,14.040000000000001],[103.86,14.040000000000001],[103.86,13.96]]],[[[103.94,13.96],[104.02,13.96],[104.02,14.040000000000001],[103.94,14.040000000000001],[103.94,13.96]]],[[[104.02,13.96],[104.1,13.96],[104.1,14.040000000000001],[104.02,14.040000000000001],[104.02,13.96]]],[[[104.1,13.96],[104.17999999999999,13.96],[104.17999999999999,14.040000000000001],[104.1,14.040000000000001],[104.1,13.96]]],[[[104.18,13.96],[104.26,13.96],[104.26,14.040000000000001],[104.18,14.040000000000001],[104.18,13.96]]],[[[104.26,13.96],[104.34,13.96],[104.34,14.040000000000001],[104.26,14.040000000000001],[104.26,13.96]]],[[[104.34,13.96],[104.42,13.96],[104.42,14.040000000000001],[104.34,14.040000000000001],[104.34,13.96]]],[[[104.42,13.96],[104.5,13.96],[104.5,14.040000000000001],[104.42,14.040000000000001],[104.42,13.96]]]]}},{"type":"Feature","properties":{"region_id":"TH-20","region_iso":"TH-20","region_shape_id":"36821470B74825096412992","region_name":"Chon Buri","region_name_local":"Chon Buri","adm_level":"ADM1","zone_hint":"GOT","geometry_kind":"derived_marine_admin_polygon","derivation":"nearest_coastal_province_on_regular_sea_grid","cell_count":249,"cell_size_deg":0.08},"geometry":{"type":"MultiPolygon","coordinates":[[[[101.06,11.08],[101.14,11.08],[101.14,11.16],[101.06,11.16],[101.06,11.08]]],[[[100.98,11.16],[101.06,11.16],[101.06,11.24],[100.98,11.24],[100.98,11.16]]],[[[101.06,11.16],[101.14,11.16],[101.14,11.24],[101.06,11.24],[101.06,11.16]]],[[[101.14,11.16],[101.22,11.16],[101.22,11.24],[101.14,11.24],[101.14,11.16]]],[[[100.98,11.24],[101.06,11.24],[101.06,11.32],[100.98,11.32],[100.98,11.24]]],[[[101.06,11.24],[101.14,11.24],[101.14,11.32],[101.06,11.32],[101.06,11.24]]],[[[101.14,11.24],[101.22,11.24],[101.22,11.32],[101.14,11.32],[101.14,11.24]]],[[[100.9,11.32],[100.98,11.32],[100.98,11.4],[100.9,11.4],[100.9,11.32]]],[[[100.98,11.32],[101.06,11.32],[101.06,11.4],[100.98,11.4],[100.98,11.32]]],[[[101.06,11.32],[101.14,11.32],[101.14,11.4],[101.06,11.4],[101.06,11.32]]],[[[101.14,11.32],[101.22,11.32],[101.22,11.4],[101.14,11.4],[101.14,11.32]]],[[[100.82,11.4],[100.89999999999999,11.4],[100.89999999999999,11.48],[100.82,11.48],[100.82,11.4]]],[[[100.9,11.4],[100.98,11.4],[100.98,11.48],[100.9,11.48],[100.9,11.4]]],[[[100.98,11.4],[101.06,11.4],[101.06,11.48],[100.98,11.48],[100.98,11.4]]],[[[101.06,11.4],[101.14,11.4],[101.14,11.48],[101.06,11.48],[101.06,11.4]]],[[[101.14,11.4],[101.22,11.4],[101.22,11.48],[101.14,11.48],[101.14,11.4]]],[[[100.82,11.48],[100.89999999999999,11.48],[100.89999999999999,11.56],[100.82,11.56],[100.82,11.48]]],[[[100.9,11.48],[100.98,11.48],[100.98,11.56],[100.9,11.56],[100.9,11.48]]],[[[100.98,11.48],[101.06,11.48],[101.06,11.56],[100.98,11.56],[100.98,11.48]]],[[[101.06,11.48],[101.14,11.48],[101.14,11.56],[101.06,11.56],[101.06,11.48]]],[[[101.14,11.48],[101.22,11.48],[101.22,11.56],[101.14,11.56],[101.14,11.48]]],[[[100.74,11.56],[100.82,11.56],[100.82,11.64],[100.74,11.64],[100.74,11.56]]],[[[100.82,11.56],[100.89999999999999,11.56],[100.89999999999999,11.64],[100.82,11.64],[100.82,11.56]]],[[[100.9,11.56],[100.98,11.56],[100.98,11.64],[100.9,11.64],[100.9,11.56]]],[[[100.98,11.56],[101.06,11.56],[101.06,11.64],[100.98,11.64],[100.98,11.56]]],[[[101.06,11.56],[101.14,11.56],[101.14,11.64],[101.06,11.64],[101.06,11.56]]],[[[101.14,11.56],[101.22,11.56],[101.22,11.64],[101.14,11.64],[101.14,11.56]]],[[[100.74,11.64],[100.82,11.64],[100.82,11.72],[100.74,11.72],[100.74,11.64]]],[[[100.82,11.64],[100.89999999999999,11.64],[100.89999999999999,11.72],[100.82,11.72],[100.82,11.64]]],[[[100.9,11.64],[100.98,11.64],[100.98,11.72],[100.9,11.72],[100.9,11.64]]],[[[100.98,11.64],[101.06,11.64],[101.06,11.72],[100.98,11.72],[100.98,11.64]]],[[[101.06,11.64],[101.14,11.64],[101.14,11.72],[101.06,11.72],[101.06,11.64]]],[[[101.14,11.64],[101.22,11.64],[101.22,11.72],[101.14,11.72],[101.14,11.64]]],[[[100.66,11.719999999999999],[100.74,11.719999999999999],[100.74,11.799999999999999],[100.66,11.799999999999999],[100.66,11.719999999999999]]],[[[100.74,11.719999999999999],[100.82,11.719999999999999],[100.82,11.799999999999999],[100.74,11.799999999999999],[100.74,11.719999999999999]]],[[[100.82,11.719999999999999],[100.89999999999999,11.719999999999999],[100.89999999999999,11.799999999999999],[100.82,11.799999999999999],[100.82,11.719999999999999]]],[[[100.9,11.719999999999999],[100.98,11.719999999999999],[100.98,11.799999999999999],[100.9,11.799999999999999],[100.9,11.719999999999999]]],[[[100.98,11.719999999999999],[101.06,11.719999999999999],[101.06,11.799999999999999],[100.98,11.799999999999999],[100.98,11.719999999999999]]],[[[101.06,11.719999999999999],[101.14,11.719999999999999],[101.14,11.799999999999999],[101.06,11.799999999999999],[101.06,11.719999999999999]]],[[[101.14,11.719999999999999],[101.22,11.719999999999999],[101.22,11.799999999999999],[101.14,11.799999999999999],[101.14,11.719999999999999]]],[[[100.66,11.8],[100.74,11.8],[100.74,11.88],[100.66,11.88],[100.66,11.8]]],[[[100.74,11.8],[100.82,11.8],[100.82,11.88],[100.74,11.88],[100.74,11.8]]],[[[100.82,11.8],[100.89999999999999,11.8],[100.89999999999999,11.88],[100.82,11.88],[100.82,11.8]]],[[[100.9,11.8],[100.98,11.8],[100.98,11.88],[100.9,11.88],[100.9,11.8]]],[[[100.98,11.8],[101.06,11.8],[101.06,11.88],[100.98,11.88],[100.98,11.8]]],[[[101.06,11.8],[101.14,11.8],[101.14,11.88],[101.06,11.88],[101.06,11.8]]],[[[101.14,11.8],[101.22,11.8],[101.22,11.88],[101.14,11.88],[101.14,11.8]]],[[[100.66,11.879999999999999],[100.74,11.879999999999999],[100.74,11.959999999999999],[100.66,11.959999999999999],[100.66,11.879999999999999]]],[[[100.74,11.879999999999999],[100.82,11.879999999999999],[100.82,11.959999999999999],[100.74,11.959999999999999],[100.74,11.879999999999999]]],[[[100.82,11.879999999999999],[100.89999999999999,11.879999999999999],[100.89999999999999,11.959999999999999],[100.82,11.959999999999999],[100.82,11.879999999999999]]],[[[100.9,11.879999999999999],[100.98,11.879999999999999],[100.98,11.959999999999999],[100.9,11.959999999999999],[100.9,11.879999999999999]]],[[[100.98,11.879999999999999],[101.06,11.879999999999999],[101.06,11.959999999999999],[100.98,11.959999999999999],[100.98,11.879999999999999]]],[[[101.06,11.879999999999999],[101.14,11.879999999999999],[101.14,11.959999999999999],[101.06,11.959999999999999],[101.06,11.879999999999999]]],[[[101.14,11.879999999999999],[101.22,11.879999999999999],[101.22,11.959999999999999],[101.14,11.959999999999999],[101.14,11.879999999999999]]],[[[100.58,11.96],[100.66,11.96],[100.66,12.040000000000001],[100.58,12.040000000000001],[100.58,11.96]]],[[[100.66,11.96],[100.74,11.96],[100.74,12.040000000000001],[100.66,12.040000000000001],[100.66,11.96]]],[[[100.74,11.96],[100.82,11.96],[100.82,12.040000000000001],[100.74,12.040000000000001],[100.74,11.96]]],[[[100.82,11.96],[100.89999999999999,11.96],[100.89999999999999,12.040000000000001],[100.82,12.040000000000001],[100.82,11.96]]],[[[100.9,11.96],[100.98,11.96],[100.98,12.040000000000001],[100.9,12.040000000000001],[100.9,11.96]]],[[[100.98,11.96],[101.06,11.96],[101.06,12.040000000000001],[100.98,12.040000000000001],[100.98,11.96]]],[[[101.06,11.96],[101.14,11.96],[101.14,12.040000000000001],[101.06,12.040000000000001],[101.06,11.96]]],[[[101.14,11.96],[101.22,11.96],[101.22,12.040000000000001],[101.14,12.040000000000001],[101.14,11.96]]],[[[100.58,12.04],[100.66,12.04],[100.66,12.12],[100.58,12.12],[100.58,12.04]]],[[[100.66,12.04],[100.74,12.04],[100.74,12.12],[100.66,12.12],[100.66,12.04]]],[[[100.74,12.04],[100.82,12.04],[100.82,12.12],[100.74,12.12],[100.74,12.04]]],[[[100.82,12.04],[100.89999999999999,12.04],[100.89999999999999,12.12],[100.82,12.12],[100.82,12.04]]],[[[100.9,12.04],[100.98,12.04],[100.98,12.12],[100.9,12.12],[100.9,12.04]]],[[[100.98,12.04],[101.06,12.04],[101.06,12.12],[100.98,12.12],[100.98,12.04]]],[[[101.06,12.04],[101.14,12.04],[101.14,12.12],[101.06,12.12],[101.06,12.04]]],[[[101.14,12.04],[101.22,12.04],[101.22,12.12],[101.14,12.12],[101.14,12.04]]],[[[100.58,12.120000000000001],[100.66,12.120000000000001],[100.66,12.200000000000001],[100.58,12.200000000000001],[100.58,12.120000000000001]]],[[[100.66,12.120000000000001],[100.74,12.120000000000001],[100.74,12.200000000000001],[100.66,12.200000000000001],[100.66,12.120000000000001]]],[[[100.74,12.120000000000001],[100.82,12.120000000000001],[100.82,12.200000000000001],[100.74,12.200000000000001],[100.74,12.120000000000001]]],[[[100.82,12.120000000000001],[100.89999999999999,12.120000000000001],[100.89999999999999,12.200000000000001],[100.82,12.200000000000001],[100.82,12.120000000000001]]],[[[100.9,12.120000000000001],[100.98,12.120000000000001],[100.98,12.200000000000001],[100.9,12.200000000000001],[100.9,12.120000000000001]]],[[[100.98,12.120000000000001],[101.06,12.120000000000001],[101.06,12.200000000000001],[100.98,12.200000000000001],[100.98,12.120000000000001]]],[[[101.06,12.120000000000001],[101.14,12.120000000000001],[101.14,12.200000000000001],[101.06,12.200000000000001],[101.06,12.120000000000001]]],[[[101.14,12.120000000000001],[101.22,12.120000000000001],[101.22,12.200000000000001],[101.14,12.200000000000001],[101.14,12.120000000000001]]],[[[100.5,12.2],[100.58,12.2],[100.58,12.28],[100.5,12.28],[100.5,12.2]]],[[[100.58,12.2],[100.66,12.2],[100.66,12.28],[100.58,12.28],[100.58,12.2]]],[[[100.66,12.2],[100.74,12.2],[100.74,12.28],[100.66,12.28],[100.66,12.2]]],[[[100.74,12.2],[100.82,12.2],[100.82,12.28],[100.74,12.28],[100.74,12.2]]],[[[100.82,12.2],[100.89999999999999,12.2],[100.89999999999999,12.28],[100.82,12.28],[100.82,12.2]]],[[[100.9,12.2],[100.98,12.2],[100.98,12.28],[100.9,12.28],[100.9,12.2]]],[[[100.98,12.2],[101.06,12.2],[101.06,12.28],[100.98,12.28],[100.98,12.2]]],[[[101.06,12.2],[101.14,12.2],[101.14,12.28],[101.06,12.28],[101.06,12.2]]],[[[101.14,12.2],[101.22,12.2],[101.22,12.28],[101.14,12.28],[101.14,12.2]]],[[[100.5,12.280000000000001],[100.58,12.280000000000001],[100.58,12.360000000000001],[100.5,12.360000000000001],[100.5,12.280000000000001]]],[[[100.58,12.280000000000001],[100.66,12.280000000000001],[100.66,12.360000000000001],[100.58,12.360000000000001],[100.58,12.280000000000001]]],[[[100.66,12.280000000000001],[100.74,12.280000000000001],[100.74,12.360000000000001],[100.66,12.360000000000001],[100.66,12.280000000000001]]],[[[100.74,12.280000000000001],[100.82,12.280000000000001],[100.82,12.360000000000001],[100.74,12.360000000000001],[100.74,12.280000000000001]]],[[[100.82,12.280000000000001],[100.89999999999999,12.280000000000001],[100.89999999999999,12.360000000000001],[100.82,12.360000000000001],[100.82,12.280000000000001]]],[[[100.9,12.280000000000001],[100.98,12.280000000000001],[100.98,12.360000000000001],[100.9,12.360000000000001],[100.9,12.280000000000001]]],[[[100.98,12.280000000000001],[101.06,12.280000000000001],[101.06,12.360000000000001],[100.98,12.360000000000001],[100.98,12.280000000000001]]],[[[101.06,12.280000000000001],[101.14,12.280000000000001],[101.14,12.360000000000001],[101.06,12.360000000000001],[101.06,12.280000000000001]]],[[[101.14,12.280000000000001],[101.22,12.280000000000001],[101.22,12.360000000000001],[101.14,12.360000000000001],[101.14,12.280000000000001]]],[[[100.42,12.36],[100.5,12.36],[100.5,12.44],[100.42,12.44],[100.42,12.36]]],[[[100.5,12.36],[100.58,12.36],[100.58,12.44],[100.5,12.44],[100.5,12.36]]],[[[100.58,12.36],[100.66,12.36],[100.66,12.44],[100.58,12.44],[100.58,12.36]]],[[[100.66,12.36],[100.74,12.36],[100.74,12.44],[100.66,12.44],[100.66,12.36]]],[[[100.74,12.36],[100.82,12.36],[100.82,12.44],[100.74,12.44],[100.74,12.36]]],[[[100.82,12.36],[100.89999999999999,12.36],[100.89999999999999,12.44],[100.82,12.44],[100.82,12.36]]],[[[100.9,12.36],[100.98,12.36],[100.98,12.44],[100.9,12.44],[100.9,12.36]]],[[[100.98,12.36],[101.06,12.36],[101.06,12.44],[100.98,12.44],[100.98,12.36]]],[[[101.06,12.36],[101.14,12.36],[101.14,12.44],[101.06,12.44],[101.06,12.36]]],[[[101.14,12.36],[101.22,12.36],[101.22,12.44],[101.14,12.44],[101.14,12.36]]],[[[100.42,12.440000000000001],[100.5,12.440000000000001],[100.5,12.520000000000001],[100.42,12.520000000000001],[100.42,12.440000000000001]]],[[[100.5,12.440000000000001],[100.58,12.440000000000001],[100.58,12.520000000000001],[100.5,12.520000000000001],[100.5,12.440000000000001]]],[[[100.58,12.440000000000001],[100.66,12.440000000000001],[100.66,12.520000000000001],[100.58,12.520000000000001],[100.58,12.440000000000001]]],[[[100.66,12.440000000000001],[100.74,12.440000000000001],[100.74,12.520000000000001],[100.66,12.520000000000001],[100.66,12.440000000000001]]],[[[100.74,12.440000000000001],[100.82,12.440000000000001],[100.82,12.520000000000001],[100.74,12.520000000000001],[100.74,12.440000000000001]]],[[[100.82,12.440000000000001],[100.89999999999999,12.440000000000001],[100.89999999999999,12.520000000000001],[100.82,12.520000000000001],[100.82,12.440000000000001]]],[[[100.9,12.440000000000001],[100.98,12.440000000000001],[100.98,12.520000000000001],[100.9,12.520000000000001],[100.9,12.440000000000001]]],[[[100.98,12.440000000000001],[101.06,12.440000000000001],[101.06,12.520000000000001],[100.98,12.520000000000001],[100.98,12.440000000000001]]],[[[101.06,12.440000000000001],[101.14,12.440000000000001],[101.14,12.520000000000001],[101.06,12.520000000000001],[101.06,12.440000000000001]]],[[[100.34,12.52],[100.42,12.52],[100.42,12.6],[100.34,12.6],[100.34,12.52]]],[[[100.42,12.52],[100.5,12.52],[100.5,12.6],[100.42,12.6],[100.42,12.52]]],[[[100.5,12.52],[100.58,12.52],[100.58,12.6],[100.5,12.6],[100.5,12.52]]],[[[100.58,12.52],[100.66,12.52],[100.66,12.6],[100.58,12.6],[100.58,12.52]]],[[[100.66,12.52],[100.74,12.52],[100.74,12.6],[100.66,12.6],[100.66,12.52]]],[[[100.74,12.52],[100.82,12.52],[100.82,12.6],[100.74,12.6],[100.74,12.52]]],[[[100.82,12.52],[100.89999999999999,12.52],[100.89999999999999,12.6],[100.82,12.6],[100.82,12.52]]],[[[100.9,12.52],[100.98,12.52],[100.98,12.6],[100.9,12.6],[100.9,12.52]]],[[[100.98,12.52],[101.06,12.52],[101.06,12.6],[100.98,12.6],[100.98,12.52]]],[[[100.34,12.600000000000001],[100.42,12.600000000000001],[100.42,12.680000000000001],[100.34,12.680000000000001],[100.34,12.600000000000001]]],[[[100.42,12.600000000000001],[100.5,12.600000000000001],[100.5,12.680000000000001],[100.42,12.680000000000001],[100.42,12.600000000000001]]],[[[100.5,12.600000000000001],[100.58,12.600000000000001],[100.58,12.680000000000001],[100.5,12.680000000000001],[100.5,12.600000000000001]]],[[[100.58,12.600000000000001],[100.66,12.600000000000001],[100.66,12.680000000000001],[100.58,12.680000000000001],[100.58,12.600000000000001]]],[[[100.66,12.600000000000001],[100.74,12.600000000000001],[100.74,12.680000000000001],[100.66,12.680000000000001],[100.66,12.600000000000001]]],[[[100.74,12.600000000000001],[100.82,12.600000000000001],[100.82,12.680000000000001],[100.74,12.680000000000001],[100.74,12.600000000000001]]],[[[100.82,12.600000000000001],[100.89999999999999,12.600000000000001],[100.89999999999999,12.680000000000001],[100.82,12.680000000000001],[100.82,12.600000000000001]]],[[[100.34,12.68],[100.42,12.68],[100.42,12.76],[100.34,12.76],[100.34,12.68]]],[[[100.42,12.68],[100.5,12.68],[100.5,12.76],[100.42,12.76],[100.42,12.68]]],[[[100.5,12.68],[100.58,12.68],[100.58,12.76],[100.5,12.76],[100.5,12.68]]],[[[100.58,12.68],[100.66,12.68],[100.66,12.76],[100.58,12.76],[100.58,12.68]]],[[[100.66,12.68],[100.74,12.68],[100.74,12.76],[100.66,12.76],[100.66,12.68]]],[[[100.74,12.68],[100.82,12.68],[100.82,12.76],[100.74,12.76],[100.74,12.68]]],[[[100.34,12.76],[100.42,12.76],[100.42,12.84],[100.34,12.84],[100.34,12.76]]],[[[100.42,12.76],[100.5,12.76],[100.5,12.84],[100.42,12.84],[100.42,12.76]]],[[[100.5,12.76],[100.58,12.76],[100.58,12.84],[100.5,12.84],[100.5,12.76]]],[[[100.58,12.76],[100.66,12.76],[100.66,12.84],[100.58,12.84],[100.58,12.76]]],[[[100.74,12.76],[100.82,12.76],[100.82,12.84],[100.74,12.84],[100.74,12.76]]],[[[100.82,12.76],[100.89999999999999,12.76],[100.89999999999999,12.84],[100.82,12.84],[100.82,12.76]]],[[[100.34,12.84],[100.42,12.84],[100.42,12.92],[100.34,12.92],[100.34,12.84]]],[[[100.42,12.84],[100.5,12.84],[100.5,12.92],[100.42,12.92],[100.42,12.84]]],[[[100.5,12.84],[100.58,12.84],[100.58,12.92],[100.5,12.92],[100.5,12.84]]],[[[100.58,12.84],[100.66,12.84],[100.66,12.92],[100.58,12.92],[100.58,12.84]]],[[[100.66,12.84],[100.74,12.84],[100.74,12.92],[100.66,12.92],[100.66,12.84]]],[[[100.74,12.84],[100.82,12.84],[100.82,12.92],[100.74,12.92],[100.74,12.84]]],[[[100.82,12.84],[100.89999999999999,12.84],[100.89999999999999,12.92],[100.82,12.92],[100.82,12.84]]],[[[100.34,12.92],[100.42,12.92],[100.42,13],[100.34,13],[100.34,12.92]]],[[[100.42,12.92],[100.5,12.92],[100.5,13],[100.42,13],[100.42,12.92]]],[[[100.5,12.92],[100.58,12.92],[100.58,13],[100.5,13],[100.5,12.92]]],[[[100.58,12.92],[100.66,12.92],[100.66,13],[100.58,13],[100.58,12.92]]],[[[100.66,12.92],[100.74,12.92],[100.74,13],[100.66,13],[100.66,12.92]]],[[[100.74,12.92],[100.82,12.92],[100.82,13],[100.74,13],[100.74,12.92]]],[[[100.82,12.92],[100.89999999999999,12.92],[100.89999999999999,13],[100.82,13],[100.82,12.92]]],[[[100.42,13],[100.5,13],[100.5,13.08],[100.42,13.08],[100.42,13]]],[[[100.5,13],[100.58,13],[100.58,13.08],[100.5,13.08],[100.5,13]]],[[[100.58,13],[100.66,13],[100.66,13.08],[100.58,13.08],[100.58,13]]],[[[100.66,13],[100.74,13],[100.74,13.08],[100.66,13.08],[100.66,13]]],[[[100.74,13],[100.82,13],[100.82,13.08],[100.74,13.08],[100.74,13]]],[[[100.82,13],[100.89999999999999,13],[100.89999999999999,13.08],[100.82,13.08],[100.82,13]]],[[[100.42,13.08],[100.5,13.08],[100.5,13.16],[100.42,13.16],[100.42,13.08]]],[[[100.5,13.08],[100.58,13.08],[100.58,13.16],[100.5,13.16],[100.5,13.08]]],[[[100.58,13.08],[100.66,13.08],[100.66,13.16],[100.58,13.16],[100.58,13.08]]],[[[100.66,13.08],[100.74,13.08],[100.74,13.16],[100.66,13.16],[100.66,13.08]]],[[[100.74,13.08],[100.82,13.08],[100.82,13.16],[100.74,13.16],[100.74,13.08]]],[[[100.82,13.08],[100.89999999999999,13.08],[100.89999999999999,13.16],[100.82,13.16],[100.82,13.08]]],[[[100.5,13.16],[100.58,13.16],[100.58,13.24],[100.5,13.24],[100.5,13.16]]],[[[100.58,13.16],[100.66,13.16],[100.66,13.24],[100.58,13.24],[100.58,13.16]]],[[[100.66,13.16],[100.74,13.16],[100.74,13.24],[100.66,13.24],[100.66,13.16]]],[[[100.74,13.16],[100.82,13.16],[100.82,13.24],[100.74,13.24],[100.74,13.16]]],[[[100.82,13.16],[100.89999999999999,13.16],[100.89999999999999,13.24],[100.82,13.24],[100.82,13.16]]],[[[100.58,13.24],[100.66,13.24],[100.66,13.32],[100.58,13.32],[100.58,13.24]]],[[[100.66,13.24],[100.74,13.24],[100.74,13.32],[100.66,13.32],[100.66,13.24]]],[[[100.74,13.24],[100.82,13.24],[100.82,13.32],[100.74,13.32],[100.74,13.24]]],[[[100.82,13.24],[100.89999999999999,13.24],[100.89999999999999,13.32],[100.82,13.32],[100.82,13.24]]],[[[101.62,13.24],[101.7,13.24],[101.7,13.32],[101.62,13.32],[101.62,13.24]]],[[[101.7,13.24],[101.78,13.24],[101.78,13.32],[101.7,13.32],[101.7,13.24]]],[[[100.74,13.32],[100.82,13.32],[100.82,13.4],[100.74,13.4],[100.74,13.32]]],[[[100.82,13.32],[100.89999999999999,13.32],[100.89999999999999,13.4],[100.82,13.4],[100.82,13.32]]],[[[100.9,13.32],[100.98,13.32],[100.98,13.4],[100.9,13.4],[100.9,13.32]]],[[[101.54,13.32],[101.62,13.32],[101.62,13.4],[101.54,13.4],[101.54,13.32]]],[[[101.62,13.32],[101.7,13.32],[101.7,13.4],[101.62,13.4],[101.62,13.32]]],[[[101.7,13.32],[101.78,13.32],[101.78,13.4],[101.7,13.4],[101.7,13.32]]],[[[100.9,13.4],[100.98,13.4],[100.98,13.48],[100.9,13.48],[100.9,13.4]]],[[[101.46,13.4],[101.53999999999999,13.4],[101.53999999999999,13.48],[101.46,13.48],[101.46,13.4]]],[[[101.54,13.4],[101.62,13.4],[101.62,13.48],[101.54,13.48],[101.54,13.4]]],[[[101.62,13.4],[101.7,13.4],[101.7,13.48],[101.62,13.48],[101.62,13.4]]],[[[101.7,13.4],[101.78,13.4],[101.78,13.48],[101.7,13.48],[101.7,13.4]]],[[[100.98,13.48],[101.06,13.48],[101.06,13.56],[100.98,13.56],[100.98,13.48]]],[[[101.3,13.48],[101.38,13.48],[101.38,13.56],[101.3,13.56],[101.3,13.48]]],[[[101.38,13.48],[101.46,13.48],[101.46,13.56],[101.38,13.56],[101.38,13.48]]],[[[101.46,13.48],[101.53999999999999,13.48],[101.53999999999999,13.56],[101.46,13.56],[101.46,13.48]]],[[[101.54,13.48],[101.62,13.48],[101.62,13.56],[101.54,13.56],[101.54,13.48]]],[[[101.62,13.48],[101.7,13.48],[101.7,13.56],[101.62,13.56],[101.62,13.48]]],[[[101.7,13.48],[101.78,13.48],[101.78,13.56],[101.7,13.56],[101.7,13.48]]],[[[100.98,13.56],[101.06,13.56],[101.06,13.64],[100.98,13.64],[100.98,13.56]]],[[[101.06,13.56],[101.14,13.56],[101.14,13.64],[101.06,13.64],[101.06,13.56]]],[[[101.14,13.56],[101.22,13.56],[101.22,13.64],[101.14,13.64],[101.14,13.56]]],[[[101.22,13.56],[101.3,13.56],[101.3,13.64],[101.22,13.64],[101.22,13.56]]],[[[101.3,13.56],[101.38,13.56],[101.38,13.64],[101.3,13.64],[101.3,13.56]]],[[[101.38,13.56],[101.46,13.56],[101.46,13.64],[101.38,13.64],[101.38,13.56]]],[[[101.46,13.56],[101.53999999999999,13.56],[101.53999999999999,13.64],[101.46,13.64],[101.46,13.56]]],[[[101.54,13.56],[101.62,13.56],[101.62,13.64],[101.54,13.64],[101.54,13.56]]],[[[101.62,13.56],[101.7,13.56],[101.7,13.64],[101.62,13.64],[101.62,13.56]]],[[[101.7,13.56],[101.78,13.56],[101.78,13.64],[101.7,13.64],[101.7,13.56]]],[[[101.06,13.64],[101.14,13.64],[101.14,13.72],[101.06,13.72],[101.06,13.64]]],[[[101.14,13.64],[101.22,13.64],[101.22,13.72],[101.14,13.72],[101.14,13.64]]],[[[101.22,13.64],[101.3,13.64],[101.3,13.72],[101.22,13.72],[101.22,13.64]]],[[[101.3,13.64],[101.38,13.64],[101.38,13.72],[101.3,13.72],[101.3,13.64]]],[[[101.38,13.64],[101.46,13.64],[101.46,13.72],[101.38,13.72],[101.38,13.64]]],[[[101.46,13.64],[101.53999999999999,13.64],[101.53999999999999,13.72],[101.46,13.72],[101.46,13.64]]],[[[101.54,13.64],[101.62,13.64],[101.62,13.72],[101.54,13.72],[101.54,13.64]]],[[[101.62,13.64],[101.7,13.64],[101.7,13.72],[101.62,13.72],[101.62,13.64]]],[[[101.7,13.64],[101.78,13.64],[101.78,13.72],[101.7,13.72],[101.7,13.64]]],[[[101.14,13.72],[101.22,13.72],[101.22,13.8],[101.14,13.8],[101.14,13.72]]],[[[101.22,13.72],[101.3,13.72],[101.3,13.8],[101.22,13.8],[101.22,13.72]]],[[[101.3,13.72],[101.38,13.72],[101.38,13.8],[101.3,13.8],[101.3,13.72]]],[[[101.38,13.72],[101.46,13.72],[101.46,13.8],[101.38,13.8],[101.38,13.72]]],[[[101.46,13.72],[101.53999999999999,13.72],[101.53999999999999,13.8],[101.46,13.8],[101.46,13.72]]],[[[101.54,13.72],[101.62,13.72],[101.62,13.8],[101.54,13.8],[101.54,13.72]]],[[[101.62,13.72],[101.7,13.72],[101.7,13.8],[101.62,13.8],[101.62,13.72]]],[[[101.7,13.72],[101.78,13.72],[101.78,13.8],[101.7,13.8],[101.7,13.72]]],[[[101.78,13.72],[101.86,13.72],[101.86,13.8],[101.78,13.8],[101.78,13.72]]],[[[101.14,13.8],[101.22,13.8],[101.22,13.88],[101.14,13.88],[101.14,13.8]]],[[[101.22,13.8],[101.3,13.8],[101.3,13.88],[101.22,13.88],[101.22,13.8]]],[[[101.3,13.8],[101.38,13.8],[101.38,13.88],[101.3,13.88],[101.3,13.8]]],[[[101.38,13.8],[101.46,13.8],[101.46,13.88],[101.38,13.88],[101.38,13.8]]],[[[101.46,13.8],[101.53999999999999,13.8],[101.53999999999999,13.88],[101.46,13.88],[101.46,13.8]]],[[[101.54,13.8],[101.62,13.8],[101.62,13.88],[101.54,13.88],[101.54,13.8]]],[[[101.62,13.8],[101.7,13.8],[101.7,13.88],[101.62,13.88],[101.62,13.8]]],[[[101.7,13.8],[101.78,13.8],[101.78,13.88],[101.7,13.88],[101.7,13.8]]],[[[101.78,13.8],[101.86,13.8],[101.86,13.88],[101.78,13.88],[101.78,13.8]]],[[[101.22,13.88],[101.3,13.88],[101.3,13.96],[101.22,13.96],[101.22,13.88]]],[[[101.3,13.88],[101.38,13.88],[101.38,13.96],[101.3,13.96],[101.3,13.88]]],[[[101.38,13.88],[101.46,13.88],[101.46,13.96],[101.38,13.96],[101.38,13.88]]],[[[101.46,13.88],[101.53999999999999,13.88],[101.53999999999999,13.96],[101.46,13.96],[101.46,13.88]]],[[[101.54,13.88],[101.62,13.88],[101.62,13.96],[101.54,13.96],[101.54,13.88]]],[[[101.62,13.88],[101.7,13.88],[101.7,13.96],[101.62,13.96],[101.62,13.88]]],[[[101.7,13.88],[101.78,13.88],[101.78,13.96],[101.7,13.96],[101.7,13.88]]],[[[101.78,13.88],[101.86,13.88],[101.86,13.96],[101.78,13.96],[101.78,13.88]]],[[[101.38,13.96],[101.46,13.96],[101.46,14.040000000000001],[101.38,14.040000000000001],[101.38,13.96]]],[[[101.46,13.96],[101.53999999999999,13.96],[101.53999999999999,14.040000000000001],[101.46,14.040000000000001],[101.46,13.96]]],[[[101.54,13.96],[101.62,13.96],[101.62,14.040000000000001],[101.54,14.040000000000001],[101.54,13.96]]],[[[101.62,13.96],[101.7,13.96],[101.7,14.040000000000001],[101.62,14.040000000000001],[101.62,13.96]]],[[[101.7,13.96],[101.78,13.96],[101.78,14.040000000000001],[101.7,14.040000000000001],[101.7,13.96]]],[[[101.78,13.96],[101.86,13.96],[101.86,14.040000000000001],[101.78,14.040000000000001],[101.78,13.96]]]]}},{"type":"Feature","properties":{"region_id":"TH-86","region_iso":"TH-86","region_shape_id":"36821470B15538290209832","region_name":"Chumphon","region_name_local":"Chumphon","adm_level":"ADM1","zone_hint":"GOT","geometry_kind":"derived_marine_admin_polygon","derivation":"nearest_coastal_province_on_regular_sea_grid","cell_count":181,"cell_size_deg":0.08},"geometry":{"type":"MultiPolygon","coordinates":[[[[99.14,9.719999999999999],[99.22,9.719999999999999],[99.22,9.799999999999999],[99.14,9.799999999999999],[99.14,9.719999999999999]]],[[[99.22,9.719999999999999],[99.3,9.719999999999999],[99.3,9.799999999999999],[99.22,9.799999999999999],[99.22,9.719999999999999]]],[[[99.3,9.719999999999999],[99.38,9.719999999999999],[99.38,9.799999999999999],[99.3,9.799999999999999],[99.3,9.719999999999999]]],[[[99.14,9.8],[99.22,9.8],[99.22,9.88],[99.14,9.88],[99.14,9.8]]],[[[99.22,9.8],[99.3,9.8],[99.3,9.88],[99.22,9.88],[99.22,9.8]]],[[[99.3,9.8],[99.38,9.8],[99.38,9.88],[99.3,9.88],[99.3,9.8]]],[[[99.38,9.8],[99.46,9.8],[99.46,9.88],[99.38,9.88],[99.38,9.8]]],[[[99.46,9.8],[99.53999999999999,9.8],[99.53999999999999,9.88],[99.46,9.88],[99.46,9.8]]],[[[99.14,9.879999999999999],[99.22,9.879999999999999],[99.22,9.959999999999999],[99.14,9.959999999999999],[99.14,9.879999999999999]]],[[[99.22,9.879999999999999],[99.3,9.879999999999999],[99.3,9.959999999999999],[99.22,9.959999999999999],[99.22,9.879999999999999]]],[[[99.3,9.879999999999999],[99.38,9.879999999999999],[99.38,9.959999999999999],[99.3,9.959999999999999],[99.3,9.879999999999999]]],[[[99.38,9.879999999999999],[99.46,9.879999999999999],[99.46,9.959999999999999],[99.38,9.959999999999999],[99.38,9.879999999999999]]],[[[99.46,9.879999999999999],[99.53999999999999,9.879999999999999],[99.53999999999999,9.959999999999999],[99.46,9.959999999999999],[99.46,9.879999999999999]]],[[[99.14,9.96],[99.22,9.96],[99.22,10.040000000000001],[99.14,10.040000000000001],[99.14,9.96]]],[[[99.22,9.96],[99.3,9.96],[99.3,10.040000000000001],[99.22,10.040000000000001],[99.22,9.96]]],[[[99.3,9.96],[99.38,9.96],[99.38,10.040000000000001],[99.3,10.040000000000001],[99.3,9.96]]],[[[99.38,9.96],[99.46,9.96],[99.46,10.040000000000001],[99.38,10.040000000000001],[99.38,9.96]]],[[[99.46,9.96],[99.53999999999999,9.96],[99.53999999999999,10.040000000000001],[99.46,10.040000000000001],[99.46,9.96]]],[[[99.14,10.04],[99.22,10.04],[99.22,10.12],[99.14,10.12],[99.14,10.04]]],[[[99.22,10.04],[99.3,10.04],[99.3,10.12],[99.22,10.12],[99.22,10.04]]],[[[99.3,10.04],[99.38,10.04],[99.38,10.12],[99.3,10.12],[99.3,10.04]]],[[[99.38,10.04],[99.46,10.04],[99.46,10.12],[99.38,10.12],[99.38,10.04]]],[[[99.46,10.04],[99.53999999999999,10.04],[99.53999999999999,10.12],[99.46,10.12],[99.46,10.04]]],[[[99.14,10.120000000000001],[99.22,10.120000000000001],[99.22,10.200000000000001],[99.14,10.200000000000001],[99.14,10.120000000000001]]],[[[99.22,10.120000000000001],[99.3,10.120000000000001],[99.3,10.200000000000001],[99.22,10.200000000000001],[99.22,10.120000000000001]]],[[[99.3,10.120000000000001],[99.38,10.120000000000001],[99.38,10.200000000000001],[99.3,10.200000000000001],[99.3,10.120000000000001]]],[[[99.38,10.120000000000001],[99.46,10.120000000000001],[99.46,10.200000000000001],[99.38,10.200000000000001],[99.38,10.120000000000001]]],[[[99.46,10.120000000000001],[99.53999999999999,10.120000000000001],[99.53999999999999,10.200000000000001],[99.46,10.200000000000001],[99.46,10.120000000000001]]],[[[99.22,10.2],[99.3,10.2],[99.3,10.28],[99.22,10.28],[99.22,10.2]]],[[[99.3,10.2],[99.38,10.2],[99.38,10.28],[99.3,10.28],[99.3,10.2]]],[[[99.38,10.2],[99.46,10.2],[99.46,10.28],[99.38,10.28],[99.38,10.2]]],[[[99.46,10.2],[99.53999999999999,10.2],[99.53999999999999,10.28],[99.46,10.28],[99.46,10.2]]],[[[99.14,10.280000000000001],[99.22,10.280000000000001],[99.22,10.360000000000001],[99.14,10.360000000000001],[99.14,10.280000000000001]]],[[[99.22,10.280000000000001],[99.3,10.280000000000001],[99.3,10.360000000000001],[99.22,10.360000000000001],[99.22,10.280000000000001]]],[[[99.3,10.280000000000001],[99.38,10.280000000000001],[99.38,10.360000000000001],[99.3,10.360000000000001],[99.3,10.280000000000001]]],[[[99.38,10.280000000000001],[99.46,10.280000000000001],[99.46,10.360000000000001],[99.38,10.360000000000001],[99.38,10.280000000000001]]],[[[99.46,10.280000000000001],[99.53999999999999,10.280000000000001],[99.53999999999999,10.360000000000001],[99.46,10.360000000000001],[99.46,10.280000000000001]]],[[[99.54,10.280000000000001],[99.62,10.280000000000001],[99.62,10.360000000000001],[99.54,10.360000000000001],[99.54,10.280000000000001]]],[[[99.3,10.36],[99.38,10.36],[99.38,10.44],[99.3,10.44],[99.3,10.36]]],[[[99.38,10.36],[99.46,10.36],[99.46,10.44],[99.38,10.44],[99.38,10.36]]],[[[99.46,10.36],[99.53999999999999,10.36],[99.53999999999999,10.44],[99.46,10.44],[99.46,10.36]]],[[[99.54,10.36],[99.62,10.36],[99.62,10.44],[99.54,10.44],[99.54,10.36]]],[[[99.62,10.36],[99.7,10.36],[99.7,10.44],[99.62,10.44],[99.62,10.36]]],[[[99.22,10.440000000000001],[99.3,10.440000000000001],[99.3,10.520000000000001],[99.22,10.520000000000001],[99.22,10.440000000000001]]],[[[99.3,10.440000000000001],[99.38,10.440000000000001],[99.38,10.520000000000001],[99.3,10.520000000000001],[99.3,10.440000000000001]]],[[[99.38,10.440000000000001],[99.46,10.440000000000001],[99.46,10.520000000000001],[99.38,10.520000000000001],[99.38,10.440000000000001]]],[[[99.46,10.440000000000001],[99.53999999999999,10.440000000000001],[99.53999999999999,10.520000000000001],[99.46,10.520000000000001],[99.46,10.440000000000001]]],[[[99.54,10.440000000000001],[99.62,10.440000000000001],[99.62,10.520000000000001],[99.54,10.520000000000001],[99.54,10.440000000000001]]],[[[99.62,10.440000000000001],[99.7,10.440000000000001],[99.7,10.520000000000001],[99.62,10.520000000000001],[99.62,10.440000000000001]]],[[[99.7,10.440000000000001],[99.78,10.440000000000001],[99.78,10.520000000000001],[99.7,10.520000000000001],[99.7,10.440000000000001]]],[[[99.3,10.52],[99.38,10.52],[99.38,10.6],[99.3,10.6],[99.3,10.52]]],[[[99.38,10.52],[99.46,10.52],[99.46,10.6],[99.38,10.6],[99.38,10.52]]],[[[99.46,10.52],[99.53999999999999,10.52],[99.53999999999999,10.6],[99.46,10.6],[99.46,10.52]]],[[[99.54,10.52],[99.62,10.52],[99.62,10.6],[99.54,10.6],[99.54,10.52]]],[[[99.62,10.52],[99.7,10.52],[99.7,10.6],[99.62,10.6],[99.62,10.52]]],[[[99.7,10.52],[99.78,10.52],[99.78,10.6],[99.7,10.6],[99.7,10.52]]],[[[99.78,10.52],[99.86,10.52],[99.86,10.6],[99.78,10.6],[99.78,10.52]]],[[[99.3,10.600000000000001],[99.38,10.600000000000001],[99.38,10.680000000000001],[99.3,10.680000000000001],[99.3,10.600000000000001]]],[[[99.38,10.600000000000001],[99.46,10.600000000000001],[99.46,10.680000000000001],[99.38,10.680000000000001],[99.38,10.600000000000001]]],[[[99.46,10.600000000000001],[99.53999999999999,10.600000000000001],[99.53999999999999,10.680000000000001],[99.46,10.680000000000001],[99.46,10.600000000000001]]],[[[99.54,10.600000000000001],[99.62,10.600000000000001],[99.62,10.680000000000001],[99.54,10.680000000000001],[99.54,10.600000000000001]]],[[[99.62,10.600000000000001],[99.7,10.600000000000001],[99.7,10.680000000000001],[99.62,10.680000000000001],[99.62,10.600000000000001]]],[[[99.7,10.600000000000001],[99.78,10.600000000000001],[99.78,10.680000000000001],[99.7,10.680000000000001],[99.7,10.600000000000001]]],[[[99.78,10.600000000000001],[99.86,10.600000000000001],[99.86,10.680000000000001],[99.78,10.680000000000001],[99.78,10.600000000000001]]],[[[99.86,10.600000000000001],[99.94,10.600000000000001],[99.94,10.680000000000001],[99.86,10.680000000000001],[99.86,10.600000000000001]]],[[[99.94,10.600000000000001],[100.02,10.600000000000001],[100.02,10.680000000000001],[99.94,10.680000000000001],[99.94,10.600000000000001]]],[[[99.38,10.68],[99.46,10.68],[99.46,10.76],[99.38,10.76],[99.38,10.68]]],[[[99.46,10.68],[99.53999999999999,10.68],[99.53999999999999,10.76],[99.46,10.76],[99.46,10.68]]],[[[99.54,10.68],[99.62,10.68],[99.62,10.76],[99.54,10.76],[99.54,10.68]]],[[[99.62,10.68],[99.7,10.68],[99.7,10.76],[99.62,10.76],[99.62,10.68]]],[[[99.7,10.68],[99.78,10.68],[99.78,10.76],[99.7,10.76],[99.7,10.68]]],[[[99.78,10.68],[99.86,10.68],[99.86,10.76],[99.78,10.76],[99.78,10.68]]],[[[99.86,10.68],[99.94,10.68],[99.94,10.76],[99.86,10.76],[99.86,10.68]]],[[[99.94,10.68],[100.02,10.68],[100.02,10.76],[99.94,10.76],[99.94,10.68]]],[[[100.02,10.68],[100.1,10.68],[100.1,10.76],[100.02,10.76],[100.02,10.68]]],[[[100.1,10.68],[100.17999999999999,10.68],[100.17999999999999,10.76],[100.1,10.76],[100.1,10.68]]],[[[99.46,10.76],[99.53999999999999,10.76],[99.53999999999999,10.84],[99.46,10.84],[99.46,10.76]]],[[[99.54,10.76],[99.62,10.76],[99.62,10.84],[99.54,10.84],[99.54,10.76]]],[[[99.62,10.76],[99.7,10.76],[99.7,10.84],[99.62,10.84],[99.62,10.76]]],[[[99.7,10.76],[99.78,10.76],[99.78,10.84],[99.7,10.84],[99.7,10.76]]],[[[99.78,10.76],[99.86,10.76],[99.86,10.84],[99.78,10.84],[99.78,10.76]]],[[[99.86,10.76],[99.94,10.76],[99.94,10.84],[99.86,10.84],[99.86,10.76]]],[[[99.94,10.76],[100.02,10.76],[100.02,10.84],[99.94,10.84],[99.94,10.76]]],[[[100.02,10.76],[100.1,10.76],[100.1,10.84],[100.02,10.84],[100.02,10.76]]],[[[100.1,10.76],[100.17999999999999,10.76],[100.17999999999999,10.84],[100.1,10.84],[100.1,10.76]]],[[[100.18,10.76],[100.26,10.76],[100.26,10.84],[100.18,10.84],[100.18,10.76]]],[[[98.82,10.84],[98.89999999999999,10.84],[98.89999999999999,10.92],[98.82,10.92],[98.82,10.84]]],[[[98.9,10.84],[98.98,10.84],[98.98,10.92],[98.9,10.92],[98.9,10.84]]],[[[99.54,10.84],[99.62,10.84],[99.62,10.92],[99.54,10.92],[99.54,10.84]]],[[[99.62,10.84],[99.7,10.84],[99.7,10.92],[99.62,10.92],[99.62,10.84]]],[[[99.7,10.84],[99.78,10.84],[99.78,10.92],[99.7,10.92],[99.7,10.84]]],[[[99.78,10.84],[99.86,10.84],[99.86,10.92],[99.78,10.92],[99.78,10.84]]],[[[99.86,10.84],[99.94,10.84],[99.94,10.92],[99.86,10.92],[99.86,10.84]]],[[[98.74,10.92],[98.82,10.92],[98.82,11],[98.74,11],[98.74,10.92]]],[[[98.82,10.92],[98.89999999999999,10.92],[98.89999999999999,11],[98.82,11],[98.82,10.92]]],[[[98.9,10.92],[98.98,10.92],[98.98,11],[98.9,11],[98.9,10.92]]],[[[99.46,10.92],[99.53999999999999,10.92],[99.53999999999999,11],[99.46,11],[99.46,10.92]]],[[[99.54,10.92],[99.62,10.92],[99.62,11],[99.54,11],[99.54,10.92]]],[[[98.66,11],[98.74,11],[98.74,11.08],[98.66,11.08],[98.66,11]]],[[[98.74,11],[98.82,11],[98.82,11.08],[98.74,11.08],[98.74,11]]],[[[98.82,11],[98.89999999999999,11],[98.89999999999999,11.08],[98.82,11.08],[98.82,11]]],[[[98.9,11],[98.98,11],[98.98,11.08],[98.9,11.08],[98.9,11]]],[[[98.98,11],[99.06,11],[99.06,11.08],[98.98,11.08],[98.98,11]]],[[[99.06,11],[99.14,11],[99.14,11.08],[99.06,11.08],[99.06,11]]],[[[98.58,11.08],[98.66,11.08],[98.66,11.16],[98.58,11.16],[98.58,11.08]]],[[[98.66,11.08],[98.74,11.08],[98.74,11.16],[98.66,11.16],[98.66,11.08]]],[[[98.74,11.08],[98.82,11.08],[98.82,11.16],[98.74,11.16],[98.74,11.08]]],[[[98.82,11.08],[98.89999999999999,11.08],[98.89999999999999,11.16],[98.82,11.16],[98.82,11.08]]],[[[98.9,11.08],[98.98,11.08],[98.98,11.16],[98.9,11.16],[98.9,11.08]]],[[[98.98,11.08],[99.06,11.08],[99.06,11.16],[98.98,11.16],[98.98,11.08]]],[[[98.5,11.16],[98.58,11.16],[98.58,11.24],[98.5,11.24],[98.5,11.16]]],[[[98.58,11.16],[98.66,11.16],[98.66,11.24],[98.58,11.24],[98.58,11.16]]],[[[98.66,11.16],[98.74,11.16],[98.74,11.24],[98.66,11.24],[98.66,11.16]]],[[[98.74,11.16],[98.82,11.16],[98.82,11.24],[98.74,11.24],[98.74,11.16]]],[[[98.82,11.16],[98.89999999999999,11.16],[98.89999999999999,11.24],[98.82,11.24],[98.82,11.16]]],[[[98.9,11.16],[98.98,11.16],[98.98,11.24],[98.9,11.24],[98.9,11.16]]],[[[98.42,11.24],[98.5,11.24],[98.5,11.32],[98.42,11.32],[98.42,11.24]]],[[[98.5,11.24],[98.58,11.24],[98.58,11.32],[98.5,11.32],[98.5,11.24]]],[[[98.58,11.24],[98.66,11.24],[98.66,11.32],[98.58,11.32],[98.58,11.24]]],[[[98.66,11.24],[98.74,11.24],[98.74,11.32],[98.66,11.32],[98.66,11.24]]],[[[98.74,11.24],[98.82,11.24],[98.82,11.32],[98.74,11.32],[98.74,11.24]]],[[[98.82,11.24],[98.89999999999999,11.24],[98.89999999999999,11.32],[98.82,11.32],[98.82,11.24]]],[[[98.34,11.32],[98.42,11.32],[98.42,11.4],[98.34,11.4],[98.34,11.32]]],[[[98.42,11.32],[98.5,11.32],[98.5,11.4],[98.42,11.4],[98.42,11.32]]],[[[98.5,11.32],[98.58,11.32],[98.58,11.4],[98.5,11.4],[98.5,11.32]]],[[[98.58,11.32],[98.66,11.32],[98.66,11.4],[98.58,11.4],[98.58,11.32]]],[[[98.66,11.32],[98.74,11.32],[98.74,11.4],[98.66,11.4],[98.66,11.32]]],[[[98.74,11.32],[98.82,11.32],[98.82,11.4],[98.74,11.4],[98.74,11.32]]],[[[98.82,11.32],[98.89999999999999,11.32],[98.89999999999999,11.4],[98.82,11.4],[98.82,11.32]]],[[[98.26,11.4],[98.34,11.4],[98.34,11.48],[98.26,11.48],[98.26,11.4]]],[[[98.34,11.4],[98.42,11.4],[98.42,11.48],[98.34,11.48],[98.34,11.4]]],[[[98.42,11.4],[98.5,11.4],[98.5,11.48],[98.42,11.48],[98.42,11.4]]],[[[98.5,11.4],[98.58,11.4],[98.58,11.48],[98.5,11.48],[98.5,11.4]]],[[[98.58,11.4],[98.66,11.4],[98.66,11.48],[98.58,11.48],[98.58,11.4]]],[[[98.66,11.4],[98.74,11.4],[98.74,11.48],[98.66,11.48],[98.66,11.4]]],[[[98.74,11.4],[98.82,11.4],[98.82,11.48],[98.74,11.48],[98.74,11.4]]],[[[98.18,11.48],[98.26,11.48],[98.26,11.56],[98.18,11.56],[98.18,11.48]]],[[[98.26,11.48],[98.34,11.48],[98.34,11.56],[98.26,11.56],[98.26,11.48]]],[[[98.34,11.48],[98.42,11.48],[98.42,11.56],[98.34,11.56],[98.34,11.48]]],[[[98.42,11.48],[98.5,11.48],[98.5,11.56],[98.42,11.56],[98.42,11.48]]],[[[98.5,11.48],[98.58,11.48],[98.58,11.56],[98.5,11.56],[98.5,11.48]]],[[[98.58,11.48],[98.66,11.48],[98.66,11.56],[98.58,11.56],[98.58,11.48]]],[[[98.66,11.48],[98.74,11.48],[98.74,11.56],[98.66,11.56],[98.66,11.48]]],[[[98.1,11.56],[98.17999999999999,11.56],[98.17999999999999,11.64],[98.1,11.64],[98.1,11.56]]],[[[98.18,11.56],[98.26,11.56],[98.26,11.64],[98.18,11.64],[98.18,11.56]]],[[[98.26,11.56],[98.34,11.56],[98.34,11.64],[98.26,11.64],[98.26,11.56]]],[[[98.34,11.56],[98.42,11.56],[98.42,11.64],[98.34,11.64],[98.34,11.56]]],[[[98.42,11.56],[98.5,11.56],[98.5,11.64],[98.42,11.64],[98.42,11.56]]],[[[98.5,11.56],[98.58,11.56],[98.58,11.64],[98.5,11.64],[98.5,11.56]]],[[[97.94,11.64],[98.02,11.64],[98.02,11.72],[97.94,11.72],[97.94,11.64]]],[[[98.02,11.64],[98.1,11.64],[98.1,11.72],[98.02,11.72],[98.02,11.64]]],[[[98.1,11.64],[98.17999999999999,11.64],[98.17999999999999,11.72],[98.1,11.72],[98.1,11.64]]],[[[98.18,11.64],[98.26,11.64],[98.26,11.72],[98.18,11.72],[98.18,11.64]]],[[[98.26,11.64],[98.34,11.64],[98.34,11.72],[98.26,11.72],[98.26,11.64]]],[[[98.34,11.64],[98.42,11.64],[98.42,11.72],[98.34,11.72],[98.34,11.64]]],[[[98.42,11.64],[98.5,11.64],[98.5,11.72],[98.42,11.72],[98.42,11.64]]],[[[97.86,11.719999999999999],[97.94,11.719999999999999],[97.94,11.799999999999999],[97.86,11.799999999999999],[97.86,11.719999999999999]]],[[[97.94,11.719999999999999],[98.02,11.719999999999999],[98.02,11.799999999999999],[97.94,11.799999999999999],[97.94,11.719999999999999]]],[[[98.02,11.719999999999999],[98.1,11.719999999999999],[98.1,11.799999999999999],[98.02,11.799999999999999],[98.02,11.719999999999999]]],[[[98.1,11.719999999999999],[98.17999999999999,11.719999999999999],[98.17999999999999,11.799999999999999],[98.1,11.799999999999999],[98.1,11.719999999999999]]],[[[98.18,11.719999999999999],[98.26,11.719999999999999],[98.26,11.799999999999999],[98.18,11.799999999999999],[98.18,11.719999999999999]]],[[[98.26,11.719999999999999],[98.34,11.719999999999999],[98.34,11.799999999999999],[98.26,11.799999999999999],[98.26,11.719999999999999]]],[[[98.34,11.719999999999999],[98.42,11.719999999999999],[98.42,11.799999999999999],[98.34,11.799999999999999],[98.34,11.719999999999999]]],[[[97.78,11.8],[97.86,11.8],[97.86,11.88],[97.78,11.88],[97.78,11.8]]],[[[97.86,11.8],[97.94,11.8],[97.94,11.88],[97.86,11.88],[97.86,11.8]]],[[[97.94,11.8],[98.02,11.8],[98.02,11.88],[97.94,11.88],[97.94,11.8]]],[[[98.02,11.8],[98.1,11.8],[98.1,11.88],[98.02,11.88],[98.02,11.8]]],[[[98.1,11.8],[98.17999999999999,11.8],[98.17999999999999,11.88],[98.1,11.88],[98.1,11.8]]],[[[98.18,11.8],[98.26,11.8],[98.26,11.88],[98.18,11.88],[98.18,11.8]]],[[[98.26,11.8],[98.34,11.8],[98.34,11.88],[98.26,11.88],[98.26,11.8]]],[[[97.7,11.879999999999999],[97.78,11.879999999999999],[97.78,11.959999999999999],[97.7,11.959999999999999],[97.7,11.879999999999999]]],[[[97.78,11.879999999999999],[97.86,11.879999999999999],[97.86,11.959999999999999],[97.78,11.959999999999999],[97.78,11.879999999999999]]],[[[97.86,11.879999999999999],[97.94,11.879999999999999],[97.94,11.959999999999999],[97.86,11.959999999999999],[97.86,11.879999999999999]]],[[[97.94,11.879999999999999],[98.02,11.879999999999999],[98.02,11.959999999999999],[97.94,11.959999999999999],[97.94,11.879999999999999]]],[[[98.02,11.879999999999999],[98.1,11.879999999999999],[98.1,11.959999999999999],[98.02,11.959999999999999],[98.02,11.879999999999999]]],[[[98.1,11.879999999999999],[98.17999999999999,11.879999999999999],[98.17999999999999,11.959999999999999],[98.1,11.959999999999999],[98.1,11.879999999999999]]],[[[98.18,11.879999999999999],[98.26,11.879999999999999],[98.26,11.959999999999999],[98.18,11.959999999999999],[98.18,11.879999999999999]]],[[[97.54,11.96],[97.62,11.96],[97.62,12.040000000000001],[97.54,12.040000000000001],[97.54,11.96]]],[[[97.62,11.96],[97.7,11.96],[97.7,12.040000000000001],[97.62,12.040000000000001],[97.62,11.96]]],[[[97.7,11.96],[97.78,11.96],[97.78,12.040000000000001],[97.7,12.040000000000001],[97.7,11.96]]],[[[97.78,11.96],[97.86,11.96],[97.86,12.040000000000001],[97.78,12.040000000000001],[97.78,11.96]]]]}},{"type":"Feature","properties":{"region_id":"TH-81","region_iso":"TH-81","region_shape_id":"36821470B15753947122052","region_name":"Krabi","region_name_local":"Krabi","adm_level":"ADM1","zone_hint":"ADM","geometry_kind":"derived_marine_admin_polygon","derivation":"nearest_coastal_province_on_regular_sea_grid","cell_count":66,"cell_size_deg":0.08},"geometry":{"type":"MultiPolygon","coordinates":[[[[98.58,7.08],[98.66,7.08],[98.66,7.16],[98.58,7.16],[98.58,7.08]]],[[[98.66,7.08],[98.74,7.08],[98.74,7.16],[98.66,7.16],[98.66,7.08]]],[[[98.58,7.16],[98.66,7.16],[98.66,7.24],[98.58,7.24],[98.58,7.16]]],[[[98.66,7.16],[98.74,7.16],[98.74,7.24],[98.66,7.24],[98.66,7.16]]],[[[98.74,7.16],[98.82,7.16],[98.82,7.24],[98.74,7.24],[98.74,7.16]]],[[[98.58,7.24],[98.66,7.24],[98.66,7.32],[98.58,7.32],[98.58,7.24]]],[[[98.66,7.24],[98.74,7.24],[98.74,7.32],[98.66,7.32],[98.66,7.24]]],[[[98.74,7.24],[98.82,7.24],[98.82,7.32],[98.74,7.32],[98.74,7.24]]],[[[98.82,7.24],[98.89999999999999,7.24],[98.89999999999999,7.32],[98.82,7.32],[98.82,7.24]]],[[[98.58,7.32],[98.66,7.32],[98.66,7.4],[98.58,7.4],[98.58,7.32]]],[[[98.66,7.32],[98.74,7.32],[98.74,7.4],[98.66,7.4],[98.66,7.32]]],[[[98.74,7.32],[98.82,7.32],[98.82,7.4],[98.74,7.4],[98.74,7.32]]],[[[98.82,7.32],[98.89999999999999,7.32],[98.89999999999999,7.4],[98.82,7.4],[98.82,7.32]]],[[[98.9,7.32],[98.98,7.32],[98.98,7.4],[98.9,7.4],[98.9,7.32]]],[[[98.98,7.32],[99.06,7.32],[99.06,7.4],[98.98,7.4],[98.98,7.32]]],[[[99.06,7.32],[99.14,7.32],[99.14,7.4],[99.06,7.4],[99.06,7.32]]],[[[99.14,7.32],[99.22,7.32],[99.22,7.4],[99.14,7.4],[99.14,7.32]]],[[[98.58,7.4],[98.66,7.4],[98.66,7.48],[98.58,7.48],[98.58,7.4]]],[[[98.66,7.4],[98.74,7.4],[98.74,7.48],[98.66,7.48],[98.66,7.4]]],[[[98.74,7.4],[98.82,7.4],[98.82,7.48],[98.74,7.48],[98.74,7.4]]],[[[98.82,7.4],[98.89999999999999,7.4],[98.89999999999999,7.48],[98.82,7.48],[98.82,7.4]]],[[[98.9,7.4],[98.98,7.4],[98.98,7.48],[98.9,7.48],[98.9,7.4]]],[[[98.98,7.4],[99.06,7.4],[99.06,7.48],[98.98,7.48],[98.98,7.4]]],[[[99.06,7.4],[99.14,7.4],[99.14,7.48],[99.06,7.48],[99.06,7.4]]],[[[99.14,7.4],[99.22,7.4],[99.22,7.48],[99.14,7.48],[99.14,7.4]]],[[[98.58,7.48],[98.66,7.48],[98.66,7.5600000000000005],[98.58,7.5600000000000005],[98.58,7.48]]],[[[98.66,7.48],[98.74,7.48],[98.74,7.5600000000000005],[98.66,7.5600000000000005],[98.66,7.48]]],[[[98.74,7.48],[98.82,7.48],[98.82,7.5600000000000005],[98.74,7.5600000000000005],[98.74,7.48]]],[[[98.82,7.48],[98.89999999999999,7.48],[98.89999999999999,7.5600000000000005],[98.82,7.5600000000000005],[98.82,7.48]]],[[[98.9,7.48],[98.98,7.48],[98.98,7.5600000000000005],[98.9,7.5600000000000005],[98.9,7.48]]],[[[98.98,7.48],[99.06,7.48],[99.06,7.5600000000000005],[98.98,7.5600000000000005],[98.98,7.48]]],[[[99.14,7.48],[99.22,7.48],[99.22,7.5600000000000005],[99.14,7.5600000000000005],[99.14,7.48]]],[[[98.66,7.5600000000000005],[98.74,7.5600000000000005],[98.74,7.640000000000001],[98.66,7.640000000000001],[98.66,7.5600000000000005]]],[[[98.74,7.5600000000000005],[98.82,7.5600000000000005],[98.82,7.640000000000001],[98.74,7.640000000000001],[98.74,7.5600000000000005]]],[[[98.82,7.5600000000000005],[98.89999999999999,7.5600000000000005],[98.89999999999999,7.640000000000001],[98.82,7.640000000000001],[98.82,7.5600000000000005]]],[[[98.9,7.5600000000000005],[98.98,7.5600000000000005],[98.98,7.640000000000001],[98.9,7.640000000000001],[98.9,7.5600000000000005]]],[[[98.98,7.5600000000000005],[99.06,7.5600000000000005],[99.06,7.640000000000001],[98.98,7.640000000000001],[98.98,7.5600000000000005]]],[[[99.06,7.5600000000000005],[99.14,7.5600000000000005],[99.14,7.640000000000001],[99.06,7.640000000000001],[99.06,7.5600000000000005]]],[[[99.14,7.5600000000000005],[99.22,7.5600000000000005],[99.22,7.640000000000001],[99.14,7.640000000000001],[99.14,7.5600000000000005]]],[[[98.66,7.640000000000001],[98.74,7.640000000000001],[98.74,7.720000000000001],[98.66,7.720000000000001],[98.66,7.640000000000001]]],[[[98.74,7.640000000000001],[98.82,7.640000000000001],[98.82,7.720000000000001],[98.74,7.720000000000001],[98.74,7.640000000000001]]],[[[98.82,7.640000000000001],[98.89999999999999,7.640000000000001],[98.89999999999999,7.720000000000001],[98.82,7.720000000000001],[98.82,7.640000000000001]]],[[[98.9,7.640000000000001],[98.98,7.640000000000001],[98.98,7.720000000000001],[98.9,7.720000000000001],[98.9,7.640000000000001]]],[[[98.98,7.640000000000001],[99.06,7.640000000000001],[99.06,7.720000000000001],[98.98,7.720000000000001],[98.98,7.640000000000001]]],[[[99.14,7.640000000000001],[99.22,7.640000000000001],[99.22,7.720000000000001],[99.14,7.720000000000001],[99.14,7.640000000000001]]],[[[98.66,7.720000000000001],[98.74,7.720000000000001],[98.74,7.800000000000001],[98.66,7.800000000000001],[98.66,7.720000000000001]]],[[[98.74,7.720000000000001],[98.82,7.720000000000001],[98.82,7.800000000000001],[98.74,7.800000000000001],[98.74,7.720000000000001]]],[[[98.82,7.720000000000001],[98.89999999999999,7.720000000000001],[98.89999999999999,7.800000000000001],[98.82,7.800000000000001],[98.82,7.720000000000001]]],[[[98.9,7.720000000000001],[98.98,7.720000000000001],[98.98,7.800000000000001],[98.9,7.800000000000001],[98.9,7.720000000000001]]],[[[98.98,7.720000000000001],[99.06,7.720000000000001],[99.06,7.800000000000001],[98.98,7.800000000000001],[98.98,7.720000000000001]]],[[[98.66,7.800000000000001],[98.74,7.800000000000001],[98.74,7.880000000000001],[98.66,7.880000000000001],[98.66,7.800000000000001]]],[[[98.74,7.800000000000001],[98.82,7.800000000000001],[98.82,7.880000000000001],[98.74,7.880000000000001],[98.74,7.800000000000001]]],[[[98.82,7.800000000000001],[98.89999999999999,7.800000000000001],[98.89999999999999,7.880000000000001],[98.82,7.880000000000001],[98.82,7.800000000000001]]],[[[98.66,7.88],[98.74,7.88],[98.74,7.96],[98.66,7.96],[98.66,7.88]]],[[[98.74,7.88],[98.82,7.88],[98.82,7.96],[98.74,7.96],[98.74,7.88]]],[[[98.82,7.88],[98.89999999999999,7.88],[98.89999999999999,7.96],[98.82,7.96],[98.82,7.88]]],[[[98.9,7.88],[98.98,7.88],[98.98,7.96],[98.9,7.96],[98.9,7.88]]],[[[98.66,7.96],[98.74,7.96],[98.74,8.04],[98.66,8.04],[98.66,7.96]]],[[[98.74,7.96],[98.82,7.96],[98.82,8.04],[98.74,8.04],[98.74,7.96]]],[[[98.82,7.96],[98.89999999999999,7.96],[98.89999999999999,8.04],[98.82,8.04],[98.82,7.96]]],[[[98.9,7.96],[98.98,7.96],[98.98,8.04],[98.9,8.04],[98.9,7.96]]],[[[98.66,8.04],[98.74,8.04],[98.74,8.12],[98.66,8.12],[98.66,8.04]]],[[[98.66,8.120000000000001],[98.74,8.120000000000001],[98.74,8.200000000000001],[98.66,8.200000000000001],[98.66,8.120000000000001]]],[[[98.58,8.2],[98.66,8.2],[98.66,8.28],[98.58,8.28],[98.58,8.2]]],[[[98.66,8.2],[98.74,8.2],[98.74,8.28],[98.66,8.28],[98.66,8.2]]],[[[98.58,8.280000000000001],[98.66,8.280000000000001],[98.66,8.360000000000001],[98.58,8.360000000000001],[98.58,8.280000000000001]]]]}},{"type":"Feature","properties":{"region_id":"TH-80","region_iso":"TH-80","region_shape_id":"36821470B62527593836558","region_name":"Nakhon Si Thammarat","region_name_local":"Nakhon Si Thammarat","adm_level":"ADM1","zone_hint":"GOT","geometry_kind":"derived_marine_admin_polygon","derivation":"nearest_coastal_province_on_regular_sea_grid","cell_count":660,"cell_size_deg":0.08},"geometry":{"type":"MultiPolygon","coordinates":[[[[99.94,7.720000000000001],[100.02,7.720000000000001],[100.02,7.800000000000001],[99.94,7.800000000000001],[99.94,7.720000000000001]]],[[[100.02,7.720000000000001],[100.1,7.720000000000001],[100.1,7.800000000000001],[100.02,7.800000000000001],[100.02,7.720000000000001]]],[[[101.14,7.720000000000001],[101.22,7.720000000000001],[101.22,7.800000000000001],[101.14,7.800000000000001],[101.14,7.720000000000001]]],[[[101.22,7.720000000000001],[101.3,7.720000000000001],[101.3,7.800000000000001],[101.22,7.800000000000001],[101.22,7.720000000000001]]],[[[99.78,7.800000000000001],[99.86,7.800000000000001],[99.86,7.880000000000001],[99.78,7.880000000000001],[99.78,7.800000000000001]]],[[[99.86,7.800000000000001],[99.94,7.800000000000001],[99.94,7.880000000000001],[99.86,7.880000000000001],[99.86,7.800000000000001]]],[[[99.94,7.800000000000001],[100.02,7.800000000000001],[100.02,7.880000000000001],[99.94,7.880000000000001],[99.94,7.800000000000001]]],[[[100.02,7.800000000000001],[100.1,7.800000000000001],[100.1,7.880000000000001],[100.02,7.880000000000001],[100.02,7.800000000000001]]],[[[100.98,7.800000000000001],[101.06,7.800000000000001],[101.06,7.880000000000001],[100.98,7.880000000000001],[100.98,7.800000000000001]]],[[[101.06,7.800000000000001],[101.14,7.800000000000001],[101.14,7.880000000000001],[101.06,7.880000000000001],[101.06,7.800000000000001]]],[[[101.14,7.800000000000001],[101.22,7.800000000000001],[101.22,7.880000000000001],[101.14,7.880000000000001],[101.14,7.800000000000001]]],[[[101.22,7.800000000000001],[101.3,7.800000000000001],[101.3,7.880000000000001],[101.22,7.880000000000001],[101.22,7.800000000000001]]],[[[101.3,7.800000000000001],[101.38,7.800000000000001],[101.38,7.880000000000001],[101.3,7.880000000000001],[101.3,7.800000000000001]]],[[[101.38,7.800000000000001],[101.46,7.800000000000001],[101.46,7.880000000000001],[101.38,7.880000000000001],[101.38,7.800000000000001]]],[[[100.82,7.88],[100.89999999999999,7.88],[100.89999999999999,7.96],[100.82,7.96],[100.82,7.88]]],[[[100.9,7.88],[100.98,7.88],[100.98,7.96],[100.9,7.96],[100.9,7.88]]],[[[100.98,7.88],[101.06,7.88],[101.06,7.96],[100.98,7.96],[100.98,7.88]]],[[[101.06,7.88],[101.14,7.88],[101.14,7.96],[101.06,7.96],[101.06,7.88]]],[[[101.14,7.88],[101.22,7.88],[101.22,7.96],[101.14,7.96],[101.14,7.88]]],[[[101.22,7.88],[101.3,7.88],[101.3,7.96],[101.22,7.96],[101.22,7.88]]],[[[101.3,7.88],[101.38,7.88],[101.38,7.96],[101.3,7.96],[101.3,7.88]]],[[[101.38,7.88],[101.46,7.88],[101.46,7.96],[101.38,7.96],[101.38,7.88]]],[[[101.46,7.88],[101.53999999999999,7.88],[101.53999999999999,7.96],[101.46,7.96],[101.46,7.88]]],[[[101.54,7.88],[101.62,7.88],[101.62,7.96],[101.54,7.96],[101.54,7.88]]],[[[101.62,7.88],[101.7,7.88],[101.7,7.96],[101.62,7.96],[101.62,7.88]]],[[[100.34,7.96],[100.42,7.96],[100.42,8.04],[100.34,8.04],[100.34,7.96]]],[[[100.42,7.96],[100.5,7.96],[100.5,8.04],[100.42,8.04],[100.42,7.96]]],[[[100.5,7.96],[100.58,7.96],[100.58,8.04],[100.5,8.04],[100.5,7.96]]],[[[100.58,7.96],[100.66,7.96],[100.66,8.04],[100.58,8.04],[100.58,7.96]]],[[[100.74,7.96],[100.82,7.96],[100.82,8.04],[100.74,8.04],[100.74,7.96]]],[[[100.82,7.96],[100.89999999999999,7.96],[100.89999999999999,8.04],[100.82,8.04],[100.82,7.96]]],[[[100.9,7.96],[100.98,7.96],[100.98,8.04],[100.9,8.04],[100.9,7.96]]],[[[100.98,7.96],[101.06,7.96],[101.06,8.04],[100.98,8.04],[100.98,7.96]]],[[[101.06,7.96],[101.14,7.96],[101.14,8.04],[101.06,8.04],[101.06,7.96]]],[[[101.14,7.96],[101.22,7.96],[101.22,8.04],[101.14,8.04],[101.14,7.96]]],[[[101.22,7.96],[101.3,7.96],[101.3,8.04],[101.22,8.04],[101.22,7.96]]],[[[101.3,7.96],[101.38,7.96],[101.38,8.04],[101.3,8.04],[101.3,7.96]]],[[[101.38,7.96],[101.46,7.96],[101.46,8.04],[101.38,8.04],[101.38,7.96]]],[[[101.46,7.96],[101.53999999999999,7.96],[101.53999999999999,8.04],[101.46,8.04],[101.46,7.96]]],[[[101.54,7.96],[101.62,7.96],[101.62,8.04],[101.54,8.04],[101.54,7.96]]],[[[101.62,7.96],[101.7,7.96],[101.7,8.04],[101.62,8.04],[101.62,7.96]]],[[[101.7,7.96],[101.78,7.96],[101.78,8.04],[101.7,8.04],[101.7,7.96]]],[[[101.78,7.96],[101.86,7.96],[101.86,8.04],[101.78,8.04],[101.78,7.96]]],[[[100.34,8.04],[100.42,8.04],[100.42,8.12],[100.34,8.12],[100.34,8.04]]],[[[100.42,8.04],[100.5,8.04],[100.5,8.12],[100.42,8.12],[100.42,8.04]]],[[[100.5,8.04],[100.58,8.04],[100.58,8.12],[100.5,8.12],[100.5,8.04]]],[[[100.58,8.04],[100.66,8.04],[100.66,8.12],[100.58,8.12],[100.58,8.04]]],[[[100.66,8.04],[100.74,8.04],[100.74,8.12],[100.66,8.12],[100.66,8.04]]],[[[100.74,8.04],[100.82,8.04],[100.82,8.12],[100.74,8.12],[100.74,8.04]]],[[[100.82,8.04],[100.89999999999999,8.04],[100.89999999999999,8.12],[100.82,8.12],[100.82,8.04]]],[[[100.9,8.04],[100.98,8.04],[100.98,8.12],[100.9,8.12],[100.9,8.04]]],[[[100.98,8.04],[101.06,8.04],[101.06,8.12],[100.98,8.12],[100.98,8.04]]],[[[101.06,8.04],[101.14,8.04],[101.14,8.12],[101.06,8.12],[101.06,8.04]]],[[[101.14,8.04],[101.22,8.04],[101.22,8.12],[101.14,8.12],[101.14,8.04]]],[[[101.22,8.04],[101.3,8.04],[101.3,8.12],[101.22,8.12],[101.22,8.04]]],[[[101.3,8.04],[101.38,8.04],[101.38,8.12],[101.3,8.12],[101.3,8.04]]],[[[101.38,8.04],[101.46,8.04],[101.46,8.12],[101.38,8.12],[101.38,8.04]]],[[[101.46,8.04],[101.53999999999999,8.04],[101.53999999999999,8.12],[101.46,8.12],[101.46,8.04]]],[[[101.54,8.04],[101.62,8.04],[101.62,8.12],[101.54,8.12],[101.54,8.04]]],[[[101.62,8.04],[101.7,8.04],[101.7,8.12],[101.62,8.12],[101.62,8.04]]],[[[101.7,8.04],[101.78,8.04],[101.78,8.12],[101.7,8.12],[101.7,8.04]]],[[[101.78,8.04],[101.86,8.04],[101.86,8.12],[101.78,8.12],[101.78,8.04]]],[[[101.86,8.04],[101.94,8.04],[101.94,8.12],[101.86,8.12],[101.86,8.04]]],[[[101.94,8.04],[102.02,8.04],[102.02,8.12],[101.94,8.12],[101.94,8.04]]],[[[100.26,8.120000000000001],[100.34,8.120000000000001],[100.34,8.200000000000001],[100.26,8.200000000000001],[100.26,8.120000000000001]]],[[[100.34,8.120000000000001],[100.42,8.120000000000001],[100.42,8.200000000000001],[100.34,8.200000000000001],[100.34,8.120000000000001]]],[[[100.42,8.120000000000001],[100.5,8.120000000000001],[100.5,8.200000000000001],[100.42,8.200000000000001],[100.42,8.120000000000001]]],[[[100.5,8.120000000000001],[100.58,8.120000000000001],[100.58,8.200000000000001],[100.5,8.200000000000001],[100.5,8.120000000000001]]],[[[100.58,8.120000000000001],[100.66,8.120000000000001],[100.66,8.200000000000001],[100.58,8.200000000000001],[100.58,8.120000000000001]]],[[[100.66,8.120000000000001],[100.74,8.120000000000001],[100.74,8.200000000000001],[100.66,8.200000000000001],[100.66,8.120000000000001]]],[[[100.74,8.120000000000001],[100.82,8.120000000000001],[100.82,8.200000000000001],[100.74,8.200000000000001],[100.74,8.120000000000001]]],[[[100.82,8.120000000000001],[100.89999999999999,8.120000000000001],[100.89999999999999,8.200000000000001],[100.82,8.200000000000001],[100.82,8.120000000000001]]],[[[100.9,8.120000000000001],[100.98,8.120000000000001],[100.98,8.200000000000001],[100.9,8.200000000000001],[100.9,8.120000000000001]]],[[[100.98,8.120000000000001],[101.06,8.120000000000001],[101.06,8.200000000000001],[100.98,8.200000000000001],[100.98,8.120000000000001]]],[[[101.06,8.120000000000001],[101.14,8.120000000000001],[101.14,8.200000000000001],[101.06,8.200000000000001],[101.06,8.120000000000001]]],[[[101.14,8.120000000000001],[101.22,8.120000000000001],[101.22,8.200000000000001],[101.14,8.200000000000001],[101.14,8.120000000000001]]],[[[101.22,8.120000000000001],[101.3,8.120000000000001],[101.3,8.200000000000001],[101.22,8.200000000000001],[101.22,8.120000000000001]]],[[[101.3,8.120000000000001],[101.38,8.120000000000001],[101.38,8.200000000000001],[101.3,8.200000000000001],[101.3,8.120000000000001]]],[[[101.38,8.120000000000001],[101.46,8.120000000000001],[101.46,8.200000000000001],[101.38,8.200000000000001],[101.38,8.120000000000001]]],[[[101.46,8.120000000000001],[101.53999999999999,8.120000000000001],[101.53999999999999,8.200000000000001],[101.46,8.200000000000001],[101.46,8.120000000000001]]],[[[101.54,8.120000000000001],[101.62,8.120000000000001],[101.62,8.200000000000001],[101.54,8.200000000000001],[101.54,8.120000000000001]]],[[[101.62,8.120000000000001],[101.7,8.120000000000001],[101.7,8.200000000000001],[101.62,8.200000000000001],[101.62,8.120000000000001]]],[[[101.7,8.120000000000001],[101.78,8.120000000000001],[101.78,8.200000000000001],[101.7,8.200000000000001],[101.7,8.120000000000001]]],[[[101.78,8.120000000000001],[101.86,8.120000000000001],[101.86,8.200000000000001],[101.78,8.200000000000001],[101.78,8.120000000000001]]],[[[101.86,8.120000000000001],[101.94,8.120000000000001],[101.94,8.200000000000001],[101.86,8.200000000000001],[101.86,8.120000000000001]]],[[[101.94,8.120000000000001],[102.02,8.120000000000001],[102.02,8.200000000000001],[101.94,8.200000000000001],[101.94,8.120000000000001]]],[[[102.02,8.120000000000001],[102.1,8.120000000000001],[102.1,8.200000000000001],[102.02,8.200000000000001],[102.02,8.120000000000001]]],[[[102.1,8.120000000000001],[102.17999999999999,8.120000000000001],[102.17999999999999,8.200000000000001],[102.1,8.200000000000001],[102.1,8.120000000000001]]],[[[100.26,8.2],[100.34,8.2],[100.34,8.28],[100.26,8.28],[100.26,8.2]]],[[[100.34,8.2],[100.42,8.2],[100.42,8.28],[100.34,8.28],[100.34,8.2]]],[[[100.42,8.2],[100.5,8.2],[100.5,8.28],[100.42,8.28],[100.42,8.2]]],[[[100.5,8.2],[100.58,8.2],[100.58,8.28],[100.5,8.28],[100.5,8.2]]],[[[100.58,8.2],[100.66,8.2],[100.66,8.28],[100.58,8.28],[100.58,8.2]]],[[[100.66,8.2],[100.74,8.2],[100.74,8.28],[100.66,8.28],[100.66,8.2]]],[[[100.74,8.2],[100.82,8.2],[100.82,8.28],[100.74,8.28],[100.74,8.2]]],[[[100.82,8.2],[100.89999999999999,8.2],[100.89999999999999,8.28],[100.82,8.28],[100.82,8.2]]],[[[100.9,8.2],[100.98,8.2],[100.98,8.28],[100.9,8.28],[100.9,8.2]]],[[[100.98,8.2],[101.06,8.2],[101.06,8.28],[100.98,8.28],[100.98,8.2]]],[[[101.06,8.2],[101.14,8.2],[101.14,8.28],[101.06,8.28],[101.06,8.2]]],[[[101.14,8.2],[101.22,8.2],[101.22,8.28],[101.14,8.28],[101.14,8.2]]],[[[101.22,8.2],[101.3,8.2],[101.3,8.28],[101.22,8.28],[101.22,8.2]]],[[[101.3,8.2],[101.38,8.2],[101.38,8.28],[101.3,8.28],[101.3,8.2]]],[[[101.38,8.2],[101.46,8.2],[101.46,8.28],[101.38,8.28],[101.38,8.2]]],[[[101.46,8.2],[101.53999999999999,8.2],[101.53999999999999,8.28],[101.46,8.28],[101.46,8.2]]],[[[101.54,8.2],[101.62,8.2],[101.62,8.28],[101.54,8.28],[101.54,8.2]]],[[[101.62,8.2],[101.7,8.2],[101.7,8.28],[101.62,8.28],[101.62,8.2]]],[[[101.7,8.2],[101.78,8.2],[101.78,8.28],[101.7,8.28],[101.7,8.2]]],[[[101.78,8.2],[101.86,8.2],[101.86,8.28],[101.78,8.28],[101.78,8.2]]],[[[101.86,8.2],[101.94,8.2],[101.94,8.28],[101.86,8.28],[101.86,8.2]]],[[[101.94,8.2],[102.02,8.2],[102.02,8.28],[101.94,8.28],[101.94,8.2]]],[[[102.02,8.2],[102.1,8.2],[102.1,8.28],[102.02,8.28],[102.02,8.2]]],[[[102.1,8.2],[102.17999999999999,8.2],[102.17999999999999,8.28],[102.1,8.28],[102.1,8.2]]],[[[102.18,8.2],[102.26,8.2],[102.26,8.28],[102.18,8.28],[102.18,8.2]]],[[[102.26,8.2],[102.34,8.2],[102.34,8.28],[102.26,8.28],[102.26,8.2]]],[[[100.26,8.280000000000001],[100.34,8.280000000000001],[100.34,8.360000000000001],[100.26,8.360000000000001],[100.26,8.280000000000001]]],[[[100.34,8.280000000000001],[100.42,8.280000000000001],[100.42,8.360000000000001],[100.34,8.360000000000001],[100.34,8.280000000000001]]],[[[100.42,8.280000000000001],[100.5,8.280000000000001],[100.5,8.360000000000001],[100.42,8.360000000000001],[100.42,8.280000000000001]]],[[[100.5,8.280000000000001],[100.58,8.280000000000001],[100.58,8.360000000000001],[100.5,8.360000000000001],[100.5,8.280000000000001]]],[[[100.58,8.280000000000001],[100.66,8.280000000000001],[100.66,8.360000000000001],[100.58,8.360000000000001],[100.58,8.280000000000001]]],[[[100.66,8.280000000000001],[100.74,8.280000000000001],[100.74,8.360000000000001],[100.66,8.360000000000001],[100.66,8.280000000000001]]],[[[100.74,8.280000000000001],[100.82,8.280000000000001],[100.82,8.360000000000001],[100.74,8.360000000000001],[100.74,8.280000000000001]]],[[[100.82,8.280000000000001],[100.89999999999999,8.280000000000001],[100.89999999999999,8.360000000000001],[100.82,8.360000000000001],[100.82,8.280000000000001]]],[[[100.9,8.280000000000001],[100.98,8.280000000000001],[100.98,8.360000000000001],[100.9,8.360000000000001],[100.9,8.280000000000001]]],[[[100.98,8.280000000000001],[101.06,8.280000000000001],[101.06,8.360000000000001],[100.98,8.360000000000001],[100.98,8.280000000000001]]],[[[101.06,8.280000000000001],[101.14,8.280000000000001],[101.14,8.360000000000001],[101.06,8.360000000000001],[101.06,8.280000000000001]]],[[[101.14,8.280000000000001],[101.22,8.280000000000001],[101.22,8.360000000000001],[101.14,8.360000000000001],[101.14,8.280000000000001]]],[[[101.22,8.280000000000001],[101.3,8.280000000000001],[101.3,8.360000000000001],[101.22,8.360000000000001],[101.22,8.280000000000001]]],[[[101.3,8.280000000000001],[101.38,8.280000000000001],[101.38,8.360000000000001],[101.3,8.360000000000001],[101.3,8.280000000000001]]],[[[101.38,8.280000000000001],[101.46,8.280000000000001],[101.46,8.360000000000001],[101.38,8.360000000000001],[101.38,8.280000000000001]]],[[[101.46,8.280000000000001],[101.53999999999999,8.280000000000001],[101.53999999999999,8.360000000000001],[101.46,8.360000000000001],[101.46,8.280000000000001]]],[[[101.54,8.280000000000001],[101.62,8.280000000000001],[101.62,8.360000000000001],[101.54,8.360000000000001],[101.54,8.280000000000001]]],[[[101.62,8.280000000000001],[101.7,8.280000000000001],[101.7,8.360000000000001],[101.62,8.360000000000001],[101.62,8.280000000000001]]],[[[101.7,8.280000000000001],[101.78,8.280000000000001],[101.78,8.360000000000001],[101.7,8.360000000000001],[101.7,8.280000000000001]]],[[[101.78,8.280000000000001],[101.86,8.280000000000001],[101.86,8.360000000000001],[101.78,8.360000000000001],[101.78,8.280000000000001]]],[[[101.86,8.280000000000001],[101.94,8.280000000000001],[101.94,8.360000000000001],[101.86,8.360000000000001],[101.86,8.280000000000001]]],[[[101.94,8.280000000000001],[102.02,8.280000000000001],[102.02,8.360000000000001],[101.94,8.360000000000001],[101.94,8.280000000000001]]],[[[102.02,8.280000000000001],[102.1,8.280000000000001],[102.1,8.360000000000001],[102.02,8.360000000000001],[102.02,8.280000000000001]]],[[[102.1,8.280000000000001],[102.17999999999999,8.280000000000001],[102.17999999999999,8.360000000000001],[102.1,8.360000000000001],[102.1,8.280000000000001]]],[[[102.18,8.280000000000001],[102.26,8.280000000000001],[102.26,8.360000000000001],[102.18,8.360000000000001],[102.18,8.280000000000001]]],[[[102.26,8.280000000000001],[102.34,8.280000000000001],[102.34,8.360000000000001],[102.26,8.360000000000001],[102.26,8.280000000000001]]],[[[102.34,8.280000000000001],[102.42,8.280000000000001],[102.42,8.360000000000001],[102.34,8.360000000000001],[102.34,8.280000000000001]]],[[[102.42,8.280000000000001],[102.5,8.280000000000001],[102.5,8.360000000000001],[102.42,8.360000000000001],[102.42,8.280000000000001]]],[[[100.1,8.36],[100.17999999999999,8.36],[100.17999999999999,8.44],[100.1,8.44],[100.1,8.36]]],[[[100.26,8.36],[100.34,8.36],[100.34,8.44],[100.26,8.44],[100.26,8.36]]],[[[100.34,8.36],[100.42,8.36],[100.42,8.44],[100.34,8.44],[100.34,8.36]]],[[[100.42,8.36],[100.5,8.36],[100.5,8.44],[100.42,8.44],[100.42,8.36]]],[[[100.5,8.36],[100.58,8.36],[100.58,8.44],[100.5,8.44],[100.5,8.36]]],[[[100.58,8.36],[100.66,8.36],[100.66,8.44],[100.58,8.44],[100.58,8.36]]],[[[100.66,8.36],[100.74,8.36],[100.74,8.44],[100.66,8.44],[100.66,8.36]]],[[[100.74,8.36],[100.82,8.36],[100.82,8.44],[100.74,8.44],[100.74,8.36]]],[[[100.82,8.36],[100.89999999999999,8.36],[100.89999999999999,8.44],[100.82,8.44],[100.82,8.36]]],[[[100.9,8.36],[100.98,8.36],[100.98,8.44],[100.9,8.44],[100.9,8.36]]],[[[100.98,8.36],[101.06,8.36],[101.06,8.44],[100.98,8.44],[100.98,8.36]]],[[[101.06,8.36],[101.14,8.36],[101.14,8.44],[101.06,8.44],[101.06,8.36]]],[[[101.14,8.36],[101.22,8.36],[101.22,8.44],[101.14,8.44],[101.14,8.36]]],[[[101.22,8.36],[101.3,8.36],[101.3,8.44],[101.22,8.44],[101.22,8.36]]],[[[101.3,8.36],[101.38,8.36],[101.38,8.44],[101.3,8.44],[101.3,8.36]]],[[[101.38,8.36],[101.46,8.36],[101.46,8.44],[101.38,8.44],[101.38,8.36]]],[[[101.46,8.36],[101.53999999999999,8.36],[101.53999999999999,8.44],[101.46,8.44],[101.46,8.36]]],[[[101.54,8.36],[101.62,8.36],[101.62,8.44],[101.54,8.44],[101.54,8.36]]],[[[101.62,8.36],[101.7,8.36],[101.7,8.44],[101.62,8.44],[101.62,8.36]]],[[[101.7,8.36],[101.78,8.36],[101.78,8.44],[101.7,8.44],[101.7,8.36]]],[[[101.78,8.36],[101.86,8.36],[101.86,8.44],[101.78,8.44],[101.78,8.36]]],[[[101.86,8.36],[101.94,8.36],[101.94,8.44],[101.86,8.44],[101.86,8.36]]],[[[101.94,8.36],[102.02,8.36],[102.02,8.44],[101.94,8.44],[101.94,8.36]]],[[[102.02,8.36],[102.1,8.36],[102.1,8.44],[102.02,8.44],[102.02,8.36]]],[[[102.1,8.36],[102.17999999999999,8.36],[102.17999999999999,8.44],[102.1,8.44],[102.1,8.36]]],[[[102.18,8.36],[102.26,8.36],[102.26,8.44],[102.18,8.44],[102.18,8.36]]],[[[102.26,8.36],[102.34,8.36],[102.34,8.44],[102.26,8.44],[102.26,8.36]]],[[[102.34,8.36],[102.42,8.36],[102.42,8.44],[102.34,8.44],[102.34,8.36]]],[[[102.42,8.36],[102.5,8.36],[102.5,8.44],[102.42,8.44],[102.42,8.36]]],[[[102.5,8.36],[102.58,8.36],[102.58,8.44],[102.5,8.44],[102.5,8.36]]],[[[102.58,8.36],[102.66,8.36],[102.66,8.44],[102.58,8.44],[102.58,8.36]]],[[[100.02,8.44],[100.1,8.44],[100.1,8.52],[100.02,8.52],[100.02,8.44]]],[[[100.1,8.44],[100.17999999999999,8.44],[100.17999999999999,8.52],[100.1,8.52],[100.1,8.44]]],[[[100.18,8.44],[100.26,8.44],[100.26,8.52],[100.18,8.52],[100.18,8.44]]],[[[100.26,8.44],[100.34,8.44],[100.34,8.52],[100.26,8.52],[100.26,8.44]]],[[[100.34,8.44],[100.42,8.44],[100.42,8.52],[100.34,8.52],[100.34,8.44]]],[[[100.42,8.44],[100.5,8.44],[100.5,8.52],[100.42,8.52],[100.42,8.44]]],[[[100.5,8.44],[100.58,8.44],[100.58,8.52],[100.5,8.52],[100.5,8.44]]],[[[100.58,8.44],[100.66,8.44],[100.66,8.52],[100.58,8.52],[100.58,8.44]]],[[[100.66,8.44],[100.74,8.44],[100.74,8.52],[100.66,8.52],[100.66,8.44]]],[[[100.74,8.44],[100.82,8.44],[100.82,8.52],[100.74,8.52],[100.74,8.44]]],[[[100.82,8.44],[100.89999999999999,8.44],[100.89999999999999,8.52],[100.82,8.52],[100.82,8.44]]],[[[100.9,8.44],[100.98,8.44],[100.98,8.52],[100.9,8.52],[100.9,8.44]]],[[[100.98,8.44],[101.06,8.44],[101.06,8.52],[100.98,8.52],[100.98,8.44]]],[[[101.06,8.44],[101.14,8.44],[101.14,8.52],[101.06,8.52],[101.06,8.44]]],[[[101.14,8.44],[101.22,8.44],[101.22,8.52],[101.14,8.52],[101.14,8.44]]],[[[101.22,8.44],[101.3,8.44],[101.3,8.52],[101.22,8.52],[101.22,8.44]]],[[[101.3,8.44],[101.38,8.44],[101.38,8.52],[101.3,8.52],[101.3,8.44]]],[[[101.38,8.44],[101.46,8.44],[101.46,8.52],[101.38,8.52],[101.38,8.44]]],[[[101.46,8.44],[101.53999999999999,8.44],[101.53999999999999,8.52],[101.46,8.52],[101.46,8.44]]],[[[101.54,8.44],[101.62,8.44],[101.62,8.52],[101.54,8.52],[101.54,8.44]]],[[[101.62,8.44],[101.7,8.44],[101.7,8.52],[101.62,8.52],[101.62,8.44]]],[[[101.7,8.44],[101.78,8.44],[101.78,8.52],[101.7,8.52],[101.7,8.44]]],[[[101.78,8.44],[101.86,8.44],[101.86,8.52],[101.78,8.52],[101.78,8.44]]],[[[101.86,8.44],[101.94,8.44],[101.94,8.52],[101.86,8.52],[101.86,8.44]]],[[[101.94,8.44],[102.02,8.44],[102.02,8.52],[101.94,8.52],[101.94,8.44]]],[[[102.02,8.44],[102.1,8.44],[102.1,8.52],[102.02,8.52],[102.02,8.44]]],[[[102.1,8.44],[102.17999999999999,8.44],[102.17999999999999,8.52],[102.1,8.52],[102.1,8.44]]],[[[102.18,8.44],[102.26,8.44],[102.26,8.52],[102.18,8.52],[102.18,8.44]]],[[[102.26,8.44],[102.34,8.44],[102.34,8.52],[102.26,8.52],[102.26,8.44]]],[[[102.34,8.44],[102.42,8.44],[102.42,8.52],[102.34,8.52],[102.34,8.44]]],[[[102.42,8.44],[102.5,8.44],[102.5,8.52],[102.42,8.52],[102.42,8.44]]],[[[102.5,8.44],[102.58,8.44],[102.58,8.52],[102.5,8.52],[102.5,8.44]]],[[[102.58,8.44],[102.66,8.44],[102.66,8.52],[102.58,8.52],[102.58,8.44]]],[[[102.66,8.44],[102.74,8.44],[102.74,8.52],[102.66,8.52],[102.66,8.44]]],[[[102.74,8.44],[102.82,8.44],[102.82,8.52],[102.74,8.52],[102.74,8.44]]],[[[100.02,8.52],[100.1,8.52],[100.1,8.6],[100.02,8.6],[100.02,8.52]]],[[[100.1,8.52],[100.17999999999999,8.52],[100.17999999999999,8.6],[100.1,8.6],[100.1,8.52]]],[[[100.18,8.52],[100.26,8.52],[100.26,8.6],[100.18,8.6],[100.18,8.52]]],[[[100.26,8.52],[100.34,8.52],[100.34,8.6],[100.26,8.6],[100.26,8.52]]],[[[100.34,8.52],[100.42,8.52],[100.42,8.6],[100.34,8.6],[100.34,8.52]]],[[[100.42,8.52],[100.5,8.52],[100.5,8.6],[100.42,8.6],[100.42,8.52]]],[[[100.5,8.52],[100.58,8.52],[100.58,8.6],[100.5,8.6],[100.5,8.52]]],[[[100.58,8.52],[100.66,8.52],[100.66,8.6],[100.58,8.6],[100.58,8.52]]],[[[100.66,8.52],[100.74,8.52],[100.74,8.6],[100.66,8.6],[100.66,8.52]]],[[[100.74,8.52],[100.82,8.52],[100.82,8.6],[100.74,8.6],[100.74,8.52]]],[[[100.82,8.52],[100.89999999999999,8.52],[100.89999999999999,8.6],[100.82,8.6],[100.82,8.52]]],[[[100.9,8.52],[100.98,8.52],[100.98,8.6],[100.9,8.6],[100.9,8.52]]],[[[100.98,8.52],[101.06,8.52],[101.06,8.6],[100.98,8.6],[100.98,8.52]]],[[[101.06,8.52],[101.14,8.52],[101.14,8.6],[101.06,8.6],[101.06,8.52]]],[[[101.14,8.52],[101.22,8.52],[101.22,8.6],[101.14,8.6],[101.14,8.52]]],[[[101.22,8.52],[101.3,8.52],[101.3,8.6],[101.22,8.6],[101.22,8.52]]],[[[101.3,8.52],[101.38,8.52],[101.38,8.6],[101.3,8.6],[101.3,8.52]]],[[[101.38,8.52],[101.46,8.52],[101.46,8.6],[101.38,8.6],[101.38,8.52]]],[[[101.46,8.52],[101.53999999999999,8.52],[101.53999999999999,8.6],[101.46,8.6],[101.46,8.52]]],[[[101.54,8.52],[101.62,8.52],[101.62,8.6],[101.54,8.6],[101.54,8.52]]],[[[101.62,8.52],[101.7,8.52],[101.7,8.6],[101.62,8.6],[101.62,8.52]]],[[[101.7,8.52],[101.78,8.52],[101.78,8.6],[101.7,8.6],[101.7,8.52]]],[[[101.78,8.52],[101.86,8.52],[101.86,8.6],[101.78,8.6],[101.78,8.52]]],[[[101.86,8.52],[101.94,8.52],[101.94,8.6],[101.86,8.6],[101.86,8.52]]],[[[101.94,8.52],[102.02,8.52],[102.02,8.6],[101.94,8.6],[101.94,8.52]]],[[[102.02,8.52],[102.1,8.52],[102.1,8.6],[102.02,8.6],[102.02,8.52]]],[[[102.1,8.52],[102.17999999999999,8.52],[102.17999999999999,8.6],[102.1,8.6],[102.1,8.52]]],[[[102.18,8.52],[102.26,8.52],[102.26,8.6],[102.18,8.6],[102.18,8.52]]],[[[102.26,8.52],[102.34,8.52],[102.34,8.6],[102.26,8.6],[102.26,8.52]]],[[[102.34,8.52],[102.42,8.52],[102.42,8.6],[102.34,8.6],[102.34,8.52]]],[[[102.42,8.52],[102.5,8.52],[102.5,8.6],[102.42,8.6],[102.42,8.52]]],[[[102.5,8.52],[102.58,8.52],[102.58,8.6],[102.5,8.6],[102.5,8.52]]],[[[102.58,8.52],[102.66,8.52],[102.66,8.6],[102.58,8.6],[102.58,8.52]]],[[[102.66,8.52],[102.74,8.52],[102.74,8.6],[102.66,8.6],[102.66,8.52]]],[[[102.74,8.52],[102.82,8.52],[102.82,8.6],[102.74,8.6],[102.74,8.52]]],[[[102.82,8.52],[102.89999999999999,8.52],[102.89999999999999,8.6],[102.82,8.6],[102.82,8.52]]],[[[99.94,8.6],[100.02,8.6],[100.02,8.68],[99.94,8.68],[99.94,8.6]]],[[[100.02,8.6],[100.1,8.6],[100.1,8.68],[100.02,8.68],[100.02,8.6]]],[[[100.1,8.6],[100.17999999999999,8.6],[100.17999999999999,8.68],[100.1,8.68],[100.1,8.6]]],[[[100.18,8.6],[100.26,8.6],[100.26,8.68],[100.18,8.68],[100.18,8.6]]],[[[100.26,8.6],[100.34,8.6],[100.34,8.68],[100.26,8.68],[100.26,8.6]]],[[[100.34,8.6],[100.42,8.6],[100.42,8.68],[100.34,8.68],[100.34,8.6]]],[[[100.42,8.6],[100.5,8.6],[100.5,8.68],[100.42,8.68],[100.42,8.6]]],[[[100.5,8.6],[100.58,8.6],[100.58,8.68],[100.5,8.68],[100.5,8.6]]],[[[100.58,8.6],[100.66,8.6],[100.66,8.68],[100.58,8.68],[100.58,8.6]]],[[[100.66,8.6],[100.74,8.6],[100.74,8.68],[100.66,8.68],[100.66,8.6]]],[[[100.74,8.6],[100.82,8.6],[100.82,8.68],[100.74,8.68],[100.74,8.6]]],[[[100.82,8.6],[100.89999999999999,8.6],[100.89999999999999,8.68],[100.82,8.68],[100.82,8.6]]],[[[100.9,8.6],[100.98,8.6],[100.98,8.68],[100.9,8.68],[100.9,8.6]]],[[[100.98,8.6],[101.06,8.6],[101.06,8.68],[100.98,8.68],[100.98,8.6]]],[[[101.06,8.6],[101.14,8.6],[101.14,8.68],[101.06,8.68],[101.06,8.6]]],[[[101.14,8.6],[101.22,8.6],[101.22,8.68],[101.14,8.68],[101.14,8.6]]],[[[101.22,8.6],[101.3,8.6],[101.3,8.68],[101.22,8.68],[101.22,8.6]]],[[[101.3,8.6],[101.38,8.6],[101.38,8.68],[101.3,8.68],[101.3,8.6]]],[[[101.38,8.6],[101.46,8.6],[101.46,8.68],[101.38,8.68],[101.38,8.6]]],[[[101.46,8.6],[101.53999999999999,8.6],[101.53999999999999,8.68],[101.46,8.68],[101.46,8.6]]],[[[101.54,8.6],[101.62,8.6],[101.62,8.68],[101.54,8.68],[101.54,8.6]]],[[[101.62,8.6],[101.7,8.6],[101.7,8.68],[101.62,8.68],[101.62,8.6]]],[[[101.7,8.6],[101.78,8.6],[101.78,8.68],[101.7,8.68],[101.7,8.6]]],[[[101.78,8.6],[101.86,8.6],[101.86,8.68],[101.78,8.68],[101.78,8.6]]],[[[101.86,8.6],[101.94,8.6],[101.94,8.68],[101.86,8.68],[101.86,8.6]]],[[[101.94,8.6],[102.02,8.6],[102.02,8.68],[101.94,8.68],[101.94,8.6]]],[[[102.02,8.6],[102.1,8.6],[102.1,8.68],[102.02,8.68],[102.02,8.6]]],[[[102.1,8.6],[102.17999999999999,8.6],[102.17999999999999,8.68],[102.1,8.68],[102.1,8.6]]],[[[102.18,8.6],[102.26,8.6],[102.26,8.68],[102.18,8.68],[102.18,8.6]]],[[[102.26,8.6],[102.34,8.6],[102.34,8.68],[102.26,8.68],[102.26,8.6]]],[[[102.34,8.6],[102.42,8.6],[102.42,8.68],[102.34,8.68],[102.34,8.6]]],[[[102.42,8.6],[102.5,8.6],[102.5,8.68],[102.42,8.68],[102.42,8.6]]],[[[102.5,8.6],[102.58,8.6],[102.58,8.68],[102.5,8.68],[102.5,8.6]]],[[[102.58,8.6],[102.66,8.6],[102.66,8.68],[102.58,8.68],[102.58,8.6]]],[[[102.66,8.6],[102.74,8.6],[102.74,8.68],[102.66,8.68],[102.66,8.6]]],[[[102.74,8.6],[102.82,8.6],[102.82,8.68],[102.74,8.68],[102.74,8.6]]],[[[102.82,8.6],[102.89999999999999,8.6],[102.89999999999999,8.68],[102.82,8.68],[102.82,8.6]]],[[[102.9,8.6],[102.98,8.6],[102.98,8.68],[102.9,8.68],[102.9,8.6]]],[[[102.98,8.6],[103.06,8.6],[103.06,8.68],[102.98,8.68],[102.98,8.6]]],[[[99.94,8.68],[100.02,8.68],[100.02,8.76],[99.94,8.76],[99.94,8.68]]],[[[100.02,8.68],[100.1,8.68],[100.1,8.76],[100.02,8.76],[100.02,8.68]]],[[[100.1,8.68],[100.17999999999999,8.68],[100.17999999999999,8.76],[100.1,8.76],[100.1,8.68]]],[[[100.18,8.68],[100.26,8.68],[100.26,8.76],[100.18,8.76],[100.18,8.68]]],[[[100.26,8.68],[100.34,8.68],[100.34,8.76],[100.26,8.76],[100.26,8.68]]],[[[100.34,8.68],[100.42,8.68],[100.42,8.76],[100.34,8.76],[100.34,8.68]]],[[[100.42,8.68],[100.5,8.68],[100.5,8.76],[100.42,8.76],[100.42,8.68]]],[[[100.5,8.68],[100.58,8.68],[100.58,8.76],[100.5,8.76],[100.5,8.68]]],[[[100.58,8.68],[100.66,8.68],[100.66,8.76],[100.58,8.76],[100.58,8.68]]],[[[100.66,8.68],[100.74,8.68],[100.74,8.76],[100.66,8.76],[100.66,8.68]]],[[[100.74,8.68],[100.82,8.68],[100.82,8.76],[100.74,8.76],[100.74,8.68]]],[[[100.82,8.68],[100.89999999999999,8.68],[100.89999999999999,8.76],[100.82,8.76],[100.82,8.68]]],[[[100.9,8.68],[100.98,8.68],[100.98,8.76],[100.9,8.76],[100.9,8.68]]],[[[100.98,8.68],[101.06,8.68],[101.06,8.76],[100.98,8.76],[100.98,8.68]]],[[[101.06,8.68],[101.14,8.68],[101.14,8.76],[101.06,8.76],[101.06,8.68]]],[[[101.14,8.68],[101.22,8.68],[101.22,8.76],[101.14,8.76],[101.14,8.68]]],[[[101.22,8.68],[101.3,8.68],[101.3,8.76],[101.22,8.76],[101.22,8.68]]],[[[101.3,8.68],[101.38,8.68],[101.38,8.76],[101.3,8.76],[101.3,8.68]]],[[[101.38,8.68],[101.46,8.68],[101.46,8.76],[101.38,8.76],[101.38,8.68]]],[[[101.46,8.68],[101.53999999999999,8.68],[101.53999999999999,8.76],[101.46,8.76],[101.46,8.68]]],[[[101.54,8.68],[101.62,8.68],[101.62,8.76],[101.54,8.76],[101.54,8.68]]],[[[101.62,8.68],[101.7,8.68],[101.7,8.76],[101.62,8.76],[101.62,8.68]]],[[[101.7,8.68],[101.78,8.68],[101.78,8.76],[101.7,8.76],[101.7,8.68]]],[[[101.78,8.68],[101.86,8.68],[101.86,8.76],[101.78,8.76],[101.78,8.68]]],[[[101.86,8.68],[101.94,8.68],[101.94,8.76],[101.86,8.76],[101.86,8.68]]],[[[101.94,8.68],[102.02,8.68],[102.02,8.76],[101.94,8.76],[101.94,8.68]]],[[[102.02,8.68],[102.1,8.68],[102.1,8.76],[102.02,8.76],[102.02,8.68]]],[[[102.1,8.68],[102.17999999999999,8.68],[102.17999999999999,8.76],[102.1,8.76],[102.1,8.68]]],[[[102.18,8.68],[102.26,8.68],[102.26,8.76],[102.18,8.76],[102.18,8.68]]],[[[102.26,8.68],[102.34,8.68],[102.34,8.76],[102.26,8.76],[102.26,8.68]]],[[[102.34,8.68],[102.42,8.68],[102.42,8.76],[102.34,8.76],[102.34,8.68]]],[[[102.42,8.68],[102.5,8.68],[102.5,8.76],[102.42,8.76],[102.42,8.68]]],[[[102.5,8.68],[102.58,8.68],[102.58,8.76],[102.5,8.76],[102.5,8.68]]],[[[102.58,8.68],[102.66,8.68],[102.66,8.76],[102.58,8.76],[102.58,8.68]]],[[[102.66,8.68],[102.74,8.68],[102.74,8.76],[102.66,8.76],[102.66,8.68]]],[[[102.74,8.68],[102.82,8.68],[102.82,8.76],[102.74,8.76],[102.74,8.68]]],[[[102.82,8.68],[102.89999999999999,8.68],[102.89999999999999,8.76],[102.82,8.76],[102.82,8.68]]],[[[102.9,8.68],[102.98,8.68],[102.98,8.76],[102.9,8.76],[102.9,8.68]]],[[[102.98,8.68],[103.06,8.68],[103.06,8.76],[102.98,8.76],[102.98,8.68]]],[[[103.06,8.68],[103.14,8.68],[103.14,8.76],[103.06,8.76],[103.06,8.68]]],[[[103.14,8.68],[103.22,8.68],[103.22,8.76],[103.14,8.76],[103.14,8.68]]],[[[99.94,8.76],[100.02,8.76],[100.02,8.84],[99.94,8.84],[99.94,8.76]]],[[[100.02,8.76],[100.1,8.76],[100.1,8.84],[100.02,8.84],[100.02,8.76]]],[[[100.1,8.76],[100.17999999999999,8.76],[100.17999999999999,8.84],[100.1,8.84],[100.1,8.76]]],[[[100.18,8.76],[100.26,8.76],[100.26,8.84],[100.18,8.84],[100.18,8.76]]],[[[100.26,8.76],[100.34,8.76],[100.34,8.84],[100.26,8.84],[100.26,8.76]]],[[[100.34,8.76],[100.42,8.76],[100.42,8.84],[100.34,8.84],[100.34,8.76]]],[[[100.42,8.76],[100.5,8.76],[100.5,8.84],[100.42,8.84],[100.42,8.76]]],[[[100.5,8.76],[100.58,8.76],[100.58,8.84],[100.5,8.84],[100.5,8.76]]],[[[100.58,8.76],[100.66,8.76],[100.66,8.84],[100.58,8.84],[100.58,8.76]]],[[[100.66,8.76],[100.74,8.76],[100.74,8.84],[100.66,8.84],[100.66,8.76]]],[[[100.74,8.76],[100.82,8.76],[100.82,8.84],[100.74,8.84],[100.74,8.76]]],[[[100.82,8.76],[100.89999999999999,8.76],[100.89999999999999,8.84],[100.82,8.84],[100.82,8.76]]],[[[100.9,8.76],[100.98,8.76],[100.98,8.84],[100.9,8.84],[100.9,8.76]]],[[[100.98,8.76],[101.06,8.76],[101.06,8.84],[100.98,8.84],[100.98,8.76]]],[[[101.06,8.76],[101.14,8.76],[101.14,8.84],[101.06,8.84],[101.06,8.76]]],[[[101.14,8.76],[101.22,8.76],[101.22,8.84],[101.14,8.84],[101.14,8.76]]],[[[101.22,8.76],[101.3,8.76],[101.3,8.84],[101.22,8.84],[101.22,8.76]]],[[[101.3,8.76],[101.38,8.76],[101.38,8.84],[101.3,8.84],[101.3,8.76]]],[[[101.38,8.76],[101.46,8.76],[101.46,8.84],[101.38,8.84],[101.38,8.76]]],[[[101.46,8.76],[101.53999999999999,8.76],[101.53999999999999,8.84],[101.46,8.84],[101.46,8.76]]],[[[101.54,8.76],[101.62,8.76],[101.62,8.84],[101.54,8.84],[101.54,8.76]]],[[[101.62,8.76],[101.7,8.76],[101.7,8.84],[101.62,8.84],[101.62,8.76]]],[[[101.7,8.76],[101.78,8.76],[101.78,8.84],[101.7,8.84],[101.7,8.76]]],[[[101.78,8.76],[101.86,8.76],[101.86,8.84],[101.78,8.84],[101.78,8.76]]],[[[101.86,8.76],[101.94,8.76],[101.94,8.84],[101.86,8.84],[101.86,8.76]]],[[[101.94,8.76],[102.02,8.76],[102.02,8.84],[101.94,8.84],[101.94,8.76]]],[[[102.02,8.76],[102.1,8.76],[102.1,8.84],[102.02,8.84],[102.02,8.76]]],[[[102.1,8.76],[102.17999999999999,8.76],[102.17999999999999,8.84],[102.1,8.84],[102.1,8.76]]],[[[102.18,8.76],[102.26,8.76],[102.26,8.84],[102.18,8.84],[102.18,8.76]]],[[[102.26,8.76],[102.34,8.76],[102.34,8.84],[102.26,8.84],[102.26,8.76]]],[[[102.34,8.76],[102.42,8.76],[102.42,8.84],[102.34,8.84],[102.34,8.76]]],[[[102.42,8.76],[102.5,8.76],[102.5,8.84],[102.42,8.84],[102.42,8.76]]],[[[102.5,8.76],[102.58,8.76],[102.58,8.84],[102.5,8.84],[102.5,8.76]]],[[[102.58,8.76],[102.66,8.76],[102.66,8.84],[102.58,8.84],[102.58,8.76]]],[[[102.66,8.76],[102.74,8.76],[102.74,8.84],[102.66,8.84],[102.66,8.76]]],[[[102.74,8.76],[102.82,8.76],[102.82,8.84],[102.74,8.84],[102.74,8.76]]],[[[102.82,8.76],[102.89999999999999,8.76],[102.89999999999999,8.84],[102.82,8.84],[102.82,8.76]]],[[[102.9,8.76],[102.98,8.76],[102.98,8.84],[102.9,8.84],[102.9,8.76]]],[[[102.98,8.76],[103.06,8.76],[103.06,8.84],[102.98,8.84],[102.98,8.76]]],[[[103.06,8.76],[103.14,8.76],[103.14,8.84],[103.06,8.84],[103.06,8.76]]],[[[103.14,8.76],[103.22,8.76],[103.22,8.84],[103.14,8.84],[103.14,8.76]]],[[[103.22,8.76],[103.3,8.76],[103.3,8.84],[103.22,8.84],[103.22,8.76]]],[[[103.3,8.76],[103.38,8.76],[103.38,8.84],[103.3,8.84],[103.3,8.76]]],[[[99.94,8.84],[100.02,8.84],[100.02,8.92],[99.94,8.92],[99.94,8.84]]],[[[100.02,8.84],[100.1,8.84],[100.1,8.92],[100.02,8.92],[100.02,8.84]]],[[[100.1,8.84],[100.17999999999999,8.84],[100.17999999999999,8.92],[100.1,8.92],[100.1,8.84]]],[[[100.18,8.84],[100.26,8.84],[100.26,8.92],[100.18,8.92],[100.18,8.84]]],[[[100.26,8.84],[100.34,8.84],[100.34,8.92],[100.26,8.92],[100.26,8.84]]],[[[100.34,8.84],[100.42,8.84],[100.42,8.92],[100.34,8.92],[100.34,8.84]]],[[[100.42,8.84],[100.5,8.84],[100.5,8.92],[100.42,8.92],[100.42,8.84]]],[[[100.5,8.84],[100.58,8.84],[100.58,8.92],[100.5,8.92],[100.5,8.84]]],[[[100.58,8.84],[100.66,8.84],[100.66,8.92],[100.58,8.92],[100.58,8.84]]],[[[100.66,8.84],[100.74,8.84],[100.74,8.92],[100.66,8.92],[100.66,8.84]]],[[[100.74,8.84],[100.82,8.84],[100.82,8.92],[100.74,8.92],[100.74,8.84]]],[[[100.82,8.84],[100.89999999999999,8.84],[100.89999999999999,8.92],[100.82,8.92],[100.82,8.84]]],[[[100.9,8.84],[100.98,8.84],[100.98,8.92],[100.9,8.92],[100.9,8.84]]],[[[100.98,8.84],[101.06,8.84],[101.06,8.92],[100.98,8.92],[100.98,8.84]]],[[[101.06,8.84],[101.14,8.84],[101.14,8.92],[101.06,8.92],[101.06,8.84]]],[[[101.14,8.84],[101.22,8.84],[101.22,8.92],[101.14,8.92],[101.14,8.84]]],[[[101.22,8.84],[101.3,8.84],[101.3,8.92],[101.22,8.92],[101.22,8.84]]],[[[101.3,8.84],[101.38,8.84],[101.38,8.92],[101.3,8.92],[101.3,8.84]]],[[[101.38,8.84],[101.46,8.84],[101.46,8.92],[101.38,8.92],[101.38,8.84]]],[[[101.46,8.84],[101.53999999999999,8.84],[101.53999999999999,8.92],[101.46,8.92],[101.46,8.84]]],[[[101.54,8.84],[101.62,8.84],[101.62,8.92],[101.54,8.92],[101.54,8.84]]],[[[101.62,8.84],[101.7,8.84],[101.7,8.92],[101.62,8.92],[101.62,8.84]]],[[[101.7,8.84],[101.78,8.84],[101.78,8.92],[101.7,8.92],[101.7,8.84]]],[[[101.78,8.84],[101.86,8.84],[101.86,8.92],[101.78,8.92],[101.78,8.84]]],[[[101.86,8.84],[101.94,8.84],[101.94,8.92],[101.86,8.92],[101.86,8.84]]],[[[101.94,8.84],[102.02,8.84],[102.02,8.92],[101.94,8.92],[101.94,8.84]]],[[[102.02,8.84],[102.1,8.84],[102.1,8.92],[102.02,8.92],[102.02,8.84]]],[[[102.1,8.84],[102.17999999999999,8.84],[102.17999999999999,8.92],[102.1,8.92],[102.1,8.84]]],[[[102.18,8.84],[102.26,8.84],[102.26,8.92],[102.18,8.92],[102.18,8.84]]],[[[102.26,8.84],[102.34,8.84],[102.34,8.92],[102.26,8.92],[102.26,8.84]]],[[[102.34,8.84],[102.42,8.84],[102.42,8.92],[102.34,8.92],[102.34,8.84]]],[[[102.42,8.84],[102.5,8.84],[102.5,8.92],[102.42,8.92],[102.42,8.84]]],[[[102.5,8.84],[102.58,8.84],[102.58,8.92],[102.5,8.92],[102.5,8.84]]],[[[102.58,8.84],[102.66,8.84],[102.66,8.92],[102.58,8.92],[102.58,8.84]]],[[[102.66,8.84],[102.74,8.84],[102.74,8.92],[102.66,8.92],[102.66,8.84]]],[[[102.74,8.84],[102.82,8.84],[102.82,8.92],[102.74,8.92],[102.74,8.84]]],[[[102.82,8.84],[102.89999999999999,8.84],[102.89999999999999,8.92],[102.82,8.92],[102.82,8.84]]],[[[102.9,8.84],[102.98,8.84],[102.98,8.92],[102.9,8.92],[102.9,8.84]]],[[[102.98,8.84],[103.06,8.84],[103.06,8.92],[102.98,8.92],[102.98,8.84]]],[[[103.06,8.84],[103.14,8.84],[103.14,8.92],[103.06,8.92],[103.06,8.84]]],[[[103.14,8.84],[103.22,8.84],[103.22,8.92],[103.14,8.92],[103.14,8.84]]],[[[103.22,8.84],[103.3,8.84],[103.3,8.92],[103.22,8.92],[103.22,8.84]]],[[[103.3,8.84],[103.38,8.84],[103.38,8.92],[103.3,8.92],[103.3,8.84]]],[[[103.38,8.84],[103.46,8.84],[103.46,8.92],[103.38,8.92],[103.38,8.84]]],[[[103.46,8.84],[103.53999999999999,8.84],[103.53999999999999,8.92],[103.46,8.92],[103.46,8.84]]],[[[99.94,8.92],[100.02,8.92],[100.02,9],[99.94,9],[99.94,8.92]]],[[[100.02,8.92],[100.1,8.92],[100.1,9],[100.02,9],[100.02,8.92]]],[[[100.1,8.92],[100.17999999999999,8.92],[100.17999999999999,9],[100.1,9],[100.1,8.92]]],[[[100.18,8.92],[100.26,8.92],[100.26,9],[100.18,9],[100.18,8.92]]],[[[100.26,8.92],[100.34,8.92],[100.34,9],[100.26,9],[100.26,8.92]]],[[[100.34,8.92],[100.42,8.92],[100.42,9],[100.34,9],[100.34,8.92]]],[[[100.42,8.92],[100.5,8.92],[100.5,9],[100.42,9],[100.42,8.92]]],[[[100.5,8.92],[100.58,8.92],[100.58,9],[100.5,9],[100.5,8.92]]],[[[100.58,8.92],[100.66,8.92],[100.66,9],[100.58,9],[100.58,8.92]]],[[[100.66,8.92],[100.74,8.92],[100.74,9],[100.66,9],[100.66,8.92]]],[[[100.74,8.92],[100.82,8.92],[100.82,9],[100.74,9],[100.74,8.92]]],[[[100.82,8.92],[100.89999999999999,8.92],[100.89999999999999,9],[100.82,9],[100.82,8.92]]],[[[100.9,8.92],[100.98,8.92],[100.98,9],[100.9,9],[100.9,8.92]]],[[[100.98,8.92],[101.06,8.92],[101.06,9],[100.98,9],[100.98,8.92]]],[[[101.06,8.92],[101.14,8.92],[101.14,9],[101.06,9],[101.06,8.92]]],[[[101.14,8.92],[101.22,8.92],[101.22,9],[101.14,9],[101.14,8.92]]],[[[101.22,8.92],[101.3,8.92],[101.3,9],[101.22,9],[101.22,8.92]]],[[[101.3,8.92],[101.38,8.92],[101.38,9],[101.3,9],[101.3,8.92]]],[[[101.38,8.92],[101.46,8.92],[101.46,9],[101.38,9],[101.38,8.92]]],[[[101.46,8.92],[101.53999999999999,8.92],[101.53999999999999,9],[101.46,9],[101.46,8.92]]],[[[101.54,8.92],[101.62,8.92],[101.62,9],[101.54,9],[101.54,8.92]]],[[[101.62,8.92],[101.7,8.92],[101.7,9],[101.62,9],[101.62,8.92]]],[[[101.7,8.92],[101.78,8.92],[101.78,9],[101.7,9],[101.7,8.92]]],[[[101.78,8.92],[101.86,8.92],[101.86,9],[101.78,9],[101.78,8.92]]],[[[101.86,8.92],[101.94,8.92],[101.94,9],[101.86,9],[101.86,8.92]]],[[[101.94,8.92],[102.02,8.92],[102.02,9],[101.94,9],[101.94,8.92]]],[[[102.02,8.92],[102.1,8.92],[102.1,9],[102.02,9],[102.02,8.92]]],[[[102.1,8.92],[102.17999999999999,8.92],[102.17999999999999,9],[102.1,9],[102.1,8.92]]],[[[102.18,8.92],[102.26,8.92],[102.26,9],[102.18,9],[102.18,8.92]]],[[[102.26,8.92],[102.34,8.92],[102.34,9],[102.26,9],[102.26,8.92]]],[[[102.34,8.92],[102.42,8.92],[102.42,9],[102.34,9],[102.34,8.92]]],[[[102.42,8.92],[102.5,8.92],[102.5,9],[102.42,9],[102.42,8.92]]],[[[102.5,8.92],[102.58,8.92],[102.58,9],[102.5,9],[102.5,8.92]]],[[[102.58,8.92],[102.66,8.92],[102.66,9],[102.58,9],[102.58,8.92]]],[[[102.66,8.92],[102.74,8.92],[102.74,9],[102.66,9],[102.66,8.92]]],[[[102.74,8.92],[102.82,8.92],[102.82,9],[102.74,9],[102.74,8.92]]],[[[102.82,8.92],[102.89999999999999,8.92],[102.89999999999999,9],[102.82,9],[102.82,8.92]]],[[[102.9,8.92],[102.98,8.92],[102.98,9],[102.9,9],[102.9,8.92]]],[[[102.98,8.92],[103.06,8.92],[103.06,9],[102.98,9],[102.98,8.92]]],[[[103.06,8.92],[103.14,8.92],[103.14,9],[103.06,9],[103.06,8.92]]],[[[103.14,8.92],[103.22,8.92],[103.22,9],[103.14,9],[103.14,8.92]]],[[[103.22,8.92],[103.3,8.92],[103.3,9],[103.22,9],[103.22,8.92]]],[[[103.3,8.92],[103.38,8.92],[103.38,9],[103.3,9],[103.3,8.92]]],[[[99.94,9],[100.02,9],[100.02,9.08],[99.94,9.08],[99.94,9]]],[[[100.02,9],[100.1,9],[100.1,9.08],[100.02,9.08],[100.02,9]]],[[[100.1,9],[100.17999999999999,9],[100.17999999999999,9.08],[100.1,9.08],[100.1,9]]],[[[100.18,9],[100.26,9],[100.26,9.08],[100.18,9.08],[100.18,9]]],[[[100.26,9],[100.34,9],[100.34,9.08],[100.26,9.08],[100.26,9]]],[[[100.34,9],[100.42,9],[100.42,9.08],[100.34,9.08],[100.34,9]]],[[[100.42,9],[100.5,9],[100.5,9.08],[100.42,9.08],[100.42,9]]],[[[100.5,9],[100.58,9],[100.58,9.08],[100.5,9.08],[100.5,9]]],[[[100.58,9],[100.66,9],[100.66,9.08],[100.58,9.08],[100.58,9]]],[[[100.66,9],[100.74,9],[100.74,9.08],[100.66,9.08],[100.66,9]]],[[[100.74,9],[100.82,9],[100.82,9.08],[100.74,9.08],[100.74,9]]],[[[100.82,9],[100.89999999999999,9],[100.89999999999999,9.08],[100.82,9.08],[100.82,9]]],[[[100.9,9],[100.98,9],[100.98,9.08],[100.9,9.08],[100.9,9]]],[[[100.98,9],[101.06,9],[101.06,9.08],[100.98,9.08],[100.98,9]]],[[[101.06,9],[101.14,9],[101.14,9.08],[101.06,9.08],[101.06,9]]],[[[101.14,9],[101.22,9],[101.22,9.08],[101.14,9.08],[101.14,9]]],[[[101.22,9],[101.3,9],[101.3,9.08],[101.22,9.08],[101.22,9]]],[[[101.3,9],[101.38,9],[101.38,9.08],[101.3,9.08],[101.3,9]]],[[[101.38,9],[101.46,9],[101.46,9.08],[101.38,9.08],[101.38,9]]],[[[101.46,9],[101.53999999999999,9],[101.53999999999999,9.08],[101.46,9.08],[101.46,9]]],[[[101.54,9],[101.62,9],[101.62,9.08],[101.54,9.08],[101.54,9]]],[[[101.62,9],[101.7,9],[101.7,9.08],[101.62,9.08],[101.62,9]]],[[[101.7,9],[101.78,9],[101.78,9.08],[101.7,9.08],[101.7,9]]],[[[101.78,9],[101.86,9],[101.86,9.08],[101.78,9.08],[101.78,9]]],[[[101.86,9],[101.94,9],[101.94,9.08],[101.86,9.08],[101.86,9]]],[[[101.94,9],[102.02,9],[102.02,9.08],[101.94,9.08],[101.94,9]]],[[[102.02,9],[102.1,9],[102.1,9.08],[102.02,9.08],[102.02,9]]],[[[102.1,9],[102.17999999999999,9],[102.17999999999999,9.08],[102.1,9.08],[102.1,9]]],[[[102.18,9],[102.26,9],[102.26,9.08],[102.18,9.08],[102.18,9]]],[[[102.26,9],[102.34,9],[102.34,9.08],[102.26,9.08],[102.26,9]]],[[[102.34,9],[102.42,9],[102.42,9.08],[102.34,9.08],[102.34,9]]],[[[102.42,9],[102.5,9],[102.5,9.08],[102.42,9.08],[102.42,9]]],[[[102.5,9],[102.58,9],[102.58,9.08],[102.5,9.08],[102.5,9]]],[[[102.58,9],[102.66,9],[102.66,9.08],[102.58,9.08],[102.58,9]]],[[[102.66,9],[102.74,9],[102.74,9.08],[102.66,9.08],[102.66,9]]],[[[102.74,9],[102.82,9],[102.82,9.08],[102.74,9.08],[102.74,9]]],[[[102.82,9],[102.89999999999999,9],[102.89999999999999,9.08],[102.82,9.08],[102.82,9]]],[[[102.9,9],[102.98,9],[102.98,9.08],[102.9,9.08],[102.9,9]]],[[[102.98,9],[103.06,9],[103.06,9.08],[102.98,9.08],[102.98,9]]],[[[103.06,9],[103.14,9],[103.14,9.08],[103.06,9.08],[103.06,9]]],[[[103.14,9],[103.22,9],[103.22,9.08],[103.14,9.08],[103.14,9]]],[[[103.22,9],[103.3,9],[103.3,9.08],[103.22,9.08],[103.22,9]]],[[[99.86,9.08],[99.94,9.08],[99.94,9.16],[99.86,9.16],[99.86,9.08]]],[[[99.94,9.08],[100.02,9.08],[100.02,9.16],[99.94,9.16],[99.94,9.08]]],[[[100.02,9.08],[100.1,9.08],[100.1,9.16],[100.02,9.16],[100.02,9.08]]],[[[100.1,9.08],[100.17999999999999,9.08],[100.17999999999999,9.16],[100.1,9.16],[100.1,9.08]]],[[[100.18,9.08],[100.26,9.08],[100.26,9.16],[100.18,9.16],[100.18,9.08]]],[[[100.26,9.08],[100.34,9.08],[100.34,9.16],[100.26,9.16],[100.26,9.08]]],[[[100.74,9.08],[100.82,9.08],[100.82,9.16],[100.74,9.16],[100.74,9.08]]],[[[100.82,9.08],[100.89999999999999,9.08],[100.89999999999999,9.16],[100.82,9.16],[100.82,9.08]]],[[[100.9,9.08],[100.98,9.08],[100.98,9.16],[100.9,9.16],[100.9,9.08]]],[[[100.98,9.08],[101.06,9.08],[101.06,9.16],[100.98,9.16],[100.98,9.08]]],[[[101.06,9.08],[101.14,9.08],[101.14,9.16],[101.06,9.16],[101.06,9.08]]],[[[101.14,9.08],[101.22,9.08],[101.22,9.16],[101.14,9.16],[101.14,9.08]]],[[[101.22,9.08],[101.3,9.08],[101.3,9.16],[101.22,9.16],[101.22,9.08]]],[[[101.3,9.08],[101.38,9.08],[101.38,9.16],[101.3,9.16],[101.3,9.08]]],[[[101.38,9.08],[101.46,9.08],[101.46,9.16],[101.38,9.16],[101.38,9.08]]],[[[101.46,9.08],[101.53999999999999,9.08],[101.53999999999999,9.16],[101.46,9.16],[101.46,9.08]]],[[[101.54,9.08],[101.62,9.08],[101.62,9.16],[101.54,9.16],[101.54,9.08]]],[[[101.62,9.08],[101.7,9.08],[101.7,9.16],[101.62,9.16],[101.62,9.08]]],[[[101.7,9.08],[101.78,9.08],[101.78,9.16],[101.7,9.16],[101.7,9.08]]],[[[101.78,9.08],[101.86,9.08],[101.86,9.16],[101.78,9.16],[101.78,9.08]]],[[[101.86,9.08],[101.94,9.08],[101.94,9.16],[101.86,9.16],[101.86,9.08]]],[[[101.94,9.08],[102.02,9.08],[102.02,9.16],[101.94,9.16],[101.94,9.08]]],[[[102.02,9.08],[102.1,9.08],[102.1,9.16],[102.02,9.16],[102.02,9.08]]],[[[102.1,9.08],[102.17999999999999,9.08],[102.17999999999999,9.16],[102.1,9.16],[102.1,9.08]]],[[[102.18,9.08],[102.26,9.08],[102.26,9.16],[102.18,9.16],[102.18,9.08]]],[[[102.26,9.08],[102.34,9.08],[102.34,9.16],[102.26,9.16],[102.26,9.08]]],[[[102.34,9.08],[102.42,9.08],[102.42,9.16],[102.34,9.16],[102.34,9.08]]],[[[102.42,9.08],[102.5,9.08],[102.5,9.16],[102.42,9.16],[102.42,9.08]]],[[[102.5,9.08],[102.58,9.08],[102.58,9.16],[102.5,9.16],[102.5,9.08]]],[[[102.58,9.08],[102.66,9.08],[102.66,9.16],[102.58,9.16],[102.58,9.08]]],[[[102.66,9.08],[102.74,9.08],[102.74,9.16],[102.66,9.16],[102.66,9.08]]],[[[102.74,9.08],[102.82,9.08],[102.82,9.16],[102.74,9.16],[102.74,9.08]]],[[[102.82,9.08],[102.89999999999999,9.08],[102.89999999999999,9.16],[102.82,9.16],[102.82,9.08]]],[[[102.9,9.08],[102.98,9.08],[102.98,9.16],[102.9,9.16],[102.9,9.08]]],[[[102.98,9.08],[103.06,9.08],[103.06,9.16],[102.98,9.16],[102.98,9.08]]],[[[103.06,9.08],[103.14,9.08],[103.14,9.16],[103.06,9.16],[103.06,9.08]]],[[[99.86,9.16],[99.94,9.16],[99.94,9.24],[99.86,9.24],[99.86,9.16]]],[[[99.94,9.16],[100.02,9.16],[100.02,9.24],[99.94,9.24],[99.94,9.16]]],[[[100.02,9.16],[100.1,9.16],[100.1,9.24],[100.02,9.24],[100.02,9.16]]],[[[100.1,9.16],[100.17999999999999,9.16],[100.17999999999999,9.24],[100.1,9.24],[100.1,9.16]]],[[[100.82,9.16],[100.89999999999999,9.16],[100.89999999999999,9.24],[100.82,9.24],[100.82,9.16]]],[[[100.9,9.16],[100.98,9.16],[100.98,9.24],[100.9,9.24],[100.9,9.16]]],[[[100.98,9.16],[101.06,9.16],[101.06,9.24],[100.98,9.24],[100.98,9.16]]],[[[101.06,9.16],[101.14,9.16],[101.14,9.24],[101.06,9.24],[101.06,9.16]]],[[[101.14,9.16],[101.22,9.16],[101.22,9.24],[101.14,9.24],[101.14,9.16]]],[[[101.22,9.16],[101.3,9.16],[101.3,9.24],[101.22,9.24],[101.22,9.16]]],[[[101.3,9.16],[101.38,9.16],[101.38,9.24],[101.3,9.24],[101.3,9.16]]],[[[101.38,9.16],[101.46,9.16],[101.46,9.24],[101.38,9.24],[101.38,9.16]]],[[[101.46,9.16],[101.53999999999999,9.16],[101.53999999999999,9.24],[101.46,9.24],[101.46,9.16]]],[[[101.54,9.16],[101.62,9.16],[101.62,9.24],[101.54,9.24],[101.54,9.16]]],[[[101.62,9.16],[101.7,9.16],[101.7,9.24],[101.62,9.24],[101.62,9.16]]],[[[101.7,9.16],[101.78,9.16],[101.78,9.24],[101.7,9.24],[101.7,9.16]]],[[[101.78,9.16],[101.86,9.16],[101.86,9.24],[101.78,9.24],[101.78,9.16]]],[[[101.86,9.16],[101.94,9.16],[101.94,9.24],[101.86,9.24],[101.86,9.16]]],[[[101.94,9.16],[102.02,9.16],[102.02,9.24],[101.94,9.24],[101.94,9.16]]],[[[102.02,9.16],[102.1,9.16],[102.1,9.24],[102.02,9.24],[102.02,9.16]]],[[[102.1,9.16],[102.17999999999999,9.16],[102.17999999999999,9.24],[102.1,9.24],[102.1,9.16]]],[[[102.18,9.16],[102.26,9.16],[102.26,9.24],[102.18,9.24],[102.18,9.16]]],[[[102.26,9.16],[102.34,9.16],[102.34,9.24],[102.26,9.24],[102.26,9.16]]],[[[102.34,9.16],[102.42,9.16],[102.42,9.24],[102.34,9.24],[102.34,9.16]]],[[[102.42,9.16],[102.5,9.16],[102.5,9.24],[102.42,9.24],[102.42,9.16]]],[[[102.5,9.16],[102.58,9.16],[102.58,9.24],[102.5,9.24],[102.5,9.16]]],[[[102.58,9.16],[102.66,9.16],[102.66,9.24],[102.58,9.24],[102.58,9.16]]],[[[102.66,9.16],[102.74,9.16],[102.74,9.24],[102.66,9.24],[102.66,9.16]]],[[[102.74,9.16],[102.82,9.16],[102.82,9.24],[102.74,9.24],[102.74,9.16]]],[[[102.82,9.16],[102.89999999999999,9.16],[102.89999999999999,9.24],[102.82,9.24],[102.82,9.16]]],[[[102.9,9.16],[102.98,9.16],[102.98,9.24],[102.9,9.24],[102.9,9.16]]],[[[99.86,9.24],[99.94,9.24],[99.94,9.32],[99.86,9.32],[99.86,9.24]]],[[[99.94,9.24],[100.02,9.24],[100.02,9.32],[99.94,9.32],[99.94,9.24]]],[[[100.98,9.24],[101.06,9.24],[101.06,9.32],[100.98,9.32],[100.98,9.24]]],[[[101.06,9.24],[101.14,9.24],[101.14,9.32],[101.06,9.32],[101.06,9.24]]],[[[101.14,9.24],[101.22,9.24],[101.22,9.32],[101.14,9.32],[101.14,9.24]]],[[[101.22,9.24],[101.3,9.24],[101.3,9.32],[101.22,9.32],[101.22,9.24]]],[[[101.3,9.24],[101.38,9.24],[101.38,9.32],[101.3,9.32],[101.3,9.24]]],[[[101.38,9.24],[101.46,9.24],[101.46,9.32],[101.38,9.32],[101.38,9.24]]],[[[101.46,9.24],[101.53999999999999,9.24],[101.53999999999999,9.32],[101.46,9.32],[101.46,9.24]]],[[[101.54,9.24],[101.62,9.24],[101.62,9.32],[101.54,9.32],[101.54,9.24]]],[[[101.62,9.24],[101.7,9.24],[101.7,9.32],[101.62,9.32],[101.62,9.24]]],[[[101.7,9.24],[101.78,9.24],[101.78,9.32],[101.7,9.32],[101.7,9.24]]],[[[101.78,9.24],[101.86,9.24],[101.86,9.32],[101.78,9.32],[101.78,9.24]]],[[[101.86,9.24],[101.94,9.24],[101.94,9.32],[101.86,9.32],[101.86,9.24]]],[[[101.94,9.24],[102.02,9.24],[102.02,9.32],[101.94,9.32],[101.94,9.24]]],[[[102.02,9.24],[102.1,9.24],[102.1,9.32],[102.02,9.32],[102.02,9.24]]],[[[102.1,9.24],[102.17999999999999,9.24],[102.17999999999999,9.32],[102.1,9.32],[102.1,9.24]]],[[[102.18,9.24],[102.26,9.24],[102.26,9.32],[102.18,9.32],[102.18,9.24]]],[[[102.26,9.24],[102.34,9.24],[102.34,9.32],[102.26,9.32],[102.26,9.24]]],[[[102.34,9.24],[102.42,9.24],[102.42,9.32],[102.34,9.32],[102.34,9.24]]],[[[102.42,9.24],[102.5,9.24],[102.5,9.32],[102.42,9.32],[102.42,9.24]]],[[[102.5,9.24],[102.58,9.24],[102.58,9.32],[102.5,9.32],[102.5,9.24]]],[[[102.58,9.24],[102.66,9.24],[102.66,9.32],[102.58,9.32],[102.58,9.24]]],[[[102.66,9.24],[102.74,9.24],[102.74,9.32],[102.66,9.32],[102.66,9.24]]],[[[102.74,9.24],[102.82,9.24],[102.82,9.32],[102.74,9.32],[102.74,9.24]]],[[[99.78,9.32],[99.86,9.32],[99.86,9.4],[99.78,9.4],[99.78,9.32]]],[[[101.06,9.32],[101.14,9.32],[101.14,9.4],[101.06,9.4],[101.06,9.32]]],[[[101.14,9.32],[101.22,9.32],[101.22,9.4],[101.14,9.4],[101.14,9.32]]],[[[101.22,9.32],[101.3,9.32],[101.3,9.4],[101.22,9.4],[101.22,9.32]]],[[[101.3,9.32],[101.38,9.32],[101.38,9.4],[101.3,9.4],[101.3,9.32]]],[[[101.38,9.32],[101.46,9.32],[101.46,9.4],[101.38,9.4],[101.38,9.32]]],[[[101.46,9.32],[101.53999999999999,9.32],[101.53999999999999,9.4],[101.46,9.4],[101.46,9.32]]],[[[101.54,9.32],[101.62,9.32],[101.62,9.4],[101.54,9.4],[101.54,9.32]]],[[[101.62,9.32],[101.7,9.32],[101.7,9.4],[101.62,9.4],[101.62,9.32]]],[[[101.7,9.32],[101.78,9.32],[101.78,9.4],[101.7,9.4],[101.7,9.32]]],[[[101.78,9.32],[101.86,9.32],[101.86,9.4],[101.78,9.4],[101.78,9.32]]],[[[101.86,9.32],[101.94,9.32],[101.94,9.4],[101.86,9.4],[101.86,9.32]]],[[[101.94,9.32],[102.02,9.32],[102.02,9.4],[101.94,9.4],[101.94,9.32]]],[[[102.02,9.32],[102.1,9.32],[102.1,9.4],[102.02,9.4],[102.02,9.32]]],[[[102.1,9.32],[102.17999999999999,9.32],[102.17999999999999,9.4],[102.1,9.4],[102.1,9.32]]],[[[102.18,9.32],[102.26,9.32],[102.26,9.4],[102.18,9.4],[102.18,9.32]]],[[[102.26,9.32],[102.34,9.32],[102.34,9.4],[102.26,9.4],[102.26,9.32]]],[[[102.34,9.32],[102.42,9.32],[102.42,9.4],[102.34,9.4],[102.34,9.32]]],[[[102.42,9.32],[102.5,9.32],[102.5,9.4],[102.42,9.4],[102.42,9.32]]],[[[102.5,9.32],[102.58,9.32],[102.58,9.4],[102.5,9.4],[102.5,9.32]]],[[[102.58,9.32],[102.66,9.32],[102.66,9.4],[102.58,9.4],[102.58,9.32]]],[[[102.66,9.32],[102.74,9.32],[102.74,9.4],[102.66,9.4],[102.66,9.32]]],[[[101.22,9.4],[101.3,9.4],[101.3,9.48],[101.22,9.48],[101.22,9.4]]],[[[101.3,9.4],[101.38,9.4],[101.38,9.48],[101.3,9.48],[101.3,9.4]]],[[[101.38,9.4],[101.46,9.4],[101.46,9.48],[101.38,9.48],[101.38,9.4]]],[[[101.46,9.4],[101.53999999999999,9.4],[101.53999999999999,9.48],[101.46,9.48],[101.46,9.4]]],[[[101.54,9.4],[101.62,9.4],[101.62,9.48],[101.54,9.48],[101.54,9.4]]],[[[101.62,9.4],[101.7,9.4],[101.7,9.48],[101.62,9.48],[101.62,9.4]]],[[[101.7,9.4],[101.78,9.4],[101.78,9.48],[101.7,9.48],[101.7,9.4]]],[[[101.78,9.4],[101.86,9.4],[101.86,9.48],[101.78,9.48],[101.78,9.4]]],[[[101.86,9.4],[101.94,9.4],[101.94,9.48],[101.86,9.48],[101.86,9.4]]],[[[101.94,9.4],[102.02,9.4],[102.02,9.48],[101.94,9.48],[101.94,9.4]]],[[[102.02,9.4],[102.1,9.4],[102.1,9.48],[102.02,9.48],[102.02,9.4]]],[[[102.1,9.4],[102.17999999999999,9.4],[102.17999999999999,9.48],[102.1,9.48],[102.1,9.4]]],[[[102.18,9.4],[102.26,9.4],[102.26,9.48],[102.18,9.48],[102.18,9.4]]],[[[102.26,9.4],[102.34,9.4],[102.34,9.48],[102.26,9.48],[102.26,9.4]]],[[[102.34,9.4],[102.42,9.4],[102.42,9.48],[102.34,9.48],[102.34,9.4]]],[[[102.42,9.4],[102.5,9.4],[102.5,9.48],[102.42,9.48],[102.42,9.4]]],[[[102.5,9.4],[102.58,9.4],[102.58,9.48],[102.5,9.48],[102.5,9.4]]],[[[101.38,9.48],[101.46,9.48],[101.46,9.56],[101.38,9.56],[101.38,9.48]]],[[[101.46,9.48],[101.53999999999999,9.48],[101.53999999999999,9.56],[101.46,9.56],[101.46,9.48]]],[[[101.54,9.48],[101.62,9.48],[101.62,9.56],[101.54,9.56],[101.54,9.48]]],[[[101.62,9.48],[101.7,9.48],[101.7,9.56],[101.62,9.56],[101.62,9.48]]],[[[101.7,9.48],[101.78,9.48],[101.78,9.56],[101.7,9.56],[101.7,9.48]]],[[[101.78,9.48],[101.86,9.48],[101.86,9.56],[101.78,9.56],[101.78,9.48]]],[[[101.86,9.48],[101.94,9.48],[101.94,9.56],[101.86,9.56],[101.86,9.48]]],[[[101.94,9.48],[102.02,9.48],[102.02,9.56],[101.94,9.56],[101.94,9.48]]],[[[102.02,9.48],[102.1,9.48],[102.1,9.56],[102.02,9.56],[102.02,9.48]]],[[[102.1,9.48],[102.17999999999999,9.48],[102.17999999999999,9.56],[102.1,9.56],[102.1,9.48]]],[[[102.18,9.48],[102.26,9.48],[102.26,9.56],[102.18,9.56],[102.18,9.48]]],[[[102.26,9.48],[102.34,9.48],[102.34,9.56],[102.26,9.56],[102.26,9.48]]],[[[102.34,9.48],[102.42,9.48],[102.42,9.56],[102.34,9.56],[102.34,9.48]]],[[[101.54,9.56],[101.62,9.56],[101.62,9.64],[101.54,9.64],[101.54,9.56]]],[[[101.62,9.56],[101.7,9.56],[101.7,9.64],[101.62,9.64],[101.62,9.56]]],[[[101.7,9.56],[101.78,9.56],[101.78,9.64],[101.7,9.64],[101.7,9.56]]],[[[101.78,9.56],[101.86,9.56],[101.86,9.64],[101.78,9.64],[101.78,9.56]]],[[[101.86,9.56],[101.94,9.56],[101.94,9.64],[101.86,9.64],[101.86,9.56]]],[[[101.94,9.56],[102.02,9.56],[102.02,9.64],[101.94,9.64],[101.94,9.56]]],[[[102.02,9.56],[102.1,9.56],[102.1,9.64],[102.02,9.64],[102.02,9.56]]],[[[102.1,9.56],[102.17999999999999,9.56],[102.17999999999999,9.64],[102.1,9.64],[102.1,9.56]]],[[[102.18,9.56],[102.26,9.56],[102.26,9.64],[102.18,9.64],[102.18,9.56]]],[[[102.26,9.56],[102.34,9.56],[102.34,9.64],[102.26,9.64],[102.26,9.56]]],[[[101.7,9.64],[101.78,9.64],[101.78,9.72],[101.7,9.72],[101.7,9.64]]],[[[101.78,9.64],[101.86,9.64],[101.86,9.72],[101.78,9.72],[101.78,9.64]]],[[[101.86,9.64],[101.94,9.64],[101.94,9.72],[101.86,9.72],[101.86,9.64]]],[[[101.94,9.64],[102.02,9.64],[102.02,9.72],[101.94,9.72],[101.94,9.64]]],[[[102.02,9.64],[102.1,9.64],[102.1,9.72],[102.02,9.72],[102.02,9.64]]],[[[102.1,9.64],[102.17999999999999,9.64],[102.17999999999999,9.72],[102.1,9.72],[102.1,9.64]]],[[[101.78,9.719999999999999],[101.86,9.719999999999999],[101.86,9.799999999999999],[101.78,9.799999999999999],[101.78,9.719999999999999]]],[[[101.86,9.719999999999999],[101.94,9.719999999999999],[101.94,9.799999999999999],[101.86,9.799999999999999],[101.86,9.719999999999999]]],[[[101.94,9.719999999999999],[102.02,9.719999999999999],[102.02,9.799999999999999],[101.94,9.799999999999999],[101.94,9.719999999999999]]]]}},{"type":"Feature","properties":{"region_id":"TH-96","region_iso":"TH-96","region_shape_id":"36821470B28924551841133","region_name":"Narathiwat","region_name_local":"Narathiwat","adm_level":"ADM1","zone_hint":"GOT","geometry_kind":"derived_marine_admin_polygon","derivation":"nearest_coastal_province_on_regular_sea_grid","cell_count":1297,"cell_size_deg":0.08},"geometry":{"type":"MultiPolygon","coordinates":[[[[100.5,5],[100.58,5],[100.58,5.08],[100.5,5.08],[100.5,5]]],[[[100.58,5],[100.66,5],[100.66,5.08],[100.58,5.08],[100.58,5]]],[[[100.66,5],[100.74,5],[100.74,5.08],[100.66,5.08],[100.66,5]]],[[[100.74,5],[100.82,5],[100.82,5.08],[100.74,5.08],[100.74,5]]],[[[100.82,5],[100.89999999999999,5],[100.89999999999999,5.08],[100.82,5.08],[100.82,5]]],[[[100.9,5],[100.98,5],[100.98,5.08],[100.9,5.08],[100.9,5]]],[[[100.98,5],[101.06,5],[101.06,5.08],[100.98,5.08],[100.98,5]]],[[[101.06,5],[101.14,5],[101.14,5.08],[101.06,5.08],[101.06,5]]],[[[101.14,5],[101.22,5],[101.22,5.08],[101.14,5.08],[101.14,5]]],[[[101.22,5],[101.3,5],[101.3,5.08],[101.22,5.08],[101.22,5]]],[[[101.3,5],[101.38,5],[101.38,5.08],[101.3,5.08],[101.3,5]]],[[[101.38,5],[101.46,5],[101.46,5.08],[101.38,5.08],[101.38,5]]],[[[101.46,5],[101.53999999999999,5],[101.53999999999999,5.08],[101.46,5.08],[101.46,5]]],[[[101.54,5],[101.62,5],[101.62,5.08],[101.54,5.08],[101.54,5]]],[[[101.62,5],[101.7,5],[101.7,5.08],[101.62,5.08],[101.62,5]]],[[[101.7,5],[101.78,5],[101.78,5.08],[101.7,5.08],[101.7,5]]],[[[101.78,5],[101.86,5],[101.86,5.08],[101.78,5.08],[101.78,5]]],[[[101.86,5],[101.94,5],[101.94,5.08],[101.86,5.08],[101.86,5]]],[[[101.94,5],[102.02,5],[102.02,5.08],[101.94,5.08],[101.94,5]]],[[[102.02,5],[102.1,5],[102.1,5.08],[102.02,5.08],[102.02,5]]],[[[102.1,5],[102.17999999999999,5],[102.17999999999999,5.08],[102.1,5.08],[102.1,5]]],[[[102.18,5],[102.26,5],[102.26,5.08],[102.18,5.08],[102.18,5]]],[[[102.26,5],[102.34,5],[102.34,5.08],[102.26,5.08],[102.26,5]]],[[[102.34,5],[102.42,5],[102.42,5.08],[102.34,5.08],[102.34,5]]],[[[102.42,5],[102.5,5],[102.5,5.08],[102.42,5.08],[102.42,5]]],[[[102.5,5],[102.58,5],[102.58,5.08],[102.5,5.08],[102.5,5]]],[[[102.58,5],[102.66,5],[102.66,5.08],[102.58,5.08],[102.58,5]]],[[[102.66,5],[102.74,5],[102.74,5.08],[102.66,5.08],[102.66,5]]],[[[102.74,5],[102.82,5],[102.82,5.08],[102.74,5.08],[102.74,5]]],[[[102.82,5],[102.89999999999999,5],[102.89999999999999,5.08],[102.82,5.08],[102.82,5]]],[[[102.9,5],[102.98,5],[102.98,5.08],[102.9,5.08],[102.9,5]]],[[[102.98,5],[103.06,5],[103.06,5.08],[102.98,5.08],[102.98,5]]],[[[103.06,5],[103.14,5],[103.14,5.08],[103.06,5.08],[103.06,5]]],[[[103.14,5],[103.22,5],[103.22,5.08],[103.14,5.08],[103.14,5]]],[[[103.22,5],[103.3,5],[103.3,5.08],[103.22,5.08],[103.22,5]]],[[[103.3,5],[103.38,5],[103.38,5.08],[103.3,5.08],[103.3,5]]],[[[103.38,5],[103.46,5],[103.46,5.08],[103.38,5.08],[103.38,5]]],[[[103.46,5],[103.53999999999999,5],[103.53999999999999,5.08],[103.46,5.08],[103.46,5]]],[[[103.54,5],[103.62,5],[103.62,5.08],[103.54,5.08],[103.54,5]]],[[[103.62,5],[103.7,5],[103.7,5.08],[103.62,5.08],[103.62,5]]],[[[103.7,5],[103.78,5],[103.78,5.08],[103.7,5.08],[103.7,5]]],[[[103.78,5],[103.86,5],[103.86,5.08],[103.78,5.08],[103.78,5]]],[[[103.86,5],[103.94,5],[103.94,5.08],[103.86,5.08],[103.86,5]]],[[[103.94,5],[104.02,5],[104.02,5.08],[103.94,5.08],[103.94,5]]],[[[104.02,5],[104.1,5],[104.1,5.08],[104.02,5.08],[104.02,5]]],[[[104.1,5],[104.17999999999999,5],[104.17999999999999,5.08],[104.1,5.08],[104.1,5]]],[[[104.18,5],[104.26,5],[104.26,5.08],[104.18,5.08],[104.18,5]]],[[[104.26,5],[104.34,5],[104.34,5.08],[104.26,5.08],[104.26,5]]],[[[104.34,5],[104.42,5],[104.42,5.08],[104.34,5.08],[104.34,5]]],[[[104.42,5],[104.5,5],[104.5,5.08],[104.42,5.08],[104.42,5]]],[[[100.58,5.08],[100.66,5.08],[100.66,5.16],[100.58,5.16],[100.58,5.08]]],[[[100.66,5.08],[100.74,5.08],[100.74,5.16],[100.66,5.16],[100.66,5.08]]],[[[100.74,5.08],[100.82,5.08],[100.82,5.16],[100.74,5.16],[100.74,5.08]]],[[[100.82,5.08],[100.89999999999999,5.08],[100.89999999999999,5.16],[100.82,5.16],[100.82,5.08]]],[[[100.9,5.08],[100.98,5.08],[100.98,5.16],[100.9,5.16],[100.9,5.08]]],[[[100.98,5.08],[101.06,5.08],[101.06,5.16],[100.98,5.16],[100.98,5.08]]],[[[101.06,5.08],[101.14,5.08],[101.14,5.16],[101.06,5.16],[101.06,5.08]]],[[[101.14,5.08],[101.22,5.08],[101.22,5.16],[101.14,5.16],[101.14,5.08]]],[[[101.22,5.08],[101.3,5.08],[101.3,5.16],[101.22,5.16],[101.22,5.08]]],[[[101.3,5.08],[101.38,5.08],[101.38,5.16],[101.3,5.16],[101.3,5.08]]],[[[101.38,5.08],[101.46,5.08],[101.46,5.16],[101.38,5.16],[101.38,5.08]]],[[[101.46,5.08],[101.53999999999999,5.08],[101.53999999999999,5.16],[101.46,5.16],[101.46,5.08]]],[[[101.54,5.08],[101.62,5.08],[101.62,5.16],[101.54,5.16],[101.54,5.08]]],[[[101.62,5.08],[101.7,5.08],[101.7,5.16],[101.62,5.16],[101.62,5.08]]],[[[101.7,5.08],[101.78,5.08],[101.78,5.16],[101.7,5.16],[101.7,5.08]]],[[[101.78,5.08],[101.86,5.08],[101.86,5.16],[101.78,5.16],[101.78,5.08]]],[[[101.86,5.08],[101.94,5.08],[101.94,5.16],[101.86,5.16],[101.86,5.08]]],[[[101.94,5.08],[102.02,5.08],[102.02,5.16],[101.94,5.16],[101.94,5.08]]],[[[102.02,5.08],[102.1,5.08],[102.1,5.16],[102.02,5.16],[102.02,5.08]]],[[[102.1,5.08],[102.17999999999999,5.08],[102.17999999999999,5.16],[102.1,5.16],[102.1,5.08]]],[[[102.18,5.08],[102.26,5.08],[102.26,5.16],[102.18,5.16],[102.18,5.08]]],[[[102.26,5.08],[102.34,5.08],[102.34,5.16],[102.26,5.16],[102.26,5.08]]],[[[102.34,5.08],[102.42,5.08],[102.42,5.16],[102.34,5.16],[102.34,5.08]]],[[[102.42,5.08],[102.5,5.08],[102.5,5.16],[102.42,5.16],[102.42,5.08]]],[[[102.5,5.08],[102.58,5.08],[102.58,5.16],[102.5,5.16],[102.5,5.08]]],[[[102.58,5.08],[102.66,5.08],[102.66,5.16],[102.58,5.16],[102.58,5.08]]],[[[102.66,5.08],[102.74,5.08],[102.74,5.16],[102.66,5.16],[102.66,5.08]]],[[[102.74,5.08],[102.82,5.08],[102.82,5.16],[102.74,5.16],[102.74,5.08]]],[[[102.82,5.08],[102.89999999999999,5.08],[102.89999999999999,5.16],[102.82,5.16],[102.82,5.08]]],[[[102.9,5.08],[102.98,5.08],[102.98,5.16],[102.9,5.16],[102.9,5.08]]],[[[102.98,5.08],[103.06,5.08],[103.06,5.16],[102.98,5.16],[102.98,5.08]]],[[[103.06,5.08],[103.14,5.08],[103.14,5.16],[103.06,5.16],[103.06,5.08]]],[[[103.14,5.08],[103.22,5.08],[103.22,5.16],[103.14,5.16],[103.14,5.08]]],[[[103.22,5.08],[103.3,5.08],[103.3,5.16],[103.22,5.16],[103.22,5.08]]],[[[103.3,5.08],[103.38,5.08],[103.38,5.16],[103.3,5.16],[103.3,5.08]]],[[[103.38,5.08],[103.46,5.08],[103.46,5.16],[103.38,5.16],[103.38,5.08]]],[[[103.46,5.08],[103.53999999999999,5.08],[103.53999999999999,5.16],[103.46,5.16],[103.46,5.08]]],[[[103.54,5.08],[103.62,5.08],[103.62,5.16],[103.54,5.16],[103.54,5.08]]],[[[103.62,5.08],[103.7,5.08],[103.7,5.16],[103.62,5.16],[103.62,5.08]]],[[[103.7,5.08],[103.78,5.08],[103.78,5.16],[103.7,5.16],[103.7,5.08]]],[[[103.78,5.08],[103.86,5.08],[103.86,5.16],[103.78,5.16],[103.78,5.08]]],[[[103.86,5.08],[103.94,5.08],[103.94,5.16],[103.86,5.16],[103.86,5.08]]],[[[103.94,5.08],[104.02,5.08],[104.02,5.16],[103.94,5.16],[103.94,5.08]]],[[[104.02,5.08],[104.1,5.08],[104.1,5.16],[104.02,5.16],[104.02,5.08]]],[[[104.1,5.08],[104.17999999999999,5.08],[104.17999999999999,5.16],[104.1,5.16],[104.1,5.08]]],[[[104.18,5.08],[104.26,5.08],[104.26,5.16],[104.18,5.16],[104.18,5.08]]],[[[104.26,5.08],[104.34,5.08],[104.34,5.16],[104.26,5.16],[104.26,5.08]]],[[[104.34,5.08],[104.42,5.08],[104.42,5.16],[104.34,5.16],[104.34,5.08]]],[[[104.42,5.08],[104.5,5.08],[104.5,5.16],[104.42,5.16],[104.42,5.08]]],[[[100.66,5.16],[100.74,5.16],[100.74,5.24],[100.66,5.24],[100.66,5.16]]],[[[100.74,5.16],[100.82,5.16],[100.82,5.24],[100.74,5.24],[100.74,5.16]]],[[[100.82,5.16],[100.89999999999999,5.16],[100.89999999999999,5.24],[100.82,5.24],[100.82,5.16]]],[[[100.9,5.16],[100.98,5.16],[100.98,5.24],[100.9,5.24],[100.9,5.16]]],[[[100.98,5.16],[101.06,5.16],[101.06,5.24],[100.98,5.24],[100.98,5.16]]],[[[101.06,5.16],[101.14,5.16],[101.14,5.24],[101.06,5.24],[101.06,5.16]]],[[[101.14,5.16],[101.22,5.16],[101.22,5.24],[101.14,5.24],[101.14,5.16]]],[[[101.22,5.16],[101.3,5.16],[101.3,5.24],[101.22,5.24],[101.22,5.16]]],[[[101.3,5.16],[101.38,5.16],[101.38,5.24],[101.3,5.24],[101.3,5.16]]],[[[101.38,5.16],[101.46,5.16],[101.46,5.24],[101.38,5.24],[101.38,5.16]]],[[[101.46,5.16],[101.53999999999999,5.16],[101.53999999999999,5.24],[101.46,5.24],[101.46,5.16]]],[[[101.54,5.16],[101.62,5.16],[101.62,5.24],[101.54,5.24],[101.54,5.16]]],[[[101.62,5.16],[101.7,5.16],[101.7,5.24],[101.62,5.24],[101.62,5.16]]],[[[101.7,5.16],[101.78,5.16],[101.78,5.24],[101.7,5.24],[101.7,5.16]]],[[[101.78,5.16],[101.86,5.16],[101.86,5.24],[101.78,5.24],[101.78,5.16]]],[[[101.86,5.16],[101.94,5.16],[101.94,5.24],[101.86,5.24],[101.86,5.16]]],[[[101.94,5.16],[102.02,5.16],[102.02,5.24],[101.94,5.24],[101.94,5.16]]],[[[102.02,5.16],[102.1,5.16],[102.1,5.24],[102.02,5.24],[102.02,5.16]]],[[[102.1,5.16],[102.17999999999999,5.16],[102.17999999999999,5.24],[102.1,5.24],[102.1,5.16]]],[[[102.18,5.16],[102.26,5.16],[102.26,5.24],[102.18,5.24],[102.18,5.16]]],[[[102.26,5.16],[102.34,5.16],[102.34,5.24],[102.26,5.24],[102.26,5.16]]],[[[102.34,5.16],[102.42,5.16],[102.42,5.24],[102.34,5.24],[102.34,5.16]]],[[[102.42,5.16],[102.5,5.16],[102.5,5.24],[102.42,5.24],[102.42,5.16]]],[[[102.5,5.16],[102.58,5.16],[102.58,5.24],[102.5,5.24],[102.5,5.16]]],[[[102.58,5.16],[102.66,5.16],[102.66,5.24],[102.58,5.24],[102.58,5.16]]],[[[102.66,5.16],[102.74,5.16],[102.74,5.24],[102.66,5.24],[102.66,5.16]]],[[[102.74,5.16],[102.82,5.16],[102.82,5.24],[102.74,5.24],[102.74,5.16]]],[[[102.82,5.16],[102.89999999999999,5.16],[102.89999999999999,5.24],[102.82,5.24],[102.82,5.16]]],[[[102.9,5.16],[102.98,5.16],[102.98,5.24],[102.9,5.24],[102.9,5.16]]],[[[102.98,5.16],[103.06,5.16],[103.06,5.24],[102.98,5.24],[102.98,5.16]]],[[[103.06,5.16],[103.14,5.16],[103.14,5.24],[103.06,5.24],[103.06,5.16]]],[[[103.14,5.16],[103.22,5.16],[103.22,5.24],[103.14,5.24],[103.14,5.16]]],[[[103.22,5.16],[103.3,5.16],[103.3,5.24],[103.22,5.24],[103.22,5.16]]],[[[103.3,5.16],[103.38,5.16],[103.38,5.24],[103.3,5.24],[103.3,5.16]]],[[[103.38,5.16],[103.46,5.16],[103.46,5.24],[103.38,5.24],[103.38,5.16]]],[[[103.46,5.16],[103.53999999999999,5.16],[103.53999999999999,5.24],[103.46,5.24],[103.46,5.16]]],[[[103.54,5.16],[103.62,5.16],[103.62,5.24],[103.54,5.24],[103.54,5.16]]],[[[103.62,5.16],[103.7,5.16],[103.7,5.24],[103.62,5.24],[103.62,5.16]]],[[[103.7,5.16],[103.78,5.16],[103.78,5.24],[103.7,5.24],[103.7,5.16]]],[[[103.78,5.16],[103.86,5.16],[103.86,5.24],[103.78,5.24],[103.78,5.16]]],[[[103.86,5.16],[103.94,5.16],[103.94,5.24],[103.86,5.24],[103.86,5.16]]],[[[103.94,5.16],[104.02,5.16],[104.02,5.24],[103.94,5.24],[103.94,5.16]]],[[[104.02,5.16],[104.1,5.16],[104.1,5.24],[104.02,5.24],[104.02,5.16]]],[[[104.1,5.16],[104.17999999999999,5.16],[104.17999999999999,5.24],[104.1,5.24],[104.1,5.16]]],[[[104.18,5.16],[104.26,5.16],[104.26,5.24],[104.18,5.24],[104.18,5.16]]],[[[104.26,5.16],[104.34,5.16],[104.34,5.24],[104.26,5.24],[104.26,5.16]]],[[[104.34,5.16],[104.42,5.16],[104.42,5.24],[104.34,5.24],[104.34,5.16]]],[[[104.42,5.16],[104.5,5.16],[104.5,5.24],[104.42,5.24],[104.42,5.16]]],[[[100.66,5.24],[100.74,5.24],[100.74,5.32],[100.66,5.32],[100.66,5.24]]],[[[100.74,5.24],[100.82,5.24],[100.82,5.32],[100.74,5.32],[100.74,5.24]]],[[[100.82,5.24],[100.89999999999999,5.24],[100.89999999999999,5.32],[100.82,5.32],[100.82,5.24]]],[[[100.9,5.24],[100.98,5.24],[100.98,5.32],[100.9,5.32],[100.9,5.24]]],[[[100.98,5.24],[101.06,5.24],[101.06,5.32],[100.98,5.32],[100.98,5.24]]],[[[101.06,5.24],[101.14,5.24],[101.14,5.32],[101.06,5.32],[101.06,5.24]]],[[[101.14,5.24],[101.22,5.24],[101.22,5.32],[101.14,5.32],[101.14,5.24]]],[[[101.22,5.24],[101.3,5.24],[101.3,5.32],[101.22,5.32],[101.22,5.24]]],[[[101.3,5.24],[101.38,5.24],[101.38,5.32],[101.3,5.32],[101.3,5.24]]],[[[101.38,5.24],[101.46,5.24],[101.46,5.32],[101.38,5.32],[101.38,5.24]]],[[[101.46,5.24],[101.53999999999999,5.24],[101.53999999999999,5.32],[101.46,5.32],[101.46,5.24]]],[[[101.54,5.24],[101.62,5.24],[101.62,5.32],[101.54,5.32],[101.54,5.24]]],[[[101.62,5.24],[101.7,5.24],[101.7,5.32],[101.62,5.32],[101.62,5.24]]],[[[101.7,5.24],[101.78,5.24],[101.78,5.32],[101.7,5.32],[101.7,5.24]]],[[[101.78,5.24],[101.86,5.24],[101.86,5.32],[101.78,5.32],[101.78,5.24]]],[[[101.86,5.24],[101.94,5.24],[101.94,5.32],[101.86,5.32],[101.86,5.24]]],[[[101.94,5.24],[102.02,5.24],[102.02,5.32],[101.94,5.32],[101.94,5.24]]],[[[102.02,5.24],[102.1,5.24],[102.1,5.32],[102.02,5.32],[102.02,5.24]]],[[[102.1,5.24],[102.17999999999999,5.24],[102.17999999999999,5.32],[102.1,5.32],[102.1,5.24]]],[[[102.18,5.24],[102.26,5.24],[102.26,5.32],[102.18,5.32],[102.18,5.24]]],[[[102.26,5.24],[102.34,5.24],[102.34,5.32],[102.26,5.32],[102.26,5.24]]],[[[102.34,5.24],[102.42,5.24],[102.42,5.32],[102.34,5.32],[102.34,5.24]]],[[[102.42,5.24],[102.5,5.24],[102.5,5.32],[102.42,5.32],[102.42,5.24]]],[[[102.5,5.24],[102.58,5.24],[102.58,5.32],[102.5,5.32],[102.5,5.24]]],[[[102.58,5.24],[102.66,5.24],[102.66,5.32],[102.58,5.32],[102.58,5.24]]],[[[102.66,5.24],[102.74,5.24],[102.74,5.32],[102.66,5.32],[102.66,5.24]]],[[[102.74,5.24],[102.82,5.24],[102.82,5.32],[102.74,5.32],[102.74,5.24]]],[[[102.82,5.24],[102.89999999999999,5.24],[102.89999999999999,5.32],[102.82,5.32],[102.82,5.24]]],[[[102.9,5.24],[102.98,5.24],[102.98,5.32],[102.9,5.32],[102.9,5.24]]],[[[102.98,5.24],[103.06,5.24],[103.06,5.32],[102.98,5.32],[102.98,5.24]]],[[[103.06,5.24],[103.14,5.24],[103.14,5.32],[103.06,5.32],[103.06,5.24]]],[[[103.14,5.24],[103.22,5.24],[103.22,5.32],[103.14,5.32],[103.14,5.24]]],[[[103.22,5.24],[103.3,5.24],[103.3,5.32],[103.22,5.32],[103.22,5.24]]],[[[103.3,5.24],[103.38,5.24],[103.38,5.32],[103.3,5.32],[103.3,5.24]]],[[[103.38,5.24],[103.46,5.24],[103.46,5.32],[103.38,5.32],[103.38,5.24]]],[[[103.46,5.24],[103.53999999999999,5.24],[103.53999999999999,5.32],[103.46,5.32],[103.46,5.24]]],[[[103.54,5.24],[103.62,5.24],[103.62,5.32],[103.54,5.32],[103.54,5.24]]],[[[103.62,5.24],[103.7,5.24],[103.7,5.32],[103.62,5.32],[103.62,5.24]]],[[[103.7,5.24],[103.78,5.24],[103.78,5.32],[103.7,5.32],[103.7,5.24]]],[[[103.78,5.24],[103.86,5.24],[103.86,5.32],[103.78,5.32],[103.78,5.24]]],[[[103.86,5.24],[103.94,5.24],[103.94,5.32],[103.86,5.32],[103.86,5.24]]],[[[103.94,5.24],[104.02,5.24],[104.02,5.32],[103.94,5.32],[103.94,5.24]]],[[[104.02,5.24],[104.1,5.24],[104.1,5.32],[104.02,5.32],[104.02,5.24]]],[[[104.1,5.24],[104.17999999999999,5.24],[104.17999999999999,5.32],[104.1,5.32],[104.1,5.24]]],[[[104.18,5.24],[104.26,5.24],[104.26,5.32],[104.18,5.32],[104.18,5.24]]],[[[104.26,5.24],[104.34,5.24],[104.34,5.32],[104.26,5.32],[104.26,5.24]]],[[[104.34,5.24],[104.42,5.24],[104.42,5.32],[104.34,5.32],[104.34,5.24]]],[[[104.42,5.24],[104.5,5.24],[104.5,5.32],[104.42,5.32],[104.42,5.24]]],[[[100.74,5.32],[100.82,5.32],[100.82,5.4],[100.74,5.4],[100.74,5.32]]],[[[100.82,5.32],[100.89999999999999,5.32],[100.89999999999999,5.4],[100.82,5.4],[100.82,5.32]]],[[[100.9,5.32],[100.98,5.32],[100.98,5.4],[100.9,5.4],[100.9,5.32]]],[[[100.98,5.32],[101.06,5.32],[101.06,5.4],[100.98,5.4],[100.98,5.32]]],[[[101.06,5.32],[101.14,5.32],[101.14,5.4],[101.06,5.4],[101.06,5.32]]],[[[101.14,5.32],[101.22,5.32],[101.22,5.4],[101.14,5.4],[101.14,5.32]]],[[[101.22,5.32],[101.3,5.32],[101.3,5.4],[101.22,5.4],[101.22,5.32]]],[[[101.3,5.32],[101.38,5.32],[101.38,5.4],[101.3,5.4],[101.3,5.32]]],[[[101.38,5.32],[101.46,5.32],[101.46,5.4],[101.38,5.4],[101.38,5.32]]],[[[101.46,5.32],[101.53999999999999,5.32],[101.53999999999999,5.4],[101.46,5.4],[101.46,5.32]]],[[[101.54,5.32],[101.62,5.32],[101.62,5.4],[101.54,5.4],[101.54,5.32]]],[[[101.62,5.32],[101.7,5.32],[101.7,5.4],[101.62,5.4],[101.62,5.32]]],[[[101.7,5.32],[101.78,5.32],[101.78,5.4],[101.7,5.4],[101.7,5.32]]],[[[101.78,5.32],[101.86,5.32],[101.86,5.4],[101.78,5.4],[101.78,5.32]]],[[[101.86,5.32],[101.94,5.32],[101.94,5.4],[101.86,5.4],[101.86,5.32]]],[[[101.94,5.32],[102.02,5.32],[102.02,5.4],[101.94,5.4],[101.94,5.32]]],[[[102.02,5.32],[102.1,5.32],[102.1,5.4],[102.02,5.4],[102.02,5.32]]],[[[102.1,5.32],[102.17999999999999,5.32],[102.17999999999999,5.4],[102.1,5.4],[102.1,5.32]]],[[[102.18,5.32],[102.26,5.32],[102.26,5.4],[102.18,5.4],[102.18,5.32]]],[[[102.26,5.32],[102.34,5.32],[102.34,5.4],[102.26,5.4],[102.26,5.32]]],[[[102.34,5.32],[102.42,5.32],[102.42,5.4],[102.34,5.4],[102.34,5.32]]],[[[102.42,5.32],[102.5,5.32],[102.5,5.4],[102.42,5.4],[102.42,5.32]]],[[[102.5,5.32],[102.58,5.32],[102.58,5.4],[102.5,5.4],[102.5,5.32]]],[[[102.58,5.32],[102.66,5.32],[102.66,5.4],[102.58,5.4],[102.58,5.32]]],[[[102.66,5.32],[102.74,5.32],[102.74,5.4],[102.66,5.4],[102.66,5.32]]],[[[102.74,5.32],[102.82,5.32],[102.82,5.4],[102.74,5.4],[102.74,5.32]]],[[[102.82,5.32],[102.89999999999999,5.32],[102.89999999999999,5.4],[102.82,5.4],[102.82,5.32]]],[[[102.9,5.32],[102.98,5.32],[102.98,5.4],[102.9,5.4],[102.9,5.32]]],[[[102.98,5.32],[103.06,5.32],[103.06,5.4],[102.98,5.4],[102.98,5.32]]],[[[103.06,5.32],[103.14,5.32],[103.14,5.4],[103.06,5.4],[103.06,5.32]]],[[[103.14,5.32],[103.22,5.32],[103.22,5.4],[103.14,5.4],[103.14,5.32]]],[[[103.22,5.32],[103.3,5.32],[103.3,5.4],[103.22,5.4],[103.22,5.32]]],[[[103.3,5.32],[103.38,5.32],[103.38,5.4],[103.3,5.4],[103.3,5.32]]],[[[103.38,5.32],[103.46,5.32],[103.46,5.4],[103.38,5.4],[103.38,5.32]]],[[[103.46,5.32],[103.53999999999999,5.32],[103.53999999999999,5.4],[103.46,5.4],[103.46,5.32]]],[[[103.54,5.32],[103.62,5.32],[103.62,5.4],[103.54,5.4],[103.54,5.32]]],[[[103.62,5.32],[103.7,5.32],[103.7,5.4],[103.62,5.4],[103.62,5.32]]],[[[103.7,5.32],[103.78,5.32],[103.78,5.4],[103.7,5.4],[103.7,5.32]]],[[[103.78,5.32],[103.86,5.32],[103.86,5.4],[103.78,5.4],[103.78,5.32]]],[[[103.86,5.32],[103.94,5.32],[103.94,5.4],[103.86,5.4],[103.86,5.32]]],[[[103.94,5.32],[104.02,5.32],[104.02,5.4],[103.94,5.4],[103.94,5.32]]],[[[104.02,5.32],[104.1,5.32],[104.1,5.4],[104.02,5.4],[104.02,5.32]]],[[[104.1,5.32],[104.17999999999999,5.32],[104.17999999999999,5.4],[104.1,5.4],[104.1,5.32]]],[[[104.18,5.32],[104.26,5.32],[104.26,5.4],[104.18,5.4],[104.18,5.32]]],[[[104.26,5.32],[104.34,5.32],[104.34,5.4],[104.26,5.4],[104.26,5.32]]],[[[104.34,5.32],[104.42,5.32],[104.42,5.4],[104.34,5.4],[104.34,5.32]]],[[[104.42,5.32],[104.5,5.32],[104.5,5.4],[104.42,5.4],[104.42,5.32]]],[[[100.74,5.4],[100.82,5.4],[100.82,5.48],[100.74,5.48],[100.74,5.4]]],[[[100.82,5.4],[100.89999999999999,5.4],[100.89999999999999,5.48],[100.82,5.48],[100.82,5.4]]],[[[100.9,5.4],[100.98,5.4],[100.98,5.48],[100.9,5.48],[100.9,5.4]]],[[[100.98,5.4],[101.06,5.4],[101.06,5.48],[100.98,5.48],[100.98,5.4]]],[[[101.06,5.4],[101.14,5.4],[101.14,5.48],[101.06,5.48],[101.06,5.4]]],[[[101.14,5.4],[101.22,5.4],[101.22,5.48],[101.14,5.48],[101.14,5.4]]],[[[101.22,5.4],[101.3,5.4],[101.3,5.48],[101.22,5.48],[101.22,5.4]]],[[[101.3,5.4],[101.38,5.4],[101.38,5.48],[101.3,5.48],[101.3,5.4]]],[[[101.38,5.4],[101.46,5.4],[101.46,5.48],[101.38,5.48],[101.38,5.4]]],[[[101.46,5.4],[101.53999999999999,5.4],[101.53999999999999,5.48],[101.46,5.48],[101.46,5.4]]],[[[101.54,5.4],[101.62,5.4],[101.62,5.48],[101.54,5.48],[101.54,5.4]]],[[[101.62,5.4],[101.7,5.4],[101.7,5.48],[101.62,5.48],[101.62,5.4]]],[[[101.7,5.4],[101.78,5.4],[101.78,5.48],[101.7,5.48],[101.7,5.4]]],[[[101.78,5.4],[101.86,5.4],[101.86,5.48],[101.78,5.48],[101.78,5.4]]],[[[101.86,5.4],[101.94,5.4],[101.94,5.48],[101.86,5.48],[101.86,5.4]]],[[[101.94,5.4],[102.02,5.4],[102.02,5.48],[101.94,5.48],[101.94,5.4]]],[[[102.02,5.4],[102.1,5.4],[102.1,5.48],[102.02,5.48],[102.02,5.4]]],[[[102.1,5.4],[102.17999999999999,5.4],[102.17999999999999,5.48],[102.1,5.48],[102.1,5.4]]],[[[102.18,5.4],[102.26,5.4],[102.26,5.48],[102.18,5.48],[102.18,5.4]]],[[[102.26,5.4],[102.34,5.4],[102.34,5.48],[102.26,5.48],[102.26,5.4]]],[[[102.34,5.4],[102.42,5.4],[102.42,5.48],[102.34,5.48],[102.34,5.4]]],[[[102.42,5.4],[102.5,5.4],[102.5,5.48],[102.42,5.48],[102.42,5.4]]],[[[102.5,5.4],[102.58,5.4],[102.58,5.48],[102.5,5.48],[102.5,5.4]]],[[[102.58,5.4],[102.66,5.4],[102.66,5.48],[102.58,5.48],[102.58,5.4]]],[[[102.66,5.4],[102.74,5.4],[102.74,5.48],[102.66,5.48],[102.66,5.4]]],[[[102.74,5.4],[102.82,5.4],[102.82,5.48],[102.74,5.48],[102.74,5.4]]],[[[102.82,5.4],[102.89999999999999,5.4],[102.89999999999999,5.48],[102.82,5.48],[102.82,5.4]]],[[[102.9,5.4],[102.98,5.4],[102.98,5.48],[102.9,5.48],[102.9,5.4]]],[[[102.98,5.4],[103.06,5.4],[103.06,5.48],[102.98,5.48],[102.98,5.4]]],[[[103.06,5.4],[103.14,5.4],[103.14,5.48],[103.06,5.48],[103.06,5.4]]],[[[103.14,5.4],[103.22,5.4],[103.22,5.48],[103.14,5.48],[103.14,5.4]]],[[[103.22,5.4],[103.3,5.4],[103.3,5.48],[103.22,5.48],[103.22,5.4]]],[[[103.3,5.4],[103.38,5.4],[103.38,5.48],[103.3,5.48],[103.3,5.4]]],[[[103.38,5.4],[103.46,5.4],[103.46,5.48],[103.38,5.48],[103.38,5.4]]],[[[103.46,5.4],[103.53999999999999,5.4],[103.53999999999999,5.48],[103.46,5.48],[103.46,5.4]]],[[[103.54,5.4],[103.62,5.4],[103.62,5.48],[103.54,5.48],[103.54,5.4]]],[[[103.62,5.4],[103.7,5.4],[103.7,5.48],[103.62,5.48],[103.62,5.4]]],[[[103.7,5.4],[103.78,5.4],[103.78,5.48],[103.7,5.48],[103.7,5.4]]],[[[103.78,5.4],[103.86,5.4],[103.86,5.48],[103.78,5.48],[103.78,5.4]]],[[[103.86,5.4],[103.94,5.4],[103.94,5.48],[103.86,5.48],[103.86,5.4]]],[[[103.94,5.4],[104.02,5.4],[104.02,5.48],[103.94,5.48],[103.94,5.4]]],[[[104.02,5.4],[104.1,5.4],[104.1,5.48],[104.02,5.48],[104.02,5.4]]],[[[104.1,5.4],[104.17999999999999,5.4],[104.17999999999999,5.48],[104.1,5.48],[104.1,5.4]]],[[[104.18,5.4],[104.26,5.4],[104.26,5.48],[104.18,5.48],[104.18,5.4]]],[[[104.26,5.4],[104.34,5.4],[104.34,5.48],[104.26,5.48],[104.26,5.4]]],[[[104.34,5.4],[104.42,5.4],[104.42,5.48],[104.34,5.48],[104.34,5.4]]],[[[104.42,5.4],[104.5,5.4],[104.5,5.48],[104.42,5.48],[104.42,5.4]]],[[[100.82,5.48],[100.89999999999999,5.48],[100.89999999999999,5.5600000000000005],[100.82,5.5600000000000005],[100.82,5.48]]],[[[100.9,5.48],[100.98,5.48],[100.98,5.5600000000000005],[100.9,5.5600000000000005],[100.9,5.48]]],[[[100.98,5.48],[101.06,5.48],[101.06,5.5600000000000005],[100.98,5.5600000000000005],[100.98,5.48]]],[[[101.06,5.48],[101.14,5.48],[101.14,5.5600000000000005],[101.06,5.5600000000000005],[101.06,5.48]]],[[[101.14,5.48],[101.22,5.48],[101.22,5.5600000000000005],[101.14,5.5600000000000005],[101.14,5.48]]],[[[101.22,5.48],[101.3,5.48],[101.3,5.5600000000000005],[101.22,5.5600000000000005],[101.22,5.48]]],[[[101.3,5.48],[101.38,5.48],[101.38,5.5600000000000005],[101.3,5.5600000000000005],[101.3,5.48]]],[[[101.38,5.48],[101.46,5.48],[101.46,5.5600000000000005],[101.38,5.5600000000000005],[101.38,5.48]]],[[[101.46,5.48],[101.53999999999999,5.48],[101.53999999999999,5.5600000000000005],[101.46,5.5600000000000005],[101.46,5.48]]],[[[101.54,5.48],[101.62,5.48],[101.62,5.5600000000000005],[101.54,5.5600000000000005],[101.54,5.48]]],[[[101.62,5.48],[101.7,5.48],[101.7,5.5600000000000005],[101.62,5.5600000000000005],[101.62,5.48]]],[[[101.7,5.48],[101.78,5.48],[101.78,5.5600000000000005],[101.7,5.5600000000000005],[101.7,5.48]]],[[[101.78,5.48],[101.86,5.48],[101.86,5.5600000000000005],[101.78,5.5600000000000005],[101.78,5.48]]],[[[101.86,5.48],[101.94,5.48],[101.94,5.5600000000000005],[101.86,5.5600000000000005],[101.86,5.48]]],[[[101.94,5.48],[102.02,5.48],[102.02,5.5600000000000005],[101.94,5.5600000000000005],[101.94,5.48]]],[[[102.02,5.48],[102.1,5.48],[102.1,5.5600000000000005],[102.02,5.5600000000000005],[102.02,5.48]]],[[[102.1,5.48],[102.17999999999999,5.48],[102.17999999999999,5.5600000000000005],[102.1,5.5600000000000005],[102.1,5.48]]],[[[102.18,5.48],[102.26,5.48],[102.26,5.5600000000000005],[102.18,5.5600000000000005],[102.18,5.48]]],[[[102.26,5.48],[102.34,5.48],[102.34,5.5600000000000005],[102.26,5.5600000000000005],[102.26,5.48]]],[[[102.34,5.48],[102.42,5.48],[102.42,5.5600000000000005],[102.34,5.5600000000000005],[102.34,5.48]]],[[[102.42,5.48],[102.5,5.48],[102.5,5.5600000000000005],[102.42,5.5600000000000005],[102.42,5.48]]],[[[102.5,5.48],[102.58,5.48],[102.58,5.5600000000000005],[102.5,5.5600000000000005],[102.5,5.48]]],[[[102.58,5.48],[102.66,5.48],[102.66,5.5600000000000005],[102.58,5.5600000000000005],[102.58,5.48]]],[[[102.66,5.48],[102.74,5.48],[102.74,5.5600000000000005],[102.66,5.5600000000000005],[102.66,5.48]]],[[[102.74,5.48],[102.82,5.48],[102.82,5.5600000000000005],[102.74,5.5600000000000005],[102.74,5.48]]],[[[102.82,5.48],[102.89999999999999,5.48],[102.89999999999999,5.5600000000000005],[102.82,5.5600000000000005],[102.82,5.48]]],[[[102.9,5.48],[102.98,5.48],[102.98,5.5600000000000005],[102.9,5.5600000000000005],[102.9,5.48]]],[[[102.98,5.48],[103.06,5.48],[103.06,5.5600000000000005],[102.98,5.5600000000000005],[102.98,5.48]]],[[[103.06,5.48],[103.14,5.48],[103.14,5.5600000000000005],[103.06,5.5600000000000005],[103.06,5.48]]],[[[103.14,5.48],[103.22,5.48],[103.22,5.5600000000000005],[103.14,5.5600000000000005],[103.14,5.48]]],[[[103.22,5.48],[103.3,5.48],[103.3,5.5600000000000005],[103.22,5.5600000000000005],[103.22,5.48]]],[[[103.3,5.48],[103.38,5.48],[103.38,5.5600000000000005],[103.3,5.5600000000000005],[103.3,5.48]]],[[[103.38,5.48],[103.46,5.48],[103.46,5.5600000000000005],[103.38,5.5600000000000005],[103.38,5.48]]],[[[103.46,5.48],[103.53999999999999,5.48],[103.53999999999999,5.5600000000000005],[103.46,5.5600000000000005],[103.46,5.48]]],[[[103.54,5.48],[103.62,5.48],[103.62,5.5600000000000005],[103.54,5.5600000000000005],[103.54,5.48]]],[[[103.62,5.48],[103.7,5.48],[103.7,5.5600000000000005],[103.62,5.5600000000000005],[103.62,5.48]]],[[[103.7,5.48],[103.78,5.48],[103.78,5.5600000000000005],[103.7,5.5600000000000005],[103.7,5.48]]],[[[103.78,5.48],[103.86,5.48],[103.86,5.5600000000000005],[103.78,5.5600000000000005],[103.78,5.48]]],[[[103.86,5.48],[103.94,5.48],[103.94,5.5600000000000005],[103.86,5.5600000000000005],[103.86,5.48]]],[[[103.94,5.48],[104.02,5.48],[104.02,5.5600000000000005],[103.94,5.5600000000000005],[103.94,5.48]]],[[[104.02,5.48],[104.1,5.48],[104.1,5.5600000000000005],[104.02,5.5600000000000005],[104.02,5.48]]],[[[104.1,5.48],[104.17999999999999,5.48],[104.17999999999999,5.5600000000000005],[104.1,5.5600000000000005],[104.1,5.48]]],[[[104.18,5.48],[104.26,5.48],[104.26,5.5600000000000005],[104.18,5.5600000000000005],[104.18,5.48]]],[[[104.26,5.48],[104.34,5.48],[104.34,5.5600000000000005],[104.26,5.5600000000000005],[104.26,5.48]]],[[[104.34,5.48],[104.42,5.48],[104.42,5.5600000000000005],[104.34,5.5600000000000005],[104.34,5.48]]],[[[104.42,5.48],[104.5,5.48],[104.5,5.5600000000000005],[104.42,5.5600000000000005],[104.42,5.48]]],[[[100.9,5.5600000000000005],[100.98,5.5600000000000005],[100.98,5.640000000000001],[100.9,5.640000000000001],[100.9,5.5600000000000005]]],[[[100.98,5.5600000000000005],[101.06,5.5600000000000005],[101.06,5.640000000000001],[100.98,5.640000000000001],[100.98,5.5600000000000005]]],[[[101.06,5.5600000000000005],[101.14,5.5600000000000005],[101.14,5.640000000000001],[101.06,5.640000000000001],[101.06,5.5600000000000005]]],[[[101.14,5.5600000000000005],[101.22,5.5600000000000005],[101.22,5.640000000000001],[101.14,5.640000000000001],[101.14,5.5600000000000005]]],[[[101.22,5.5600000000000005],[101.3,5.5600000000000005],[101.3,5.640000000000001],[101.22,5.640000000000001],[101.22,5.5600000000000005]]],[[[101.3,5.5600000000000005],[101.38,5.5600000000000005],[101.38,5.640000000000001],[101.3,5.640000000000001],[101.3,5.5600000000000005]]],[[[101.38,5.5600000000000005],[101.46,5.5600000000000005],[101.46,5.640000000000001],[101.38,5.640000000000001],[101.38,5.5600000000000005]]],[[[101.46,5.5600000000000005],[101.53999999999999,5.5600000000000005],[101.53999999999999,5.640000000000001],[101.46,5.640000000000001],[101.46,5.5600000000000005]]],[[[101.54,5.5600000000000005],[101.62,5.5600000000000005],[101.62,5.640000000000001],[101.54,5.640000000000001],[101.54,5.5600000000000005]]],[[[101.62,5.5600000000000005],[101.7,5.5600000000000005],[101.7,5.640000000000001],[101.62,5.640000000000001],[101.62,5.5600000000000005]]],[[[101.7,5.5600000000000005],[101.78,5.5600000000000005],[101.78,5.640000000000001],[101.7,5.640000000000001],[101.7,5.5600000000000005]]],[[[101.78,5.5600000000000005],[101.86,5.5600000000000005],[101.86,5.640000000000001],[101.78,5.640000000000001],[101.78,5.5600000000000005]]],[[[101.86,5.5600000000000005],[101.94,5.5600000000000005],[101.94,5.640000000000001],[101.86,5.640000000000001],[101.86,5.5600000000000005]]],[[[101.94,5.5600000000000005],[102.02,5.5600000000000005],[102.02,5.640000000000001],[101.94,5.640000000000001],[101.94,5.5600000000000005]]],[[[102.02,5.5600000000000005],[102.1,5.5600000000000005],[102.1,5.640000000000001],[102.02,5.640000000000001],[102.02,5.5600000000000005]]],[[[102.1,5.5600000000000005],[102.17999999999999,5.5600000000000005],[102.17999999999999,5.640000000000001],[102.1,5.640000000000001],[102.1,5.5600000000000005]]],[[[102.18,5.5600000000000005],[102.26,5.5600000000000005],[102.26,5.640000000000001],[102.18,5.640000000000001],[102.18,5.5600000000000005]]],[[[102.26,5.5600000000000005],[102.34,5.5600000000000005],[102.34,5.640000000000001],[102.26,5.640000000000001],[102.26,5.5600000000000005]]],[[[102.34,5.5600000000000005],[102.42,5.5600000000000005],[102.42,5.640000000000001],[102.34,5.640000000000001],[102.34,5.5600000000000005]]],[[[102.42,5.5600000000000005],[102.5,5.5600000000000005],[102.5,5.640000000000001],[102.42,5.640000000000001],[102.42,5.5600000000000005]]],[[[102.5,5.5600000000000005],[102.58,5.5600000000000005],[102.58,5.640000000000001],[102.5,5.640000000000001],[102.5,5.5600000000000005]]],[[[102.58,5.5600000000000005],[102.66,5.5600000000000005],[102.66,5.640000000000001],[102.58,5.640000000000001],[102.58,5.5600000000000005]]],[[[102.66,5.5600000000000005],[102.74,5.5600000000000005],[102.74,5.640000000000001],[102.66,5.640000000000001],[102.66,5.5600000000000005]]],[[[102.74,5.5600000000000005],[102.82,5.5600000000000005],[102.82,5.640000000000001],[102.74,5.640000000000001],[102.74,5.5600000000000005]]],[[[102.82,5.5600000000000005],[102.89999999999999,5.5600000000000005],[102.89999999999999,5.640000000000001],[102.82,5.640000000000001],[102.82,5.5600000000000005]]],[[[102.9,5.5600000000000005],[102.98,5.5600000000000005],[102.98,5.640000000000001],[102.9,5.640000000000001],[102.9,5.5600000000000005]]],[[[102.98,5.5600000000000005],[103.06,5.5600000000000005],[103.06,5.640000000000001],[102.98,5.640000000000001],[102.98,5.5600000000000005]]],[[[103.06,5.5600000000000005],[103.14,5.5600000000000005],[103.14,5.640000000000001],[103.06,5.640000000000001],[103.06,5.5600000000000005]]],[[[103.14,5.5600000000000005],[103.22,5.5600000000000005],[103.22,5.640000000000001],[103.14,5.640000000000001],[103.14,5.5600000000000005]]],[[[103.22,5.5600000000000005],[103.3,5.5600000000000005],[103.3,5.640000000000001],[103.22,5.640000000000001],[103.22,5.5600000000000005]]],[[[103.3,5.5600000000000005],[103.38,5.5600000000000005],[103.38,5.640000000000001],[103.3,5.640000000000001],[103.3,5.5600000000000005]]],[[[103.38,5.5600000000000005],[103.46,5.5600000000000005],[103.46,5.640000000000001],[103.38,5.640000000000001],[103.38,5.5600000000000005]]],[[[103.46,5.5600000000000005],[103.53999999999999,5.5600000000000005],[103.53999999999999,5.640000000000001],[103.46,5.640000000000001],[103.46,5.5600000000000005]]],[[[103.54,5.5600000000000005],[103.62,5.5600000000000005],[103.62,5.640000000000001],[103.54,5.640000000000001],[103.54,5.5600000000000005]]],[[[103.62,5.5600000000000005],[103.7,5.5600000000000005],[103.7,5.640000000000001],[103.62,5.640000000000001],[103.62,5.5600000000000005]]],[[[103.7,5.5600000000000005],[103.78,5.5600000000000005],[103.78,5.640000000000001],[103.7,5.640000000000001],[103.7,5.5600000000000005]]],[[[103.78,5.5600000000000005],[103.86,5.5600000000000005],[103.86,5.640000000000001],[103.78,5.640000000000001],[103.78,5.5600000000000005]]],[[[103.86,5.5600000000000005],[103.94,5.5600000000000005],[103.94,5.640000000000001],[103.86,5.640000000000001],[103.86,5.5600000000000005]]],[[[103.94,5.5600000000000005],[104.02,5.5600000000000005],[104.02,5.640000000000001],[103.94,5.640000000000001],[103.94,5.5600000000000005]]],[[[104.02,5.5600000000000005],[104.1,5.5600000000000005],[104.1,5.640000000000001],[104.02,5.640000000000001],[104.02,5.5600000000000005]]],[[[104.1,5.5600000000000005],[104.17999999999999,5.5600000000000005],[104.17999999999999,5.640000000000001],[104.1,5.640000000000001],[104.1,5.5600000000000005]]],[[[104.18,5.5600000000000005],[104.26,5.5600000000000005],[104.26,5.640000000000001],[104.18,5.640000000000001],[104.18,5.5600000000000005]]],[[[104.26,5.5600000000000005],[104.34,5.5600000000000005],[104.34,5.640000000000001],[104.26,5.640000000000001],[104.26,5.5600000000000005]]],[[[104.34,5.5600000000000005],[104.42,5.5600000000000005],[104.42,5.640000000000001],[104.34,5.640000000000001],[104.34,5.5600000000000005]]],[[[104.42,5.5600000000000005],[104.5,5.5600000000000005],[104.5,5.640000000000001],[104.42,5.640000000000001],[104.42,5.5600000000000005]]],[[[100.9,5.64],[100.98,5.64],[100.98,5.72],[100.9,5.72],[100.9,5.64]]],[[[100.98,5.64],[101.06,5.64],[101.06,5.72],[100.98,5.72],[100.98,5.64]]],[[[101.06,5.64],[101.14,5.64],[101.14,5.72],[101.06,5.72],[101.06,5.64]]],[[[101.14,5.64],[101.22,5.64],[101.22,5.72],[101.14,5.72],[101.14,5.64]]],[[[101.22,5.64],[101.3,5.64],[101.3,5.72],[101.22,5.72],[101.22,5.64]]],[[[101.3,5.64],[101.38,5.64],[101.38,5.72],[101.3,5.72],[101.3,5.64]]],[[[101.38,5.64],[101.46,5.64],[101.46,5.72],[101.38,5.72],[101.38,5.64]]],[[[101.46,5.64],[101.53999999999999,5.64],[101.53999999999999,5.72],[101.46,5.72],[101.46,5.64]]],[[[101.54,5.64],[101.62,5.64],[101.62,5.72],[101.54,5.72],[101.54,5.64]]],[[[101.62,5.64],[101.7,5.64],[101.7,5.72],[101.62,5.72],[101.62,5.64]]],[[[101.7,5.64],[101.78,5.64],[101.78,5.72],[101.7,5.72],[101.7,5.64]]],[[[101.78,5.64],[101.86,5.64],[101.86,5.72],[101.78,5.72],[101.78,5.64]]],[[[101.86,5.64],[101.94,5.64],[101.94,5.72],[101.86,5.72],[101.86,5.64]]],[[[101.94,5.64],[102.02,5.64],[102.02,5.72],[101.94,5.72],[101.94,5.64]]],[[[102.02,5.64],[102.1,5.64],[102.1,5.72],[102.02,5.72],[102.02,5.64]]],[[[102.1,5.64],[102.17999999999999,5.64],[102.17999999999999,5.72],[102.1,5.72],[102.1,5.64]]],[[[102.18,5.64],[102.26,5.64],[102.26,5.72],[102.18,5.72],[102.18,5.64]]],[[[102.26,5.64],[102.34,5.64],[102.34,5.72],[102.26,5.72],[102.26,5.64]]],[[[102.34,5.64],[102.42,5.64],[102.42,5.72],[102.34,5.72],[102.34,5.64]]],[[[102.42,5.64],[102.5,5.64],[102.5,5.72],[102.42,5.72],[102.42,5.64]]],[[[102.5,5.64],[102.58,5.64],[102.58,5.72],[102.5,5.72],[102.5,5.64]]],[[[102.58,5.64],[102.66,5.64],[102.66,5.72],[102.58,5.72],[102.58,5.64]]],[[[102.66,5.64],[102.74,5.64],[102.74,5.72],[102.66,5.72],[102.66,5.64]]],[[[102.74,5.64],[102.82,5.64],[102.82,5.72],[102.74,5.72],[102.74,5.64]]],[[[102.82,5.64],[102.89999999999999,5.64],[102.89999999999999,5.72],[102.82,5.72],[102.82,5.64]]],[[[102.9,5.64],[102.98,5.64],[102.98,5.72],[102.9,5.72],[102.9,5.64]]],[[[102.98,5.64],[103.06,5.64],[103.06,5.72],[102.98,5.72],[102.98,5.64]]],[[[103.06,5.64],[103.14,5.64],[103.14,5.72],[103.06,5.72],[103.06,5.64]]],[[[103.14,5.64],[103.22,5.64],[103.22,5.72],[103.14,5.72],[103.14,5.64]]],[[[103.22,5.64],[103.3,5.64],[103.3,5.72],[103.22,5.72],[103.22,5.64]]],[[[103.3,5.64],[103.38,5.64],[103.38,5.72],[103.3,5.72],[103.3,5.64]]],[[[103.38,5.64],[103.46,5.64],[103.46,5.72],[103.38,5.72],[103.38,5.64]]],[[[103.46,5.64],[103.53999999999999,5.64],[103.53999999999999,5.72],[103.46,5.72],[103.46,5.64]]],[[[103.54,5.64],[103.62,5.64],[103.62,5.72],[103.54,5.72],[103.54,5.64]]],[[[103.62,5.64],[103.7,5.64],[103.7,5.72],[103.62,5.72],[103.62,5.64]]],[[[103.7,5.64],[103.78,5.64],[103.78,5.72],[103.7,5.72],[103.7,5.64]]],[[[103.78,5.64],[103.86,5.64],[103.86,5.72],[103.78,5.72],[103.78,5.64]]],[[[103.86,5.64],[103.94,5.64],[103.94,5.72],[103.86,5.72],[103.86,5.64]]],[[[103.94,5.64],[104.02,5.64],[104.02,5.72],[103.94,5.72],[103.94,5.64]]],[[[104.02,5.64],[104.1,5.64],[104.1,5.72],[104.02,5.72],[104.02,5.64]]],[[[104.1,5.64],[104.17999999999999,5.64],[104.17999999999999,5.72],[104.1,5.72],[104.1,5.64]]],[[[104.18,5.64],[104.26,5.64],[104.26,5.72],[104.18,5.72],[104.18,5.64]]],[[[104.26,5.64],[104.34,5.64],[104.34,5.72],[104.26,5.72],[104.26,5.64]]],[[[104.34,5.64],[104.42,5.64],[104.42,5.72],[104.34,5.72],[104.34,5.64]]],[[[104.42,5.64],[104.5,5.64],[104.5,5.72],[104.42,5.72],[104.42,5.64]]],[[[100.98,5.72],[101.06,5.72],[101.06,5.8],[100.98,5.8],[100.98,5.72]]],[[[101.06,5.72],[101.14,5.72],[101.14,5.8],[101.06,5.8],[101.06,5.72]]],[[[101.14,5.72],[101.22,5.72],[101.22,5.8],[101.14,5.8],[101.14,5.72]]],[[[101.22,5.72],[101.3,5.72],[101.3,5.8],[101.22,5.8],[101.22,5.72]]],[[[101.3,5.72],[101.38,5.72],[101.38,5.8],[101.3,5.8],[101.3,5.72]]],[[[101.38,5.72],[101.46,5.72],[101.46,5.8],[101.38,5.8],[101.38,5.72]]],[[[101.46,5.72],[101.53999999999999,5.72],[101.53999999999999,5.8],[101.46,5.8],[101.46,5.72]]],[[[101.54,5.72],[101.62,5.72],[101.62,5.8],[101.54,5.8],[101.54,5.72]]],[[[101.62,5.72],[101.7,5.72],[101.7,5.8],[101.62,5.8],[101.62,5.72]]],[[[101.7,5.72],[101.78,5.72],[101.78,5.8],[101.7,5.8],[101.7,5.72]]],[[[101.86,5.72],[101.94,5.72],[101.94,5.8],[101.86,5.8],[101.86,5.72]]],[[[101.94,5.72],[102.02,5.72],[102.02,5.8],[101.94,5.8],[101.94,5.72]]],[[[102.02,5.72],[102.1,5.72],[102.1,5.8],[102.02,5.8],[102.02,5.72]]],[[[102.1,5.72],[102.17999999999999,5.72],[102.17999999999999,5.8],[102.1,5.8],[102.1,5.72]]],[[[102.18,5.72],[102.26,5.72],[102.26,5.8],[102.18,5.8],[102.18,5.72]]],[[[102.26,5.72],[102.34,5.72],[102.34,5.8],[102.26,5.8],[102.26,5.72]]],[[[102.34,5.72],[102.42,5.72],[102.42,5.8],[102.34,5.8],[102.34,5.72]]],[[[102.42,5.72],[102.5,5.72],[102.5,5.8],[102.42,5.8],[102.42,5.72]]],[[[102.5,5.72],[102.58,5.72],[102.58,5.8],[102.5,5.8],[102.5,5.72]]],[[[102.58,5.72],[102.66,5.72],[102.66,5.8],[102.58,5.8],[102.58,5.72]]],[[[102.66,5.72],[102.74,5.72],[102.74,5.8],[102.66,5.8],[102.66,5.72]]],[[[102.74,5.72],[102.82,5.72],[102.82,5.8],[102.74,5.8],[102.74,5.72]]],[[[102.82,5.72],[102.89999999999999,5.72],[102.89999999999999,5.8],[102.82,5.8],[102.82,5.72]]],[[[102.9,5.72],[102.98,5.72],[102.98,5.8],[102.9,5.8],[102.9,5.72]]],[[[102.98,5.72],[103.06,5.72],[103.06,5.8],[102.98,5.8],[102.98,5.72]]],[[[103.06,5.72],[103.14,5.72],[103.14,5.8],[103.06,5.8],[103.06,5.72]]],[[[103.14,5.72],[103.22,5.72],[103.22,5.8],[103.14,5.8],[103.14,5.72]]],[[[103.22,5.72],[103.3,5.72],[103.3,5.8],[103.22,5.8],[103.22,5.72]]],[[[103.3,5.72],[103.38,5.72],[103.38,5.8],[103.3,5.8],[103.3,5.72]]],[[[103.38,5.72],[103.46,5.72],[103.46,5.8],[103.38,5.8],[103.38,5.72]]],[[[103.46,5.72],[103.53999999999999,5.72],[103.53999999999999,5.8],[103.46,5.8],[103.46,5.72]]],[[[103.54,5.72],[103.62,5.72],[103.62,5.8],[103.54,5.8],[103.54,5.72]]],[[[103.62,5.72],[103.7,5.72],[103.7,5.8],[103.62,5.8],[103.62,5.72]]],[[[103.7,5.72],[103.78,5.72],[103.78,5.8],[103.7,5.8],[103.7,5.72]]],[[[103.78,5.72],[103.86,5.72],[103.86,5.8],[103.78,5.8],[103.78,5.72]]],[[[103.86,5.72],[103.94,5.72],[103.94,5.8],[103.86,5.8],[103.86,5.72]]],[[[103.94,5.72],[104.02,5.72],[104.02,5.8],[103.94,5.8],[103.94,5.72]]],[[[104.02,5.72],[104.1,5.72],[104.1,5.8],[104.02,5.8],[104.02,5.72]]],[[[104.1,5.72],[104.17999999999999,5.72],[104.17999999999999,5.8],[104.1,5.8],[104.1,5.72]]],[[[104.18,5.72],[104.26,5.72],[104.26,5.8],[104.18,5.8],[104.18,5.72]]],[[[104.26,5.72],[104.34,5.72],[104.34,5.8],[104.26,5.8],[104.26,5.72]]],[[[104.34,5.72],[104.42,5.72],[104.42,5.8],[104.34,5.8],[104.34,5.72]]],[[[104.42,5.72],[104.5,5.72],[104.5,5.8],[104.42,5.8],[104.42,5.72]]],[[[100.98,5.8],[101.06,5.8],[101.06,5.88],[100.98,5.88],[100.98,5.8]]],[[[101.06,5.8],[101.14,5.8],[101.14,5.88],[101.06,5.88],[101.06,5.8]]],[[[101.14,5.8],[101.22,5.8],[101.22,5.88],[101.14,5.88],[101.14,5.8]]],[[[101.22,5.8],[101.3,5.8],[101.3,5.88],[101.22,5.88],[101.22,5.8]]],[[[101.3,5.8],[101.38,5.8],[101.38,5.88],[101.3,5.88],[101.3,5.8]]],[[[101.38,5.8],[101.46,5.8],[101.46,5.88],[101.38,5.88],[101.38,5.8]]],[[[101.46,5.8],[101.53999999999999,5.8],[101.53999999999999,5.88],[101.46,5.88],[101.46,5.8]]],[[[101.54,5.8],[101.62,5.8],[101.62,5.88],[101.54,5.88],[101.54,5.8]]],[[[101.62,5.8],[101.7,5.8],[101.7,5.88],[101.62,5.88],[101.62,5.8]]],[[[101.86,5.8],[101.94,5.8],[101.94,5.88],[101.86,5.88],[101.86,5.8]]],[[[101.94,5.8],[102.02,5.8],[102.02,5.88],[101.94,5.88],[101.94,5.8]]],[[[102.02,5.8],[102.1,5.8],[102.1,5.88],[102.02,5.88],[102.02,5.8]]],[[[102.1,5.8],[102.17999999999999,5.8],[102.17999999999999,5.88],[102.1,5.88],[102.1,5.8]]],[[[102.18,5.8],[102.26,5.8],[102.26,5.88],[102.18,5.88],[102.18,5.8]]],[[[102.26,5.8],[102.34,5.8],[102.34,5.88],[102.26,5.88],[102.26,5.8]]],[[[102.34,5.8],[102.42,5.8],[102.42,5.88],[102.34,5.88],[102.34,5.8]]],[[[102.42,5.8],[102.5,5.8],[102.5,5.88],[102.42,5.88],[102.42,5.8]]],[[[102.5,5.8],[102.58,5.8],[102.58,5.88],[102.5,5.88],[102.5,5.8]]],[[[102.58,5.8],[102.66,5.8],[102.66,5.88],[102.58,5.88],[102.58,5.8]]],[[[102.66,5.8],[102.74,5.8],[102.74,5.88],[102.66,5.88],[102.66,5.8]]],[[[102.74,5.8],[102.82,5.8],[102.82,5.88],[102.74,5.88],[102.74,5.8]]],[[[102.82,5.8],[102.89999999999999,5.8],[102.89999999999999,5.88],[102.82,5.88],[102.82,5.8]]],[[[102.9,5.8],[102.98,5.8],[102.98,5.88],[102.9,5.88],[102.9,5.8]]],[[[102.98,5.8],[103.06,5.8],[103.06,5.88],[102.98,5.88],[102.98,5.8]]],[[[103.06,5.8],[103.14,5.8],[103.14,5.88],[103.06,5.88],[103.06,5.8]]],[[[103.14,5.8],[103.22,5.8],[103.22,5.88],[103.14,5.88],[103.14,5.8]]],[[[103.22,5.8],[103.3,5.8],[103.3,5.88],[103.22,5.88],[103.22,5.8]]],[[[103.3,5.8],[103.38,5.8],[103.38,5.88],[103.3,5.88],[103.3,5.8]]],[[[103.38,5.8],[103.46,5.8],[103.46,5.88],[103.38,5.88],[103.38,5.8]]],[[[103.46,5.8],[103.53999999999999,5.8],[103.53999999999999,5.88],[103.46,5.88],[103.46,5.8]]],[[[103.54,5.8],[103.62,5.8],[103.62,5.88],[103.54,5.88],[103.54,5.8]]],[[[103.62,5.8],[103.7,5.8],[103.7,5.88],[103.62,5.88],[103.62,5.8]]],[[[103.7,5.8],[103.78,5.8],[103.78,5.88],[103.7,5.88],[103.7,5.8]]],[[[103.78,5.8],[103.86,5.8],[103.86,5.88],[103.78,5.88],[103.78,5.8]]],[[[103.86,5.8],[103.94,5.8],[103.94,5.88],[103.86,5.88],[103.86,5.8]]],[[[103.94,5.8],[104.02,5.8],[104.02,5.88],[103.94,5.88],[103.94,5.8]]],[[[104.02,5.8],[104.1,5.8],[104.1,5.88],[104.02,5.88],[104.02,5.8]]],[[[104.1,5.8],[104.17999999999999,5.8],[104.17999999999999,5.88],[104.1,5.88],[104.1,5.8]]],[[[104.18,5.8],[104.26,5.8],[104.26,5.88],[104.18,5.88],[104.18,5.8]]],[[[104.26,5.8],[104.34,5.8],[104.34,5.88],[104.26,5.88],[104.26,5.8]]],[[[104.34,5.8],[104.42,5.8],[104.42,5.88],[104.34,5.88],[104.34,5.8]]],[[[104.42,5.8],[104.5,5.8],[104.5,5.88],[104.42,5.88],[104.42,5.8]]],[[[101.06,5.88],[101.14,5.88],[101.14,5.96],[101.06,5.96],[101.06,5.88]]],[[[101.14,5.88],[101.22,5.88],[101.22,5.96],[101.14,5.96],[101.14,5.88]]],[[[101.22,5.88],[101.3,5.88],[101.3,5.96],[101.22,5.96],[101.22,5.88]]],[[[101.3,5.88],[101.38,5.88],[101.38,5.96],[101.3,5.96],[101.3,5.88]]],[[[101.38,5.88],[101.46,5.88],[101.46,5.96],[101.38,5.96],[101.38,5.88]]],[[[101.54,5.88],[101.62,5.88],[101.62,5.96],[101.54,5.96],[101.54,5.88]]],[[[101.94,5.88],[102.02,5.88],[102.02,5.96],[101.94,5.96],[101.94,5.88]]],[[[102.02,5.88],[102.1,5.88],[102.1,5.96],[102.02,5.96],[102.02,5.88]]],[[[102.1,5.88],[102.17999999999999,5.88],[102.17999999999999,5.96],[102.1,5.96],[102.1,5.88]]],[[[102.18,5.88],[102.26,5.88],[102.26,5.96],[102.18,5.96],[102.18,5.88]]],[[[102.26,5.88],[102.34,5.88],[102.34,5.96],[102.26,5.96],[102.26,5.88]]],[[[102.34,5.88],[102.42,5.88],[102.42,5.96],[102.34,5.96],[102.34,5.88]]],[[[102.42,5.88],[102.5,5.88],[102.5,5.96],[102.42,5.96],[102.42,5.88]]],[[[102.5,5.88],[102.58,5.88],[102.58,5.96],[102.5,5.96],[102.5,5.88]]],[[[102.58,5.88],[102.66,5.88],[102.66,5.96],[102.58,5.96],[102.58,5.88]]],[[[102.66,5.88],[102.74,5.88],[102.74,5.96],[102.66,5.96],[102.66,5.88]]],[[[102.74,5.88],[102.82,5.88],[102.82,5.96],[102.74,5.96],[102.74,5.88]]],[[[102.82,5.88],[102.89999999999999,5.88],[102.89999999999999,5.96],[102.82,5.96],[102.82,5.88]]],[[[102.9,5.88],[102.98,5.88],[102.98,5.96],[102.9,5.96],[102.9,5.88]]],[[[102.98,5.88],[103.06,5.88],[103.06,5.96],[102.98,5.96],[102.98,5.88]]],[[[103.06,5.88],[103.14,5.88],[103.14,5.96],[103.06,5.96],[103.06,5.88]]],[[[103.14,5.88],[103.22,5.88],[103.22,5.96],[103.14,5.96],[103.14,5.88]]],[[[103.22,5.88],[103.3,5.88],[103.3,5.96],[103.22,5.96],[103.22,5.88]]],[[[103.3,5.88],[103.38,5.88],[103.38,5.96],[103.3,5.96],[103.3,5.88]]],[[[103.38,5.88],[103.46,5.88],[103.46,5.96],[103.38,5.96],[103.38,5.88]]],[[[103.46,5.88],[103.53999999999999,5.88],[103.53999999999999,5.96],[103.46,5.96],[103.46,5.88]]],[[[103.54,5.88],[103.62,5.88],[103.62,5.96],[103.54,5.96],[103.54,5.88]]],[[[103.62,5.88],[103.7,5.88],[103.7,5.96],[103.62,5.96],[103.62,5.88]]],[[[103.7,5.88],[103.78,5.88],[103.78,5.96],[103.7,5.96],[103.7,5.88]]],[[[103.78,5.88],[103.86,5.88],[103.86,5.96],[103.78,5.96],[103.78,5.88]]],[[[103.86,5.88],[103.94,5.88],[103.94,5.96],[103.86,5.96],[103.86,5.88]]],[[[103.94,5.88],[104.02,5.88],[104.02,5.96],[103.94,5.96],[103.94,5.88]]],[[[104.02,5.88],[104.1,5.88],[104.1,5.96],[104.02,5.96],[104.02,5.88]]],[[[104.1,5.88],[104.17999999999999,5.88],[104.17999999999999,5.96],[104.1,5.96],[104.1,5.88]]],[[[104.18,5.88],[104.26,5.88],[104.26,5.96],[104.18,5.96],[104.18,5.88]]],[[[104.26,5.88],[104.34,5.88],[104.34,5.96],[104.26,5.96],[104.26,5.88]]],[[[104.34,5.88],[104.42,5.88],[104.42,5.96],[104.34,5.96],[104.34,5.88]]],[[[104.42,5.88],[104.5,5.88],[104.5,5.96],[104.42,5.96],[104.42,5.88]]],[[[101.06,5.96],[101.14,5.96],[101.14,6.04],[101.06,6.04],[101.06,5.96]]],[[[101.14,5.96],[101.22,5.96],[101.22,6.04],[101.14,6.04],[101.14,5.96]]],[[[101.22,5.96],[101.3,5.96],[101.3,6.04],[101.22,6.04],[101.22,5.96]]],[[[101.3,5.96],[101.38,5.96],[101.38,6.04],[101.3,6.04],[101.3,5.96]]],[[[101.38,5.96],[101.46,5.96],[101.46,6.04],[101.38,6.04],[101.38,5.96]]],[[[101.94,5.96],[102.02,5.96],[102.02,6.04],[101.94,6.04],[101.94,5.96]]],[[[102.02,5.96],[102.1,5.96],[102.1,6.04],[102.02,6.04],[102.02,5.96]]],[[[102.1,5.96],[102.17999999999999,5.96],[102.17999999999999,6.04],[102.1,6.04],[102.1,5.96]]],[[[102.18,5.96],[102.26,5.96],[102.26,6.04],[102.18,6.04],[102.18,5.96]]],[[[102.26,5.96],[102.34,5.96],[102.34,6.04],[102.26,6.04],[102.26,5.96]]],[[[102.34,5.96],[102.42,5.96],[102.42,6.04],[102.34,6.04],[102.34,5.96]]],[[[102.42,5.96],[102.5,5.96],[102.5,6.04],[102.42,6.04],[102.42,5.96]]],[[[102.5,5.96],[102.58,5.96],[102.58,6.04],[102.5,6.04],[102.5,5.96]]],[[[102.58,5.96],[102.66,5.96],[102.66,6.04],[102.58,6.04],[102.58,5.96]]],[[[102.66,5.96],[102.74,5.96],[102.74,6.04],[102.66,6.04],[102.66,5.96]]],[[[102.74,5.96],[102.82,5.96],[102.82,6.04],[102.74,6.04],[102.74,5.96]]],[[[102.82,5.96],[102.89999999999999,5.96],[102.89999999999999,6.04],[102.82,6.04],[102.82,5.96]]],[[[102.9,5.96],[102.98,5.96],[102.98,6.04],[102.9,6.04],[102.9,5.96]]],[[[102.98,5.96],[103.06,5.96],[103.06,6.04],[102.98,6.04],[102.98,5.96]]],[[[103.06,5.96],[103.14,5.96],[103.14,6.04],[103.06,6.04],[103.06,5.96]]],[[[103.14,5.96],[103.22,5.96],[103.22,6.04],[103.14,6.04],[103.14,5.96]]],[[[103.22,5.96],[103.3,5.96],[103.3,6.04],[103.22,6.04],[103.22,5.96]]],[[[103.3,5.96],[103.38,5.96],[103.38,6.04],[103.3,6.04],[103.3,5.96]]],[[[103.38,5.96],[103.46,5.96],[103.46,6.04],[103.38,6.04],[103.38,5.96]]],[[[103.46,5.96],[103.53999999999999,5.96],[103.53999999999999,6.04],[103.46,6.04],[103.46,5.96]]],[[[103.54,5.96],[103.62,5.96],[103.62,6.04],[103.54,6.04],[103.54,5.96]]],[[[103.62,5.96],[103.7,5.96],[103.7,6.04],[103.62,6.04],[103.62,5.96]]],[[[103.7,5.96],[103.78,5.96],[103.78,6.04],[103.7,6.04],[103.7,5.96]]],[[[103.78,5.96],[103.86,5.96],[103.86,6.04],[103.78,6.04],[103.78,5.96]]],[[[103.86,5.96],[103.94,5.96],[103.94,6.04],[103.86,6.04],[103.86,5.96]]],[[[103.94,5.96],[104.02,5.96],[104.02,6.04],[103.94,6.04],[103.94,5.96]]],[[[104.02,5.96],[104.1,5.96],[104.1,6.04],[104.02,6.04],[104.02,5.96]]],[[[104.1,5.96],[104.17999999999999,5.96],[104.17999999999999,6.04],[104.1,6.04],[104.1,5.96]]],[[[104.18,5.96],[104.26,5.96],[104.26,6.04],[104.18,6.04],[104.18,5.96]]],[[[104.26,5.96],[104.34,5.96],[104.34,6.04],[104.26,6.04],[104.26,5.96]]],[[[104.34,5.96],[104.42,5.96],[104.42,6.04],[104.34,6.04],[104.34,5.96]]],[[[104.42,5.96],[104.5,5.96],[104.5,6.04],[104.42,6.04],[104.42,5.96]]],[[[101.14,6.04],[101.22,6.04],[101.22,6.12],[101.14,6.12],[101.14,6.04]]],[[[101.22,6.04],[101.3,6.04],[101.3,6.12],[101.22,6.12],[101.22,6.04]]],[[[101.3,6.04],[101.38,6.04],[101.38,6.12],[101.3,6.12],[101.3,6.04]]],[[[101.38,6.04],[101.46,6.04],[101.46,6.12],[101.38,6.12],[101.38,6.04]]],[[[102.02,6.04],[102.1,6.04],[102.1,6.12],[102.02,6.12],[102.02,6.04]]],[[[102.1,6.04],[102.17999999999999,6.04],[102.17999999999999,6.12],[102.1,6.12],[102.1,6.04]]],[[[102.18,6.04],[102.26,6.04],[102.26,6.12],[102.18,6.12],[102.18,6.04]]],[[[102.26,6.04],[102.34,6.04],[102.34,6.12],[102.26,6.12],[102.26,6.04]]],[[[102.34,6.04],[102.42,6.04],[102.42,6.12],[102.34,6.12],[102.34,6.04]]],[[[102.42,6.04],[102.5,6.04],[102.5,6.12],[102.42,6.12],[102.42,6.04]]],[[[102.5,6.04],[102.58,6.04],[102.58,6.12],[102.5,6.12],[102.5,6.04]]],[[[102.58,6.04],[102.66,6.04],[102.66,6.12],[102.58,6.12],[102.58,6.04]]],[[[102.66,6.04],[102.74,6.04],[102.74,6.12],[102.66,6.12],[102.66,6.04]]],[[[102.74,6.04],[102.82,6.04],[102.82,6.12],[102.74,6.12],[102.74,6.04]]],[[[102.82,6.04],[102.89999999999999,6.04],[102.89999999999999,6.12],[102.82,6.12],[102.82,6.04]]],[[[102.9,6.04],[102.98,6.04],[102.98,6.12],[102.9,6.12],[102.9,6.04]]],[[[102.98,6.04],[103.06,6.04],[103.06,6.12],[102.98,6.12],[102.98,6.04]]],[[[103.06,6.04],[103.14,6.04],[103.14,6.12],[103.06,6.12],[103.06,6.04]]],[[[103.14,6.04],[103.22,6.04],[103.22,6.12],[103.14,6.12],[103.14,6.04]]],[[[103.22,6.04],[103.3,6.04],[103.3,6.12],[103.22,6.12],[103.22,6.04]]],[[[103.3,6.04],[103.38,6.04],[103.38,6.12],[103.3,6.12],[103.3,6.04]]],[[[103.38,6.04],[103.46,6.04],[103.46,6.12],[103.38,6.12],[103.38,6.04]]],[[[103.46,6.04],[103.53999999999999,6.04],[103.53999999999999,6.12],[103.46,6.12],[103.46,6.04]]],[[[103.54,6.04],[103.62,6.04],[103.62,6.12],[103.54,6.12],[103.54,6.04]]],[[[103.62,6.04],[103.7,6.04],[103.7,6.12],[103.62,6.12],[103.62,6.04]]],[[[103.7,6.04],[103.78,6.04],[103.78,6.12],[103.7,6.12],[103.7,6.04]]],[[[103.78,6.04],[103.86,6.04],[103.86,6.12],[103.78,6.12],[103.78,6.04]]],[[[103.86,6.04],[103.94,6.04],[103.94,6.12],[103.86,6.12],[103.86,6.04]]],[[[103.94,6.04],[104.02,6.04],[104.02,6.12],[103.94,6.12],[103.94,6.04]]],[[[104.02,6.04],[104.1,6.04],[104.1,6.12],[104.02,6.12],[104.02,6.04]]],[[[104.1,6.04],[104.17999999999999,6.04],[104.17999999999999,6.12],[104.1,6.12],[104.1,6.04]]],[[[104.18,6.04],[104.26,6.04],[104.26,6.12],[104.18,6.12],[104.18,6.04]]],[[[104.26,6.04],[104.34,6.04],[104.34,6.12],[104.26,6.12],[104.26,6.04]]],[[[104.34,6.04],[104.42,6.04],[104.42,6.12],[104.34,6.12],[104.34,6.04]]],[[[104.42,6.04],[104.5,6.04],[104.5,6.12],[104.42,6.12],[104.42,6.04]]],[[[101.14,6.12],[101.22,6.12],[101.22,6.2],[101.14,6.2],[101.14,6.12]]],[[[101.22,6.12],[101.3,6.12],[101.3,6.2],[101.22,6.2],[101.22,6.12]]],[[[101.3,6.12],[101.38,6.12],[101.38,6.2],[101.3,6.2],[101.3,6.12]]],[[[102.1,6.12],[102.17999999999999,6.12],[102.17999999999999,6.2],[102.1,6.2],[102.1,6.12]]],[[[102.18,6.12],[102.26,6.12],[102.26,6.2],[102.18,6.2],[102.18,6.12]]],[[[102.26,6.12],[102.34,6.12],[102.34,6.2],[102.26,6.2],[102.26,6.12]]],[[[102.34,6.12],[102.42,6.12],[102.42,6.2],[102.34,6.2],[102.34,6.12]]],[[[102.42,6.12],[102.5,6.12],[102.5,6.2],[102.42,6.2],[102.42,6.12]]],[[[102.5,6.12],[102.58,6.12],[102.58,6.2],[102.5,6.2],[102.5,6.12]]],[[[102.58,6.12],[102.66,6.12],[102.66,6.2],[102.58,6.2],[102.58,6.12]]],[[[102.66,6.12],[102.74,6.12],[102.74,6.2],[102.66,6.2],[102.66,6.12]]],[[[102.74,6.12],[102.82,6.12],[102.82,6.2],[102.74,6.2],[102.74,6.12]]],[[[102.82,6.12],[102.89999999999999,6.12],[102.89999999999999,6.2],[102.82,6.2],[102.82,6.12]]],[[[102.9,6.12],[102.98,6.12],[102.98,6.2],[102.9,6.2],[102.9,6.12]]],[[[102.98,6.12],[103.06,6.12],[103.06,6.2],[102.98,6.2],[102.98,6.12]]],[[[103.06,6.12],[103.14,6.12],[103.14,6.2],[103.06,6.2],[103.06,6.12]]],[[[103.14,6.12],[103.22,6.12],[103.22,6.2],[103.14,6.2],[103.14,6.12]]],[[[103.22,6.12],[103.3,6.12],[103.3,6.2],[103.22,6.2],[103.22,6.12]]],[[[103.3,6.12],[103.38,6.12],[103.38,6.2],[103.3,6.2],[103.3,6.12]]],[[[103.38,6.12],[103.46,6.12],[103.46,6.2],[103.38,6.2],[103.38,6.12]]],[[[103.46,6.12],[103.53999999999999,6.12],[103.53999999999999,6.2],[103.46,6.2],[103.46,6.12]]],[[[103.54,6.12],[103.62,6.12],[103.62,6.2],[103.54,6.2],[103.54,6.12]]],[[[103.62,6.12],[103.7,6.12],[103.7,6.2],[103.62,6.2],[103.62,6.12]]],[[[103.7,6.12],[103.78,6.12],[103.78,6.2],[103.7,6.2],[103.7,6.12]]],[[[103.78,6.12],[103.86,6.12],[103.86,6.2],[103.78,6.2],[103.78,6.12]]],[[[103.86,6.12],[103.94,6.12],[103.94,6.2],[103.86,6.2],[103.86,6.12]]],[[[103.94,6.12],[104.02,6.12],[104.02,6.2],[103.94,6.2],[103.94,6.12]]],[[[104.02,6.12],[104.1,6.12],[104.1,6.2],[104.02,6.2],[104.02,6.12]]],[[[104.1,6.12],[104.17999999999999,6.12],[104.17999999999999,6.2],[104.1,6.2],[104.1,6.12]]],[[[104.18,6.12],[104.26,6.12],[104.26,6.2],[104.18,6.2],[104.18,6.12]]],[[[104.26,6.12],[104.34,6.12],[104.34,6.2],[104.26,6.2],[104.26,6.12]]],[[[104.34,6.12],[104.42,6.12],[104.42,6.2],[104.34,6.2],[104.34,6.12]]],[[[104.42,6.12],[104.5,6.12],[104.5,6.2],[104.42,6.2],[104.42,6.12]]],[[[101.14,6.2],[101.22,6.2],[101.22,6.28],[101.14,6.28],[101.14,6.2]]],[[[101.22,6.2],[101.3,6.2],[101.3,6.28],[101.22,6.28],[101.22,6.2]]],[[[101.3,6.2],[101.38,6.2],[101.38,6.28],[101.3,6.28],[101.3,6.2]]],[[[102.1,6.2],[102.17999999999999,6.2],[102.17999999999999,6.28],[102.1,6.28],[102.1,6.2]]],[[[102.18,6.2],[102.26,6.2],[102.26,6.28],[102.18,6.28],[102.18,6.2]]],[[[102.26,6.2],[102.34,6.2],[102.34,6.28],[102.26,6.28],[102.26,6.2]]],[[[102.34,6.2],[102.42,6.2],[102.42,6.28],[102.34,6.28],[102.34,6.2]]],[[[102.42,6.2],[102.5,6.2],[102.5,6.28],[102.42,6.28],[102.42,6.2]]],[[[102.5,6.2],[102.58,6.2],[102.58,6.28],[102.5,6.28],[102.5,6.2]]],[[[102.58,6.2],[102.66,6.2],[102.66,6.28],[102.58,6.28],[102.58,6.2]]],[[[102.66,6.2],[102.74,6.2],[102.74,6.28],[102.66,6.28],[102.66,6.2]]],[[[102.74,6.2],[102.82,6.2],[102.82,6.28],[102.74,6.28],[102.74,6.2]]],[[[102.82,6.2],[102.89999999999999,6.2],[102.89999999999999,6.28],[102.82,6.28],[102.82,6.2]]],[[[102.9,6.2],[102.98,6.2],[102.98,6.28],[102.9,6.28],[102.9,6.2]]],[[[102.98,6.2],[103.06,6.2],[103.06,6.28],[102.98,6.28],[102.98,6.2]]],[[[103.06,6.2],[103.14,6.2],[103.14,6.28],[103.06,6.28],[103.06,6.2]]],[[[103.14,6.2],[103.22,6.2],[103.22,6.28],[103.14,6.28],[103.14,6.2]]],[[[103.22,6.2],[103.3,6.2],[103.3,6.28],[103.22,6.28],[103.22,6.2]]],[[[103.3,6.2],[103.38,6.2],[103.38,6.28],[103.3,6.28],[103.3,6.2]]],[[[103.38,6.2],[103.46,6.2],[103.46,6.28],[103.38,6.28],[103.38,6.2]]],[[[103.46,6.2],[103.53999999999999,6.2],[103.53999999999999,6.28],[103.46,6.28],[103.46,6.2]]],[[[103.54,6.2],[103.62,6.2],[103.62,6.28],[103.54,6.28],[103.54,6.2]]],[[[103.62,6.2],[103.7,6.2],[103.7,6.28],[103.62,6.28],[103.62,6.2]]],[[[103.7,6.2],[103.78,6.2],[103.78,6.28],[103.7,6.28],[103.7,6.2]]],[[[103.78,6.2],[103.86,6.2],[103.86,6.28],[103.78,6.28],[103.78,6.2]]],[[[103.86,6.2],[103.94,6.2],[103.94,6.28],[103.86,6.28],[103.86,6.2]]],[[[103.94,6.2],[104.02,6.2],[104.02,6.28],[103.94,6.28],[103.94,6.2]]],[[[104.02,6.2],[104.1,6.2],[104.1,6.28],[104.02,6.28],[104.02,6.2]]],[[[104.1,6.2],[104.17999999999999,6.2],[104.17999999999999,6.28],[104.1,6.28],[104.1,6.2]]],[[[104.18,6.2],[104.26,6.2],[104.26,6.28],[104.18,6.28],[104.18,6.2]]],[[[104.26,6.2],[104.34,6.2],[104.34,6.28],[104.26,6.28],[104.26,6.2]]],[[[104.34,6.2],[104.42,6.2],[104.42,6.28],[104.34,6.28],[104.34,6.2]]],[[[104.42,6.2],[104.5,6.2],[104.5,6.28],[104.42,6.28],[104.42,6.2]]],[[[101.14,6.28],[101.22,6.28],[101.22,6.36],[101.14,6.36],[101.14,6.28]]],[[[101.22,6.28],[101.3,6.28],[101.3,6.36],[101.22,6.36],[101.22,6.28]]],[[[101.3,6.28],[101.38,6.28],[101.38,6.36],[101.3,6.36],[101.3,6.28]]],[[[101.94,6.28],[102.02,6.28],[102.02,6.36],[101.94,6.36],[101.94,6.28]]],[[[102.02,6.28],[102.1,6.28],[102.1,6.36],[102.02,6.36],[102.02,6.28]]],[[[102.1,6.28],[102.17999999999999,6.28],[102.17999999999999,6.36],[102.1,6.36],[102.1,6.28]]],[[[102.18,6.28],[102.26,6.28],[102.26,6.36],[102.18,6.36],[102.18,6.28]]],[[[102.26,6.28],[102.34,6.28],[102.34,6.36],[102.26,6.36],[102.26,6.28]]],[[[102.34,6.28],[102.42,6.28],[102.42,6.36],[102.34,6.36],[102.34,6.28]]],[[[102.42,6.28],[102.5,6.28],[102.5,6.36],[102.42,6.36],[102.42,6.28]]],[[[102.5,6.28],[102.58,6.28],[102.58,6.36],[102.5,6.36],[102.5,6.28]]],[[[102.58,6.28],[102.66,6.28],[102.66,6.36],[102.58,6.36],[102.58,6.28]]],[[[102.66,6.28],[102.74,6.28],[102.74,6.36],[102.66,6.36],[102.66,6.28]]],[[[102.74,6.28],[102.82,6.28],[102.82,6.36],[102.74,6.36],[102.74,6.28]]],[[[102.82,6.28],[102.89999999999999,6.28],[102.89999999999999,6.36],[102.82,6.36],[102.82,6.28]]],[[[102.9,6.28],[102.98,6.28],[102.98,6.36],[102.9,6.36],[102.9,6.28]]],[[[102.98,6.28],[103.06,6.28],[103.06,6.36],[102.98,6.36],[102.98,6.28]]],[[[103.06,6.28],[103.14,6.28],[103.14,6.36],[103.06,6.36],[103.06,6.28]]],[[[103.14,6.28],[103.22,6.28],[103.22,6.36],[103.14,6.36],[103.14,6.28]]],[[[103.22,6.28],[103.3,6.28],[103.3,6.36],[103.22,6.36],[103.22,6.28]]],[[[103.3,6.28],[103.38,6.28],[103.38,6.36],[103.3,6.36],[103.3,6.28]]],[[[103.38,6.28],[103.46,6.28],[103.46,6.36],[103.38,6.36],[103.38,6.28]]],[[[103.46,6.28],[103.53999999999999,6.28],[103.53999999999999,6.36],[103.46,6.36],[103.46,6.28]]],[[[103.54,6.28],[103.62,6.28],[103.62,6.36],[103.54,6.36],[103.54,6.28]]],[[[103.62,6.28],[103.7,6.28],[103.7,6.36],[103.62,6.36],[103.62,6.28]]],[[[103.7,6.28],[103.78,6.28],[103.78,6.36],[103.7,6.36],[103.7,6.28]]],[[[103.78,6.28],[103.86,6.28],[103.86,6.36],[103.78,6.36],[103.78,6.28]]],[[[103.86,6.28],[103.94,6.28],[103.94,6.36],[103.86,6.36],[103.86,6.28]]],[[[103.94,6.28],[104.02,6.28],[104.02,6.36],[103.94,6.36],[103.94,6.28]]],[[[104.02,6.28],[104.1,6.28],[104.1,6.36],[104.02,6.36],[104.02,6.28]]],[[[104.1,6.28],[104.17999999999999,6.28],[104.17999999999999,6.36],[104.1,6.36],[104.1,6.28]]],[[[104.18,6.28],[104.26,6.28],[104.26,6.36],[104.18,6.36],[104.18,6.28]]],[[[104.26,6.28],[104.34,6.28],[104.34,6.36],[104.26,6.36],[104.26,6.28]]],[[[104.34,6.28],[104.42,6.28],[104.42,6.36],[104.34,6.36],[104.34,6.28]]],[[[104.42,6.28],[104.5,6.28],[104.5,6.36],[104.42,6.36],[104.42,6.28]]],[[[101.22,6.36],[101.3,6.36],[101.3,6.44],[101.22,6.44],[101.22,6.36]]],[[[101.3,6.36],[101.38,6.36],[101.38,6.44],[101.3,6.44],[101.3,6.36]]],[[[101.86,6.36],[101.94,6.36],[101.94,6.44],[101.86,6.44],[101.86,6.36]]],[[[101.94,6.36],[102.02,6.36],[102.02,6.44],[101.94,6.44],[101.94,6.36]]],[[[102.02,6.36],[102.1,6.36],[102.1,6.44],[102.02,6.44],[102.02,6.36]]],[[[102.1,6.36],[102.17999999999999,6.36],[102.17999999999999,6.44],[102.1,6.44],[102.1,6.36]]],[[[102.18,6.36],[102.26,6.36],[102.26,6.44],[102.18,6.44],[102.18,6.36]]],[[[102.26,6.36],[102.34,6.36],[102.34,6.44],[102.26,6.44],[102.26,6.36]]],[[[102.34,6.36],[102.42,6.36],[102.42,6.44],[102.34,6.44],[102.34,6.36]]],[[[102.42,6.36],[102.5,6.36],[102.5,6.44],[102.42,6.44],[102.42,6.36]]],[[[102.5,6.36],[102.58,6.36],[102.58,6.44],[102.5,6.44],[102.5,6.36]]],[[[102.58,6.36],[102.66,6.36],[102.66,6.44],[102.58,6.44],[102.58,6.36]]],[[[102.66,6.36],[102.74,6.36],[102.74,6.44],[102.66,6.44],[102.66,6.36]]],[[[102.74,6.36],[102.82,6.36],[102.82,6.44],[102.74,6.44],[102.74,6.36]]],[[[102.82,6.36],[102.89999999999999,6.36],[102.89999999999999,6.44],[102.82,6.44],[102.82,6.36]]],[[[102.9,6.36],[102.98,6.36],[102.98,6.44],[102.9,6.44],[102.9,6.36]]],[[[102.98,6.36],[103.06,6.36],[103.06,6.44],[102.98,6.44],[102.98,6.36]]],[[[103.06,6.36],[103.14,6.36],[103.14,6.44],[103.06,6.44],[103.06,6.36]]],[[[103.14,6.36],[103.22,6.36],[103.22,6.44],[103.14,6.44],[103.14,6.36]]],[[[103.22,6.36],[103.3,6.36],[103.3,6.44],[103.22,6.44],[103.22,6.36]]],[[[103.3,6.36],[103.38,6.36],[103.38,6.44],[103.3,6.44],[103.3,6.36]]],[[[103.38,6.36],[103.46,6.36],[103.46,6.44],[103.38,6.44],[103.38,6.36]]],[[[103.46,6.36],[103.53999999999999,6.36],[103.53999999999999,6.44],[103.46,6.44],[103.46,6.36]]],[[[103.54,6.36],[103.62,6.36],[103.62,6.44],[103.54,6.44],[103.54,6.36]]],[[[103.62,6.36],[103.7,6.36],[103.7,6.44],[103.62,6.44],[103.62,6.36]]],[[[103.7,6.36],[103.78,6.36],[103.78,6.44],[103.7,6.44],[103.7,6.36]]],[[[103.78,6.36],[103.86,6.36],[103.86,6.44],[103.78,6.44],[103.78,6.36]]],[[[103.86,6.36],[103.94,6.36],[103.94,6.44],[103.86,6.44],[103.86,6.36]]],[[[103.94,6.36],[104.02,6.36],[104.02,6.44],[103.94,6.44],[103.94,6.36]]],[[[104.02,6.36],[104.1,6.36],[104.1,6.44],[104.02,6.44],[104.02,6.36]]],[[[104.1,6.36],[104.17999999999999,6.36],[104.17999999999999,6.44],[104.1,6.44],[104.1,6.36]]],[[[104.18,6.36],[104.26,6.36],[104.26,6.44],[104.18,6.44],[104.18,6.36]]],[[[104.26,6.36],[104.34,6.36],[104.34,6.44],[104.26,6.44],[104.26,6.36]]],[[[104.34,6.36],[104.42,6.36],[104.42,6.44],[104.34,6.44],[104.34,6.36]]],[[[104.42,6.36],[104.5,6.36],[104.5,6.44],[104.42,6.44],[104.42,6.36]]],[[[101.38,6.4399999999999995],[101.46,6.4399999999999995],[101.46,6.52],[101.38,6.52],[101.38,6.4399999999999995]]],[[[101.46,6.4399999999999995],[101.53999999999999,6.4399999999999995],[101.53999999999999,6.52],[101.46,6.52],[101.46,6.4399999999999995]]],[[[101.78,6.4399999999999995],[101.86,6.4399999999999995],[101.86,6.52],[101.78,6.52],[101.78,6.4399999999999995]]],[[[101.86,6.4399999999999995],[101.94,6.4399999999999995],[101.94,6.52],[101.86,6.52],[101.86,6.4399999999999995]]],[[[101.94,6.4399999999999995],[102.02,6.4399999999999995],[102.02,6.52],[101.94,6.52],[101.94,6.4399999999999995]]],[[[102.02,6.4399999999999995],[102.1,6.4399999999999995],[102.1,6.52],[102.02,6.52],[102.02,6.4399999999999995]]],[[[102.1,6.4399999999999995],[102.17999999999999,6.4399999999999995],[102.17999999999999,6.52],[102.1,6.52],[102.1,6.4399999999999995]]],[[[102.18,6.4399999999999995],[102.26,6.4399999999999995],[102.26,6.52],[102.18,6.52],[102.18,6.4399999999999995]]],[[[102.26,6.4399999999999995],[102.34,6.4399999999999995],[102.34,6.52],[102.26,6.52],[102.26,6.4399999999999995]]],[[[102.34,6.4399999999999995],[102.42,6.4399999999999995],[102.42,6.52],[102.34,6.52],[102.34,6.4399999999999995]]],[[[102.42,6.4399999999999995],[102.5,6.4399999999999995],[102.5,6.52],[102.42,6.52],[102.42,6.4399999999999995]]],[[[102.5,6.4399999999999995],[102.58,6.4399999999999995],[102.58,6.52],[102.5,6.52],[102.5,6.4399999999999995]]],[[[102.58,6.4399999999999995],[102.66,6.4399999999999995],[102.66,6.52],[102.58,6.52],[102.58,6.4399999999999995]]],[[[102.66,6.4399999999999995],[102.74,6.4399999999999995],[102.74,6.52],[102.66,6.52],[102.66,6.4399999999999995]]],[[[102.74,6.4399999999999995],[102.82,6.4399999999999995],[102.82,6.52],[102.74,6.52],[102.74,6.4399999999999995]]],[[[102.82,6.4399999999999995],[102.89999999999999,6.4399999999999995],[102.89999999999999,6.52],[102.82,6.52],[102.82,6.4399999999999995]]],[[[102.9,6.4399999999999995],[102.98,6.4399999999999995],[102.98,6.52],[102.9,6.52],[102.9,6.4399999999999995]]],[[[102.98,6.4399999999999995],[103.06,6.4399999999999995],[103.06,6.52],[102.98,6.52],[102.98,6.4399999999999995]]],[[[103.06,6.4399999999999995],[103.14,6.4399999999999995],[103.14,6.52],[103.06,6.52],[103.06,6.4399999999999995]]],[[[103.14,6.4399999999999995],[103.22,6.4399999999999995],[103.22,6.52],[103.14,6.52],[103.14,6.4399999999999995]]],[[[103.22,6.4399999999999995],[103.3,6.4399999999999995],[103.3,6.52],[103.22,6.52],[103.22,6.4399999999999995]]],[[[103.3,6.4399999999999995],[103.38,6.4399999999999995],[103.38,6.52],[103.3,6.52],[103.3,6.4399999999999995]]],[[[103.38,6.4399999999999995],[103.46,6.4399999999999995],[103.46,6.52],[103.38,6.52],[103.38,6.4399999999999995]]],[[[103.46,6.4399999999999995],[103.53999999999999,6.4399999999999995],[103.53999999999999,6.52],[103.46,6.52],[103.46,6.4399999999999995]]],[[[103.54,6.4399999999999995],[103.62,6.4399999999999995],[103.62,6.52],[103.54,6.52],[103.54,6.4399999999999995]]],[[[103.62,6.4399999999999995],[103.7,6.4399999999999995],[103.7,6.52],[103.62,6.52],[103.62,6.4399999999999995]]],[[[103.7,6.4399999999999995],[103.78,6.4399999999999995],[103.78,6.52],[103.7,6.52],[103.7,6.4399999999999995]]],[[[103.78,6.4399999999999995],[103.86,6.4399999999999995],[103.86,6.52],[103.78,6.52],[103.78,6.4399999999999995]]],[[[103.86,6.4399999999999995],[103.94,6.4399999999999995],[103.94,6.52],[103.86,6.52],[103.86,6.4399999999999995]]],[[[103.94,6.4399999999999995],[104.02,6.4399999999999995],[104.02,6.52],[103.94,6.52],[103.94,6.4399999999999995]]],[[[104.02,6.4399999999999995],[104.1,6.4399999999999995],[104.1,6.52],[104.02,6.52],[104.02,6.4399999999999995]]],[[[104.1,6.4399999999999995],[104.17999999999999,6.4399999999999995],[104.17999999999999,6.52],[104.1,6.52],[104.1,6.4399999999999995]]],[[[104.18,6.4399999999999995],[104.26,6.4399999999999995],[104.26,6.52],[104.18,6.52],[104.18,6.4399999999999995]]],[[[104.26,6.4399999999999995],[104.34,6.4399999999999995],[104.34,6.52],[104.26,6.52],[104.26,6.4399999999999995]]],[[[104.34,6.4399999999999995],[104.42,6.4399999999999995],[104.42,6.52],[104.34,6.52],[104.34,6.4399999999999995]]],[[[104.42,6.4399999999999995],[104.5,6.4399999999999995],[104.5,6.52],[104.42,6.52],[104.42,6.4399999999999995]]],[[[101.7,6.52],[101.78,6.52],[101.78,6.6],[101.7,6.6],[101.7,6.52]]],[[[101.78,6.52],[101.86,6.52],[101.86,6.6],[101.78,6.6],[101.78,6.52]]],[[[101.86,6.52],[101.94,6.52],[101.94,6.6],[101.86,6.6],[101.86,6.52]]],[[[101.94,6.52],[102.02,6.52],[102.02,6.6],[101.94,6.6],[101.94,6.52]]],[[[102.02,6.52],[102.1,6.52],[102.1,6.6],[102.02,6.6],[102.02,6.52]]],[[[102.1,6.52],[102.17999999999999,6.52],[102.17999999999999,6.6],[102.1,6.6],[102.1,6.52]]],[[[102.18,6.52],[102.26,6.52],[102.26,6.6],[102.18,6.6],[102.18,6.52]]],[[[102.26,6.52],[102.34,6.52],[102.34,6.6],[102.26,6.6],[102.26,6.52]]],[[[102.34,6.52],[102.42,6.52],[102.42,6.6],[102.34,6.6],[102.34,6.52]]],[[[102.42,6.52],[102.5,6.52],[102.5,6.6],[102.42,6.6],[102.42,6.52]]],[[[102.5,6.52],[102.58,6.52],[102.58,6.6],[102.5,6.6],[102.5,6.52]]],[[[102.58,6.52],[102.66,6.52],[102.66,6.6],[102.58,6.6],[102.58,6.52]]],[[[102.66,6.52],[102.74,6.52],[102.74,6.6],[102.66,6.6],[102.66,6.52]]],[[[102.74,6.52],[102.82,6.52],[102.82,6.6],[102.74,6.6],[102.74,6.52]]],[[[102.82,6.52],[102.89999999999999,6.52],[102.89999999999999,6.6],[102.82,6.6],[102.82,6.52]]],[[[102.9,6.52],[102.98,6.52],[102.98,6.6],[102.9,6.6],[102.9,6.52]]],[[[102.98,6.52],[103.06,6.52],[103.06,6.6],[102.98,6.6],[102.98,6.52]]],[[[103.06,6.52],[103.14,6.52],[103.14,6.6],[103.06,6.6],[103.06,6.52]]],[[[103.14,6.52],[103.22,6.52],[103.22,6.6],[103.14,6.6],[103.14,6.52]]],[[[103.22,6.52],[103.3,6.52],[103.3,6.6],[103.22,6.6],[103.22,6.52]]],[[[103.3,6.52],[103.38,6.52],[103.38,6.6],[103.3,6.6],[103.3,6.52]]],[[[103.38,6.52],[103.46,6.52],[103.46,6.6],[103.38,6.6],[103.38,6.52]]],[[[103.46,6.52],[103.53999999999999,6.52],[103.53999999999999,6.6],[103.46,6.6],[103.46,6.52]]],[[[103.54,6.52],[103.62,6.52],[103.62,6.6],[103.54,6.6],[103.54,6.52]]],[[[103.62,6.52],[103.7,6.52],[103.7,6.6],[103.62,6.6],[103.62,6.52]]],[[[103.7,6.52],[103.78,6.52],[103.78,6.6],[103.7,6.6],[103.7,6.52]]],[[[103.78,6.52],[103.86,6.52],[103.86,6.6],[103.78,6.6],[103.78,6.52]]],[[[103.86,6.52],[103.94,6.52],[103.94,6.6],[103.86,6.6],[103.86,6.52]]],[[[103.94,6.52],[104.02,6.52],[104.02,6.6],[103.94,6.6],[103.94,6.52]]],[[[104.02,6.52],[104.1,6.52],[104.1,6.6],[104.02,6.6],[104.02,6.52]]],[[[104.1,6.52],[104.17999999999999,6.52],[104.17999999999999,6.6],[104.1,6.6],[104.1,6.52]]],[[[104.18,6.52],[104.26,6.52],[104.26,6.6],[104.18,6.6],[104.18,6.52]]],[[[104.26,6.52],[104.34,6.52],[104.34,6.6],[104.26,6.6],[104.26,6.52]]],[[[104.34,6.52],[104.42,6.52],[104.42,6.6],[104.34,6.6],[104.34,6.52]]],[[[104.42,6.52],[104.5,6.52],[104.5,6.6],[104.42,6.6],[104.42,6.52]]],[[[101.86,6.6],[101.94,6.6],[101.94,6.68],[101.86,6.68],[101.86,6.6]]],[[[101.94,6.6],[102.02,6.6],[102.02,6.68],[101.94,6.68],[101.94,6.6]]],[[[102.02,6.6],[102.1,6.6],[102.1,6.68],[102.02,6.68],[102.02,6.6]]],[[[102.1,6.6],[102.17999999999999,6.6],[102.17999999999999,6.68],[102.1,6.68],[102.1,6.6]]],[[[102.18,6.6],[102.26,6.6],[102.26,6.68],[102.18,6.68],[102.18,6.6]]],[[[102.26,6.6],[102.34,6.6],[102.34,6.68],[102.26,6.68],[102.26,6.6]]],[[[102.34,6.6],[102.42,6.6],[102.42,6.68],[102.34,6.68],[102.34,6.6]]],[[[102.42,6.6],[102.5,6.6],[102.5,6.68],[102.42,6.68],[102.42,6.6]]],[[[102.5,6.6],[102.58,6.6],[102.58,6.68],[102.5,6.68],[102.5,6.6]]],[[[102.58,6.6],[102.66,6.6],[102.66,6.68],[102.58,6.68],[102.58,6.6]]],[[[102.66,6.6],[102.74,6.6],[102.74,6.68],[102.66,6.68],[102.66,6.6]]],[[[102.74,6.6],[102.82,6.6],[102.82,6.68],[102.74,6.68],[102.74,6.6]]],[[[102.82,6.6],[102.89999999999999,6.6],[102.89999999999999,6.68],[102.82,6.68],[102.82,6.6]]],[[[102.9,6.6],[102.98,6.6],[102.98,6.68],[102.9,6.68],[102.9,6.6]]],[[[102.98,6.6],[103.06,6.6],[103.06,6.68],[102.98,6.68],[102.98,6.6]]],[[[103.06,6.6],[103.14,6.6],[103.14,6.68],[103.06,6.68],[103.06,6.6]]],[[[103.14,6.6],[103.22,6.6],[103.22,6.68],[103.14,6.68],[103.14,6.6]]],[[[103.22,6.6],[103.3,6.6],[103.3,6.68],[103.22,6.68],[103.22,6.6]]],[[[103.3,6.6],[103.38,6.6],[103.38,6.68],[103.3,6.68],[103.3,6.6]]],[[[103.38,6.6],[103.46,6.6],[103.46,6.68],[103.38,6.68],[103.38,6.6]]],[[[103.46,6.6],[103.53999999999999,6.6],[103.53999999999999,6.68],[103.46,6.68],[103.46,6.6]]],[[[103.54,6.6],[103.62,6.6],[103.62,6.68],[103.54,6.68],[103.54,6.6]]],[[[103.62,6.6],[103.7,6.6],[103.7,6.68],[103.62,6.68],[103.62,6.6]]],[[[103.7,6.6],[103.78,6.6],[103.78,6.68],[103.7,6.68],[103.7,6.6]]],[[[103.78,6.6],[103.86,6.6],[103.86,6.68],[103.78,6.68],[103.78,6.6]]],[[[103.86,6.6],[103.94,6.6],[103.94,6.68],[103.86,6.68],[103.86,6.6]]],[[[103.94,6.6],[104.02,6.6],[104.02,6.68],[103.94,6.68],[103.94,6.6]]],[[[104.02,6.6],[104.1,6.6],[104.1,6.68],[104.02,6.68],[104.02,6.6]]],[[[104.1,6.6],[104.17999999999999,6.6],[104.17999999999999,6.68],[104.1,6.68],[104.1,6.6]]],[[[104.18,6.6],[104.26,6.6],[104.26,6.68],[104.18,6.68],[104.18,6.6]]],[[[104.26,6.6],[104.34,6.6],[104.34,6.68],[104.26,6.68],[104.26,6.6]]],[[[104.34,6.6],[104.42,6.6],[104.42,6.68],[104.34,6.68],[104.34,6.6]]],[[[104.42,6.6],[104.5,6.6],[104.5,6.68],[104.42,6.68],[104.42,6.6]]],[[[101.94,6.68],[102.02,6.68],[102.02,6.76],[101.94,6.76],[101.94,6.68]]],[[[102.02,6.68],[102.1,6.68],[102.1,6.76],[102.02,6.76],[102.02,6.68]]],[[[102.1,6.68],[102.17999999999999,6.68],[102.17999999999999,6.76],[102.1,6.76],[102.1,6.68]]],[[[102.18,6.68],[102.26,6.68],[102.26,6.76],[102.18,6.76],[102.18,6.68]]],[[[102.26,6.68],[102.34,6.68],[102.34,6.76],[102.26,6.76],[102.26,6.68]]],[[[102.34,6.68],[102.42,6.68],[102.42,6.76],[102.34,6.76],[102.34,6.68]]],[[[102.42,6.68],[102.5,6.68],[102.5,6.76],[102.42,6.76],[102.42,6.68]]],[[[102.5,6.68],[102.58,6.68],[102.58,6.76],[102.5,6.76],[102.5,6.68]]],[[[102.58,6.68],[102.66,6.68],[102.66,6.76],[102.58,6.76],[102.58,6.68]]],[[[102.66,6.68],[102.74,6.68],[102.74,6.76],[102.66,6.76],[102.66,6.68]]],[[[102.74,6.68],[102.82,6.68],[102.82,6.76],[102.74,6.76],[102.74,6.68]]],[[[102.82,6.68],[102.89999999999999,6.68],[102.89999999999999,6.76],[102.82,6.76],[102.82,6.68]]],[[[102.9,6.68],[102.98,6.68],[102.98,6.76],[102.9,6.76],[102.9,6.68]]],[[[102.98,6.68],[103.06,6.68],[103.06,6.76],[102.98,6.76],[102.98,6.68]]],[[[103.06,6.68],[103.14,6.68],[103.14,6.76],[103.06,6.76],[103.06,6.68]]],[[[103.14,6.68],[103.22,6.68],[103.22,6.76],[103.14,6.76],[103.14,6.68]]],[[[103.22,6.68],[103.3,6.68],[103.3,6.76],[103.22,6.76],[103.22,6.68]]],[[[103.3,6.68],[103.38,6.68],[103.38,6.76],[103.3,6.76],[103.3,6.68]]],[[[103.38,6.68],[103.46,6.68],[103.46,6.76],[103.38,6.76],[103.38,6.68]]],[[[103.46,6.68],[103.53999999999999,6.68],[103.53999999999999,6.76],[103.46,6.76],[103.46,6.68]]],[[[103.54,6.68],[103.62,6.68],[103.62,6.76],[103.54,6.76],[103.54,6.68]]],[[[103.62,6.68],[103.7,6.68],[103.7,6.76],[103.62,6.76],[103.62,6.68]]],[[[103.7,6.68],[103.78,6.68],[103.78,6.76],[103.7,6.76],[103.7,6.68]]],[[[103.78,6.68],[103.86,6.68],[103.86,6.76],[103.78,6.76],[103.78,6.68]]],[[[103.86,6.68],[103.94,6.68],[103.94,6.76],[103.86,6.76],[103.86,6.68]]],[[[103.94,6.68],[104.02,6.68],[104.02,6.76],[103.94,6.76],[103.94,6.68]]],[[[104.02,6.68],[104.1,6.68],[104.1,6.76],[104.02,6.76],[104.02,6.68]]],[[[104.1,6.68],[104.17999999999999,6.68],[104.17999999999999,6.76],[104.1,6.76],[104.1,6.68]]],[[[104.18,6.68],[104.26,6.68],[104.26,6.76],[104.18,6.76],[104.18,6.68]]],[[[104.26,6.68],[104.34,6.68],[104.34,6.76],[104.26,6.76],[104.26,6.68]]],[[[104.34,6.68],[104.42,6.68],[104.42,6.76],[104.34,6.76],[104.34,6.68]]],[[[104.42,6.68],[104.5,6.68],[104.5,6.76],[104.42,6.76],[104.42,6.68]]],[[[102.1,6.76],[102.17999999999999,6.76],[102.17999999999999,6.84],[102.1,6.84],[102.1,6.76]]],[[[102.18,6.76],[102.26,6.76],[102.26,6.84],[102.18,6.84],[102.18,6.76]]],[[[102.26,6.76],[102.34,6.76],[102.34,6.84],[102.26,6.84],[102.26,6.76]]],[[[102.34,6.76],[102.42,6.76],[102.42,6.84],[102.34,6.84],[102.34,6.76]]],[[[102.42,6.76],[102.5,6.76],[102.5,6.84],[102.42,6.84],[102.42,6.76]]],[[[102.5,6.76],[102.58,6.76],[102.58,6.84],[102.5,6.84],[102.5,6.76]]],[[[102.58,6.76],[102.66,6.76],[102.66,6.84],[102.58,6.84],[102.58,6.76]]],[[[102.66,6.76],[102.74,6.76],[102.74,6.84],[102.66,6.84],[102.66,6.76]]],[[[102.74,6.76],[102.82,6.76],[102.82,6.84],[102.74,6.84],[102.74,6.76]]],[[[102.82,6.76],[102.89999999999999,6.76],[102.89999999999999,6.84],[102.82,6.84],[102.82,6.76]]],[[[102.9,6.76],[102.98,6.76],[102.98,6.84],[102.9,6.84],[102.9,6.76]]],[[[102.98,6.76],[103.06,6.76],[103.06,6.84],[102.98,6.84],[102.98,6.76]]],[[[103.06,6.76],[103.14,6.76],[103.14,6.84],[103.06,6.84],[103.06,6.76]]],[[[103.14,6.76],[103.22,6.76],[103.22,6.84],[103.14,6.84],[103.14,6.76]]],[[[103.22,6.76],[103.3,6.76],[103.3,6.84],[103.22,6.84],[103.22,6.76]]],[[[103.3,6.76],[103.38,6.76],[103.38,6.84],[103.3,6.84],[103.3,6.76]]],[[[103.38,6.76],[103.46,6.76],[103.46,6.84],[103.38,6.84],[103.38,6.76]]],[[[103.46,6.76],[103.53999999999999,6.76],[103.53999999999999,6.84],[103.46,6.84],[103.46,6.76]]],[[[103.54,6.76],[103.62,6.76],[103.62,6.84],[103.54,6.84],[103.54,6.76]]],[[[103.62,6.76],[103.7,6.76],[103.7,6.84],[103.62,6.84],[103.62,6.76]]],[[[103.7,6.76],[103.78,6.76],[103.78,6.84],[103.7,6.84],[103.7,6.76]]],[[[103.78,6.76],[103.86,6.76],[103.86,6.84],[103.78,6.84],[103.78,6.76]]],[[[103.86,6.76],[103.94,6.76],[103.94,6.84],[103.86,6.84],[103.86,6.76]]],[[[103.94,6.76],[104.02,6.76],[104.02,6.84],[103.94,6.84],[103.94,6.76]]],[[[104.02,6.76],[104.1,6.76],[104.1,6.84],[104.02,6.84],[104.02,6.76]]],[[[104.1,6.76],[104.17999999999999,6.76],[104.17999999999999,6.84],[104.1,6.84],[104.1,6.76]]],[[[104.18,6.76],[104.26,6.76],[104.26,6.84],[104.18,6.84],[104.18,6.76]]],[[[104.26,6.76],[104.34,6.76],[104.34,6.84],[104.26,6.84],[104.26,6.76]]],[[[104.34,6.76],[104.42,6.76],[104.42,6.84],[104.34,6.84],[104.34,6.76]]],[[[104.42,6.76],[104.5,6.76],[104.5,6.84],[104.42,6.84],[104.42,6.76]]],[[[102.18,6.84],[102.26,6.84],[102.26,6.92],[102.18,6.92],[102.18,6.84]]],[[[102.26,6.84],[102.34,6.84],[102.34,6.92],[102.26,6.92],[102.26,6.84]]],[[[102.34,6.84],[102.42,6.84],[102.42,6.92],[102.34,6.92],[102.34,6.84]]],[[[102.42,6.84],[102.5,6.84],[102.5,6.92],[102.42,6.92],[102.42,6.84]]],[[[102.5,6.84],[102.58,6.84],[102.58,6.92],[102.5,6.92],[102.5,6.84]]],[[[102.58,6.84],[102.66,6.84],[102.66,6.92],[102.58,6.92],[102.58,6.84]]],[[[102.66,6.84],[102.74,6.84],[102.74,6.92],[102.66,6.92],[102.66,6.84]]],[[[102.74,6.84],[102.82,6.84],[102.82,6.92],[102.74,6.92],[102.74,6.84]]],[[[102.82,6.84],[102.89999999999999,6.84],[102.89999999999999,6.92],[102.82,6.92],[102.82,6.84]]],[[[102.9,6.84],[102.98,6.84],[102.98,6.92],[102.9,6.92],[102.9,6.84]]],[[[102.98,6.84],[103.06,6.84],[103.06,6.92],[102.98,6.92],[102.98,6.84]]],[[[103.06,6.84],[103.14,6.84],[103.14,6.92],[103.06,6.92],[103.06,6.84]]],[[[103.14,6.84],[103.22,6.84],[103.22,6.92],[103.14,6.92],[103.14,6.84]]],[[[103.22,6.84],[103.3,6.84],[103.3,6.92],[103.22,6.92],[103.22,6.84]]],[[[103.3,6.84],[103.38,6.84],[103.38,6.92],[103.3,6.92],[103.3,6.84]]],[[[103.38,6.84],[103.46,6.84],[103.46,6.92],[103.38,6.92],[103.38,6.84]]],[[[103.46,6.84],[103.53999999999999,6.84],[103.53999999999999,6.92],[103.46,6.92],[103.46,6.84]]],[[[103.54,6.84],[103.62,6.84],[103.62,6.92],[103.54,6.92],[103.54,6.84]]],[[[103.62,6.84],[103.7,6.84],[103.7,6.92],[103.62,6.92],[103.62,6.84]]],[[[103.7,6.84],[103.78,6.84],[103.78,6.92],[103.7,6.92],[103.7,6.84]]],[[[103.78,6.84],[103.86,6.84],[103.86,6.92],[103.78,6.92],[103.78,6.84]]],[[[103.86,6.84],[103.94,6.84],[103.94,6.92],[103.86,6.92],[103.86,6.84]]],[[[103.94,6.84],[104.02,6.84],[104.02,6.92],[103.94,6.92],[103.94,6.84]]],[[[104.02,6.84],[104.1,6.84],[104.1,6.92],[104.02,6.92],[104.02,6.84]]],[[[104.1,6.84],[104.17999999999999,6.84],[104.17999999999999,6.92],[104.1,6.92],[104.1,6.84]]],[[[104.18,6.84],[104.26,6.84],[104.26,6.92],[104.18,6.92],[104.18,6.84]]],[[[104.26,6.84],[104.34,6.84],[104.34,6.92],[104.26,6.92],[104.26,6.84]]],[[[104.34,6.84],[104.42,6.84],[104.42,6.92],[104.34,6.92],[104.34,6.84]]],[[[104.42,6.84],[104.5,6.84],[104.5,6.92],[104.42,6.92],[104.42,6.84]]],[[[102.26,6.92],[102.34,6.92],[102.34,7],[102.26,7],[102.26,6.92]]],[[[102.34,6.92],[102.42,6.92],[102.42,7],[102.34,7],[102.34,6.92]]],[[[102.42,6.92],[102.5,6.92],[102.5,7],[102.42,7],[102.42,6.92]]],[[[102.5,6.92],[102.58,6.92],[102.58,7],[102.5,7],[102.5,6.92]]],[[[102.58,6.92],[102.66,6.92],[102.66,7],[102.58,7],[102.58,6.92]]],[[[102.66,6.92],[102.74,6.92],[102.74,7],[102.66,7],[102.66,6.92]]],[[[102.74,6.92],[102.82,6.92],[102.82,7],[102.74,7],[102.74,6.92]]],[[[102.82,6.92],[102.89999999999999,6.92],[102.89999999999999,7],[102.82,7],[102.82,6.92]]],[[[102.9,6.92],[102.98,6.92],[102.98,7],[102.9,7],[102.9,6.92]]],[[[102.98,6.92],[103.06,6.92],[103.06,7],[102.98,7],[102.98,6.92]]],[[[103.06,6.92],[103.14,6.92],[103.14,7],[103.06,7],[103.06,6.92]]],[[[103.14,6.92],[103.22,6.92],[103.22,7],[103.14,7],[103.14,6.92]]],[[[103.22,6.92],[103.3,6.92],[103.3,7],[103.22,7],[103.22,6.92]]],[[[103.3,6.92],[103.38,6.92],[103.38,7],[103.3,7],[103.3,6.92]]],[[[103.38,6.92],[103.46,6.92],[103.46,7],[103.38,7],[103.38,6.92]]],[[[103.46,6.92],[103.53999999999999,6.92],[103.53999999999999,7],[103.46,7],[103.46,6.92]]],[[[103.54,6.92],[103.62,6.92],[103.62,7],[103.54,7],[103.54,6.92]]],[[[103.62,6.92],[103.7,6.92],[103.7,7],[103.62,7],[103.62,6.92]]],[[[103.7,6.92],[103.78,6.92],[103.78,7],[103.7,7],[103.7,6.92]]],[[[103.78,6.92],[103.86,6.92],[103.86,7],[103.78,7],[103.78,6.92]]],[[[103.86,6.92],[103.94,6.92],[103.94,7],[103.86,7],[103.86,6.92]]],[[[103.94,6.92],[104.02,6.92],[104.02,7],[103.94,7],[103.94,6.92]]],[[[104.02,6.92],[104.1,6.92],[104.1,7],[104.02,7],[104.02,6.92]]],[[[104.1,6.92],[104.17999999999999,6.92],[104.17999999999999,7],[104.1,7],[104.1,6.92]]],[[[104.18,6.92],[104.26,6.92],[104.26,7],[104.18,7],[104.18,6.92]]],[[[104.26,6.92],[104.34,6.92],[104.34,7],[104.26,7],[104.26,6.92]]],[[[104.34,6.92],[104.42,6.92],[104.42,7],[104.34,7],[104.34,6.92]]],[[[104.42,6.92],[104.5,6.92],[104.5,7],[104.42,7],[104.42,6.92]]],[[[102.34,7],[102.42,7],[102.42,7.08],[102.34,7.08],[102.34,7]]],[[[102.42,7],[102.5,7],[102.5,7.08],[102.42,7.08],[102.42,7]]],[[[102.5,7],[102.58,7],[102.58,7.08],[102.5,7.08],[102.5,7]]],[[[102.58,7],[102.66,7],[102.66,7.08],[102.58,7.08],[102.58,7]]],[[[102.66,7],[102.74,7],[102.74,7.08],[102.66,7.08],[102.66,7]]],[[[102.74,7],[102.82,7],[102.82,7.08],[102.74,7.08],[102.74,7]]],[[[102.82,7],[102.89999999999999,7],[102.89999999999999,7.08],[102.82,7.08],[102.82,7]]],[[[102.9,7],[102.98,7],[102.98,7.08],[102.9,7.08],[102.9,7]]],[[[102.98,7],[103.06,7],[103.06,7.08],[102.98,7.08],[102.98,7]]],[[[103.06,7],[103.14,7],[103.14,7.08],[103.06,7.08],[103.06,7]]],[[[103.14,7],[103.22,7],[103.22,7.08],[103.14,7.08],[103.14,7]]],[[[103.22,7],[103.3,7],[103.3,7.08],[103.22,7.08],[103.22,7]]],[[[103.3,7],[103.38,7],[103.38,7.08],[103.3,7.08],[103.3,7]]],[[[103.38,7],[103.46,7],[103.46,7.08],[103.38,7.08],[103.38,7]]],[[[103.46,7],[103.53999999999999,7],[103.53999999999999,7.08],[103.46,7.08],[103.46,7]]],[[[103.54,7],[103.62,7],[103.62,7.08],[103.54,7.08],[103.54,7]]],[[[103.62,7],[103.7,7],[103.7,7.08],[103.62,7.08],[103.62,7]]],[[[103.7,7],[103.78,7],[103.78,7.08],[103.7,7.08],[103.7,7]]],[[[103.78,7],[103.86,7],[103.86,7.08],[103.78,7.08],[103.78,7]]],[[[103.86,7],[103.94,7],[103.94,7.08],[103.86,7.08],[103.86,7]]],[[[103.94,7],[104.02,7],[104.02,7.08],[103.94,7.08],[103.94,7]]],[[[104.02,7],[104.1,7],[104.1,7.08],[104.02,7.08],[104.02,7]]],[[[104.1,7],[104.17999999999999,7],[104.17999999999999,7.08],[104.1,7.08],[104.1,7]]],[[[104.18,7],[104.26,7],[104.26,7.08],[104.18,7.08],[104.18,7]]],[[[104.26,7],[104.34,7],[104.34,7.08],[104.26,7.08],[104.26,7]]],[[[104.34,7],[104.42,7],[104.42,7.08],[104.34,7.08],[104.34,7]]],[[[104.42,7],[104.5,7],[104.5,7.08],[104.42,7.08],[104.42,7]]],[[[102.42,7.08],[102.5,7.08],[102.5,7.16],[102.42,7.16],[102.42,7.08]]],[[[102.5,7.08],[102.58,7.08],[102.58,7.16],[102.5,7.16],[102.5,7.08]]],[[[102.58,7.08],[102.66,7.08],[102.66,7.16],[102.58,7.16],[102.58,7.08]]],[[[102.66,7.08],[102.74,7.08],[102.74,7.16],[102.66,7.16],[102.66,7.08]]],[[[102.74,7.08],[102.82,7.08],[102.82,7.16],[102.74,7.16],[102.74,7.08]]],[[[102.82,7.08],[102.89999999999999,7.08],[102.89999999999999,7.16],[102.82,7.16],[102.82,7.08]]],[[[102.9,7.08],[102.98,7.08],[102.98,7.16],[102.9,7.16],[102.9,7.08]]],[[[102.98,7.08],[103.06,7.08],[103.06,7.16],[102.98,7.16],[102.98,7.08]]],[[[103.06,7.08],[103.14,7.08],[103.14,7.16],[103.06,7.16],[103.06,7.08]]],[[[103.14,7.08],[103.22,7.08],[103.22,7.16],[103.14,7.16],[103.14,7.08]]],[[[103.22,7.08],[103.3,7.08],[103.3,7.16],[103.22,7.16],[103.22,7.08]]],[[[103.3,7.08],[103.38,7.08],[103.38,7.16],[103.3,7.16],[103.3,7.08]]],[[[103.38,7.08],[103.46,7.08],[103.46,7.16],[103.38,7.16],[103.38,7.08]]],[[[103.46,7.08],[103.53999999999999,7.08],[103.53999999999999,7.16],[103.46,7.16],[103.46,7.08]]],[[[103.54,7.08],[103.62,7.08],[103.62,7.16],[103.54,7.16],[103.54,7.08]]],[[[103.62,7.08],[103.7,7.08],[103.7,7.16],[103.62,7.16],[103.62,7.08]]],[[[103.7,7.08],[103.78,7.08],[103.78,7.16],[103.7,7.16],[103.7,7.08]]],[[[103.78,7.08],[103.86,7.08],[103.86,7.16],[103.78,7.16],[103.78,7.08]]],[[[103.86,7.08],[103.94,7.08],[103.94,7.16],[103.86,7.16],[103.86,7.08]]],[[[103.94,7.08],[104.02,7.08],[104.02,7.16],[103.94,7.16],[103.94,7.08]]],[[[104.02,7.08],[104.1,7.08],[104.1,7.16],[104.02,7.16],[104.02,7.08]]],[[[104.1,7.08],[104.17999999999999,7.08],[104.17999999999999,7.16],[104.1,7.16],[104.1,7.08]]],[[[104.18,7.08],[104.26,7.08],[104.26,7.16],[104.18,7.16],[104.18,7.08]]],[[[104.26,7.08],[104.34,7.08],[104.34,7.16],[104.26,7.16],[104.26,7.08]]],[[[104.34,7.08],[104.42,7.08],[104.42,7.16],[104.34,7.16],[104.34,7.08]]],[[[104.42,7.08],[104.5,7.08],[104.5,7.16],[104.42,7.16],[104.42,7.08]]],[[[102.58,7.16],[102.66,7.16],[102.66,7.24],[102.58,7.24],[102.58,7.16]]],[[[102.66,7.16],[102.74,7.16],[102.74,7.24],[102.66,7.24],[102.66,7.16]]],[[[102.74,7.16],[102.82,7.16],[102.82,7.24],[102.74,7.24],[102.74,7.16]]],[[[102.82,7.16],[102.89999999999999,7.16],[102.89999999999999,7.24],[102.82,7.24],[102.82,7.16]]],[[[102.9,7.16],[102.98,7.16],[102.98,7.24],[102.9,7.24],[102.9,7.16]]],[[[102.98,7.16],[103.06,7.16],[103.06,7.24],[102.98,7.24],[102.98,7.16]]],[[[103.06,7.16],[103.14,7.16],[103.14,7.24],[103.06,7.24],[103.06,7.16]]],[[[103.14,7.16],[103.22,7.16],[103.22,7.24],[103.14,7.24],[103.14,7.16]]],[[[103.22,7.16],[103.3,7.16],[103.3,7.24],[103.22,7.24],[103.22,7.16]]],[[[103.3,7.16],[103.38,7.16],[103.38,7.24],[103.3,7.24],[103.3,7.16]]],[[[103.38,7.16],[103.46,7.16],[103.46,7.24],[103.38,7.24],[103.38,7.16]]],[[[103.46,7.16],[103.53999999999999,7.16],[103.53999999999999,7.24],[103.46,7.24],[103.46,7.16]]],[[[103.54,7.16],[103.62,7.16],[103.62,7.24],[103.54,7.24],[103.54,7.16]]],[[[103.62,7.16],[103.7,7.16],[103.7,7.24],[103.62,7.24],[103.62,7.16]]],[[[103.7,7.16],[103.78,7.16],[103.78,7.24],[103.7,7.24],[103.7,7.16]]],[[[103.78,7.16],[103.86,7.16],[103.86,7.24],[103.78,7.24],[103.78,7.16]]],[[[103.86,7.16],[103.94,7.16],[103.94,7.24],[103.86,7.24],[103.86,7.16]]],[[[103.94,7.16],[104.02,7.16],[104.02,7.24],[103.94,7.24],[103.94,7.16]]],[[[104.02,7.16],[104.1,7.16],[104.1,7.24],[104.02,7.24],[104.02,7.16]]],[[[104.1,7.16],[104.17999999999999,7.16],[104.17999999999999,7.24],[104.1,7.24],[104.1,7.16]]],[[[104.18,7.16],[104.26,7.16],[104.26,7.24],[104.18,7.24],[104.18,7.16]]],[[[104.26,7.16],[104.34,7.16],[104.34,7.24],[104.26,7.24],[104.26,7.16]]],[[[104.34,7.16],[104.42,7.16],[104.42,7.24],[104.34,7.24],[104.34,7.16]]],[[[104.42,7.16],[104.5,7.16],[104.5,7.24],[104.42,7.24],[104.42,7.16]]],[[[102.66,7.24],[102.74,7.24],[102.74,7.32],[102.66,7.32],[102.66,7.24]]],[[[102.74,7.24],[102.82,7.24],[102.82,7.32],[102.74,7.32],[102.74,7.24]]],[[[102.82,7.24],[102.89999999999999,7.24],[102.89999999999999,7.32],[102.82,7.32],[102.82,7.24]]],[[[102.9,7.24],[102.98,7.24],[102.98,7.32],[102.9,7.32],[102.9,7.24]]],[[[102.98,7.24],[103.06,7.24],[103.06,7.32],[102.98,7.32],[102.98,7.24]]],[[[103.06,7.24],[103.14,7.24],[103.14,7.32],[103.06,7.32],[103.06,7.24]]],[[[103.14,7.24],[103.22,7.24],[103.22,7.32],[103.14,7.32],[103.14,7.24]]],[[[103.22,7.24],[103.3,7.24],[103.3,7.32],[103.22,7.32],[103.22,7.24]]],[[[103.3,7.24],[103.38,7.24],[103.38,7.32],[103.3,7.32],[103.3,7.24]]],[[[103.38,7.24],[103.46,7.24],[103.46,7.32],[103.38,7.32],[103.38,7.24]]],[[[103.46,7.24],[103.53999999999999,7.24],[103.53999999999999,7.32],[103.46,7.32],[103.46,7.24]]],[[[103.54,7.24],[103.62,7.24],[103.62,7.32],[103.54,7.32],[103.54,7.24]]],[[[103.62,7.24],[103.7,7.24],[103.7,7.32],[103.62,7.32],[103.62,7.24]]],[[[103.7,7.24],[103.78,7.24],[103.78,7.32],[103.7,7.32],[103.7,7.24]]],[[[103.78,7.24],[103.86,7.24],[103.86,7.32],[103.78,7.32],[103.78,7.24]]],[[[103.86,7.24],[103.94,7.24],[103.94,7.32],[103.86,7.32],[103.86,7.24]]],[[[103.94,7.24],[104.02,7.24],[104.02,7.32],[103.94,7.32],[103.94,7.24]]],[[[104.02,7.24],[104.1,7.24],[104.1,7.32],[104.02,7.32],[104.02,7.24]]],[[[104.1,7.24],[104.17999999999999,7.24],[104.17999999999999,7.32],[104.1,7.32],[104.1,7.24]]],[[[104.18,7.24],[104.26,7.24],[104.26,7.32],[104.18,7.32],[104.18,7.24]]],[[[104.26,7.24],[104.34,7.24],[104.34,7.32],[104.26,7.32],[104.26,7.24]]],[[[104.34,7.24],[104.42,7.24],[104.42,7.32],[104.34,7.32],[104.34,7.24]]],[[[104.42,7.24],[104.5,7.24],[104.5,7.32],[104.42,7.32],[104.42,7.24]]],[[[102.74,7.32],[102.82,7.32],[102.82,7.4],[102.74,7.4],[102.74,7.32]]],[[[102.82,7.32],[102.89999999999999,7.32],[102.89999999999999,7.4],[102.82,7.4],[102.82,7.32]]],[[[102.9,7.32],[102.98,7.32],[102.98,7.4],[102.9,7.4],[102.9,7.32]]],[[[102.98,7.32],[103.06,7.32],[103.06,7.4],[102.98,7.4],[102.98,7.32]]],[[[103.06,7.32],[103.14,7.32],[103.14,7.4],[103.06,7.4],[103.06,7.32]]],[[[103.14,7.32],[103.22,7.32],[103.22,7.4],[103.14,7.4],[103.14,7.32]]],[[[103.22,7.32],[103.3,7.32],[103.3,7.4],[103.22,7.4],[103.22,7.32]]],[[[103.3,7.32],[103.38,7.32],[103.38,7.4],[103.3,7.4],[103.3,7.32]]],[[[103.38,7.32],[103.46,7.32],[103.46,7.4],[103.38,7.4],[103.38,7.32]]],[[[103.46,7.32],[103.53999999999999,7.32],[103.53999999999999,7.4],[103.46,7.4],[103.46,7.32]]],[[[103.54,7.32],[103.62,7.32],[103.62,7.4],[103.54,7.4],[103.54,7.32]]],[[[103.62,7.32],[103.7,7.32],[103.7,7.4],[103.62,7.4],[103.62,7.32]]],[[[103.7,7.32],[103.78,7.32],[103.78,7.4],[103.7,7.4],[103.7,7.32]]],[[[103.78,7.32],[103.86,7.32],[103.86,7.4],[103.78,7.4],[103.78,7.32]]],[[[103.86,7.32],[103.94,7.32],[103.94,7.4],[103.86,7.4],[103.86,7.32]]],[[[103.94,7.32],[104.02,7.32],[104.02,7.4],[103.94,7.4],[103.94,7.32]]],[[[104.02,7.32],[104.1,7.32],[104.1,7.4],[104.02,7.4],[104.02,7.32]]],[[[104.1,7.32],[104.17999999999999,7.32],[104.17999999999999,7.4],[104.1,7.4],[104.1,7.32]]],[[[104.18,7.32],[104.26,7.32],[104.26,7.4],[104.18,7.4],[104.18,7.32]]],[[[104.26,7.32],[104.34,7.32],[104.34,7.4],[104.26,7.4],[104.26,7.32]]],[[[104.34,7.32],[104.42,7.32],[104.42,7.4],[104.34,7.4],[104.34,7.32]]],[[[104.42,7.32],[104.5,7.32],[104.5,7.4],[104.42,7.4],[104.42,7.32]]],[[[102.82,7.4],[102.89999999999999,7.4],[102.89999999999999,7.48],[102.82,7.48],[102.82,7.4]]],[[[102.9,7.4],[102.98,7.4],[102.98,7.48],[102.9,7.48],[102.9,7.4]]],[[[102.98,7.4],[103.06,7.4],[103.06,7.48],[102.98,7.48],[102.98,7.4]]],[[[103.06,7.4],[103.14,7.4],[103.14,7.48],[103.06,7.48],[103.06,7.4]]],[[[103.14,7.4],[103.22,7.4],[103.22,7.48],[103.14,7.48],[103.14,7.4]]],[[[103.22,7.4],[103.3,7.4],[103.3,7.48],[103.22,7.48],[103.22,7.4]]],[[[103.3,7.4],[103.38,7.4],[103.38,7.48],[103.3,7.48],[103.3,7.4]]],[[[103.38,7.4],[103.46,7.4],[103.46,7.48],[103.38,7.48],[103.38,7.4]]],[[[103.46,7.4],[103.53999999999999,7.4],[103.53999999999999,7.48],[103.46,7.48],[103.46,7.4]]],[[[103.54,7.4],[103.62,7.4],[103.62,7.48],[103.54,7.48],[103.54,7.4]]],[[[103.62,7.4],[103.7,7.4],[103.7,7.48],[103.62,7.48],[103.62,7.4]]],[[[103.7,7.4],[103.78,7.4],[103.78,7.48],[103.7,7.48],[103.7,7.4]]],[[[103.78,7.4],[103.86,7.4],[103.86,7.48],[103.78,7.48],[103.78,7.4]]],[[[103.86,7.4],[103.94,7.4],[103.94,7.48],[103.86,7.48],[103.86,7.4]]],[[[103.94,7.4],[104.02,7.4],[104.02,7.48],[103.94,7.48],[103.94,7.4]]],[[[104.02,7.4],[104.1,7.4],[104.1,7.48],[104.02,7.48],[104.02,7.4]]],[[[104.1,7.4],[104.17999999999999,7.4],[104.17999999999999,7.48],[104.1,7.48],[104.1,7.4]]],[[[104.18,7.4],[104.26,7.4],[104.26,7.48],[104.18,7.48],[104.18,7.4]]],[[[104.26,7.4],[104.34,7.4],[104.34,7.48],[104.26,7.48],[104.26,7.4]]],[[[104.34,7.4],[104.42,7.4],[104.42,7.48],[104.34,7.48],[104.34,7.4]]],[[[104.42,7.4],[104.5,7.4],[104.5,7.48],[104.42,7.48],[104.42,7.4]]],[[[102.9,7.48],[102.98,7.48],[102.98,7.5600000000000005],[102.9,7.5600000000000005],[102.9,7.48]]],[[[102.98,7.48],[103.06,7.48],[103.06,7.5600000000000005],[102.98,7.5600000000000005],[102.98,7.48]]],[[[103.06,7.48],[103.14,7.48],[103.14,7.5600000000000005],[103.06,7.5600000000000005],[103.06,7.48]]],[[[103.14,7.48],[103.22,7.48],[103.22,7.5600000000000005],[103.14,7.5600000000000005],[103.14,7.48]]],[[[103.22,7.48],[103.3,7.48],[103.3,7.5600000000000005],[103.22,7.5600000000000005],[103.22,7.48]]],[[[103.3,7.48],[103.38,7.48],[103.38,7.5600000000000005],[103.3,7.5600000000000005],[103.3,7.48]]],[[[103.38,7.48],[103.46,7.48],[103.46,7.5600000000000005],[103.38,7.5600000000000005],[103.38,7.48]]],[[[103.46,7.48],[103.53999999999999,7.48],[103.53999999999999,7.5600000000000005],[103.46,7.5600000000000005],[103.46,7.48]]],[[[103.54,7.48],[103.62,7.48],[103.62,7.5600000000000005],[103.54,7.5600000000000005],[103.54,7.48]]],[[[103.62,7.48],[103.7,7.48],[103.7,7.5600000000000005],[103.62,7.5600000000000005],[103.62,7.48]]],[[[103.7,7.48],[103.78,7.48],[103.78,7.5600000000000005],[103.7,7.5600000000000005],[103.7,7.48]]],[[[103.78,7.48],[103.86,7.48],[103.86,7.5600000000000005],[103.78,7.5600000000000005],[103.78,7.48]]],[[[103.86,7.48],[103.94,7.48],[103.94,7.5600000000000005],[103.86,7.5600000000000005],[103.86,7.48]]],[[[103.94,7.48],[104.02,7.48],[104.02,7.5600000000000005],[103.94,7.5600000000000005],[103.94,7.48]]],[[[104.02,7.48],[104.1,7.48],[104.1,7.5600000000000005],[104.02,7.5600000000000005],[104.02,7.48]]],[[[104.1,7.48],[104.17999999999999,7.48],[104.17999999999999,7.5600000000000005],[104.1,7.5600000000000005],[104.1,7.48]]],[[[104.18,7.48],[104.26,7.48],[104.26,7.5600000000000005],[104.18,7.5600000000000005],[104.18,7.48]]],[[[104.26,7.48],[104.34,7.48],[104.34,7.5600000000000005],[104.26,7.5600000000000005],[104.26,7.48]]],[[[104.34,7.48],[104.42,7.48],[104.42,7.5600000000000005],[104.34,7.5600000000000005],[104.34,7.48]]],[[[104.42,7.48],[104.5,7.48],[104.5,7.5600000000000005],[104.42,7.5600000000000005],[104.42,7.48]]],[[[103.06,7.5600000000000005],[103.14,7.5600000000000005],[103.14,7.640000000000001],[103.06,7.640000000000001],[103.06,7.5600000000000005]]],[[[103.14,7.5600000000000005],[103.22,7.5600000000000005],[103.22,7.640000000000001],[103.14,7.640000000000001],[103.14,7.5600000000000005]]],[[[103.22,7.5600000000000005],[103.3,7.5600000000000005],[103.3,7.640000000000001],[103.22,7.640000000000001],[103.22,7.5600000000000005]]],[[[103.3,7.5600000000000005],[103.38,7.5600000000000005],[103.38,7.640000000000001],[103.3,7.640000000000001],[103.3,7.5600000000000005]]],[[[103.38,7.5600000000000005],[103.46,7.5600000000000005],[103.46,7.640000000000001],[103.38,7.640000000000001],[103.38,7.5600000000000005]]],[[[103.46,7.5600000000000005],[103.53999999999999,7.5600000000000005],[103.53999999999999,7.640000000000001],[103.46,7.640000000000001],[103.46,7.5600000000000005]]],[[[103.54,7.5600000000000005],[103.62,7.5600000000000005],[103.62,7.640000000000001],[103.54,7.640000000000001],[103.54,7.5600000000000005]]],[[[103.62,7.5600000000000005],[103.7,7.5600000000000005],[103.7,7.640000000000001],[103.62,7.640000000000001],[103.62,7.5600000000000005]]],[[[103.7,7.5600000000000005],[103.78,7.5600000000000005],[103.78,7.640000000000001],[103.7,7.640000000000001],[103.7,7.5600000000000005]]],[[[103.78,7.5600000000000005],[103.86,7.5600000000000005],[103.86,7.640000000000001],[103.78,7.640000000000001],[103.78,7.5600000000000005]]],[[[103.86,7.5600000000000005],[103.94,7.5600000000000005],[103.94,7.640000000000001],[103.86,7.640000000000001],[103.86,7.5600000000000005]]],[[[103.94,7.5600000000000005],[104.02,7.5600000000000005],[104.02,7.640000000000001],[103.94,7.640000000000001],[103.94,7.5600000000000005]]],[[[104.02,7.5600000000000005],[104.1,7.5600000000000005],[104.1,7.640000000000001],[104.02,7.640000000000001],[104.02,7.5600000000000005]]],[[[104.1,7.5600000000000005],[104.17999999999999,7.5600000000000005],[104.17999999999999,7.640000000000001],[104.1,7.640000000000001],[104.1,7.5600000000000005]]],[[[104.18,7.5600000000000005],[104.26,7.5600000000000005],[104.26,7.640000000000001],[104.18,7.640000000000001],[104.18,7.5600000000000005]]],[[[104.26,7.5600000000000005],[104.34,7.5600000000000005],[104.34,7.640000000000001],[104.26,7.640000000000001],[104.26,7.5600000000000005]]],[[[104.34,7.5600000000000005],[104.42,7.5600000000000005],[104.42,7.640000000000001],[104.34,7.640000000000001],[104.34,7.5600000000000005]]],[[[104.42,7.5600000000000005],[104.5,7.5600000000000005],[104.5,7.640000000000001],[104.42,7.640000000000001],[104.42,7.5600000000000005]]],[[[103.14,7.640000000000001],[103.22,7.640000000000001],[103.22,7.720000000000001],[103.14,7.720000000000001],[103.14,7.640000000000001]]],[[[103.22,7.640000000000001],[103.3,7.640000000000001],[103.3,7.720000000000001],[103.22,7.720000000000001],[103.22,7.640000000000001]]],[[[103.3,7.640000000000001],[103.38,7.640000000000001],[103.38,7.720000000000001],[103.3,7.720000000000001],[103.3,7.640000000000001]]],[[[103.38,7.640000000000001],[103.46,7.640000000000001],[103.46,7.720000000000001],[103.38,7.720000000000001],[103.38,7.640000000000001]]],[[[103.46,7.640000000000001],[103.53999999999999,7.640000000000001],[103.53999999999999,7.720000000000001],[103.46,7.720000000000001],[103.46,7.640000000000001]]],[[[103.54,7.640000000000001],[103.62,7.640000000000001],[103.62,7.720000000000001],[103.54,7.720000000000001],[103.54,7.640000000000001]]],[[[103.62,7.640000000000001],[103.7,7.640000000000001],[103.7,7.720000000000001],[103.62,7.720000000000001],[103.62,7.640000000000001]]],[[[103.7,7.640000000000001],[103.78,7.640000000000001],[103.78,7.720000000000001],[103.7,7.720000000000001],[103.7,7.640000000000001]]],[[[103.78,7.640000000000001],[103.86,7.640000000000001],[103.86,7.720000000000001],[103.78,7.720000000000001],[103.78,7.640000000000001]]],[[[103.86,7.640000000000001],[103.94,7.640000000000001],[103.94,7.720000000000001],[103.86,7.720000000000001],[103.86,7.640000000000001]]],[[[103.94,7.640000000000001],[104.02,7.640000000000001],[104.02,7.720000000000001],[103.94,7.720000000000001],[103.94,7.640000000000001]]],[[[104.02,7.640000000000001],[104.1,7.640000000000001],[104.1,7.720000000000001],[104.02,7.720000000000001],[104.02,7.640000000000001]]],[[[104.1,7.640000000000001],[104.17999999999999,7.640000000000001],[104.17999999999999,7.720000000000001],[104.1,7.720000000000001],[104.1,7.640000000000001]]],[[[104.18,7.640000000000001],[104.26,7.640000000000001],[104.26,7.720000000000001],[104.18,7.720000000000001],[104.18,7.640000000000001]]],[[[104.26,7.640000000000001],[104.34,7.640000000000001],[104.34,7.720000000000001],[104.26,7.720000000000001],[104.26,7.640000000000001]]],[[[104.34,7.640000000000001],[104.42,7.640000000000001],[104.42,7.720000000000001],[104.34,7.720000000000001],[104.34,7.640000000000001]]],[[[104.42,7.640000000000001],[104.5,7.640000000000001],[104.5,7.720000000000001],[104.42,7.720000000000001],[104.42,7.640000000000001]]],[[[103.22,7.720000000000001],[103.3,7.720000000000001],[103.3,7.800000000000001],[103.22,7.800000000000001],[103.22,7.720000000000001]]],[[[103.3,7.720000000000001],[103.38,7.720000000000001],[103.38,7.800000000000001],[103.3,7.800000000000001],[103.3,7.720000000000001]]],[[[103.38,7.720000000000001],[103.46,7.720000000000001],[103.46,7.800000000000001],[103.38,7.800000000000001],[103.38,7.720000000000001]]],[[[103.46,7.720000000000001],[103.53999999999999,7.720000000000001],[103.53999999999999,7.800000000000001],[103.46,7.800000000000001],[103.46,7.720000000000001]]],[[[103.54,7.720000000000001],[103.62,7.720000000000001],[103.62,7.800000000000001],[103.54,7.800000000000001],[103.54,7.720000000000001]]],[[[103.62,7.720000000000001],[103.7,7.720000000000001],[103.7,7.800000000000001],[103.62,7.800000000000001],[103.62,7.720000000000001]]],[[[103.7,7.720000000000001],[103.78,7.720000000000001],[103.78,7.800000000000001],[103.7,7.800000000000001],[103.7,7.720000000000001]]],[[[103.78,7.720000000000001],[103.86,7.720000000000001],[103.86,7.800000000000001],[103.78,7.800000000000001],[103.78,7.720000000000001]]],[[[103.86,7.720000000000001],[103.94,7.720000000000001],[103.94,7.800000000000001],[103.86,7.800000000000001],[103.86,7.720000000000001]]],[[[103.94,7.720000000000001],[104.02,7.720000000000001],[104.02,7.800000000000001],[103.94,7.800000000000001],[103.94,7.720000000000001]]],[[[104.02,7.720000000000001],[104.1,7.720000000000001],[104.1,7.800000000000001],[104.02,7.800000000000001],[104.02,7.720000000000001]]],[[[104.1,7.720000000000001],[104.17999999999999,7.720000000000001],[104.17999999999999,7.800000000000001],[104.1,7.800000000000001],[104.1,7.720000000000001]]],[[[104.18,7.720000000000001],[104.26,7.720000000000001],[104.26,7.800000000000001],[104.18,7.800000000000001],[104.18,7.720000000000001]]],[[[104.26,7.720000000000001],[104.34,7.720000000000001],[104.34,7.800000000000001],[104.26,7.800000000000001],[104.26,7.720000000000001]]],[[[104.34,7.720000000000001],[104.42,7.720000000000001],[104.42,7.800000000000001],[104.34,7.800000000000001],[104.34,7.720000000000001]]],[[[104.42,7.720000000000001],[104.5,7.720000000000001],[104.5,7.800000000000001],[104.42,7.800000000000001],[104.42,7.720000000000001]]],[[[103.3,7.800000000000001],[103.38,7.800000000000001],[103.38,7.880000000000001],[103.3,7.880000000000001],[103.3,7.800000000000001]]],[[[103.38,7.800000000000001],[103.46,7.800000000000001],[103.46,7.880000000000001],[103.38,7.880000000000001],[103.38,7.800000000000001]]],[[[103.46,7.800000000000001],[103.53999999999999,7.800000000000001],[103.53999999999999,7.880000000000001],[103.46,7.880000000000001],[103.46,7.800000000000001]]],[[[103.54,7.800000000000001],[103.62,7.800000000000001],[103.62,7.880000000000001],[103.54,7.880000000000001],[103.54,7.800000000000001]]],[[[103.62,7.800000000000001],[103.7,7.800000000000001],[103.7,7.880000000000001],[103.62,7.880000000000001],[103.62,7.800000000000001]]],[[[103.7,7.800000000000001],[103.78,7.800000000000001],[103.78,7.880000000000001],[103.7,7.880000000000001],[103.7,7.800000000000001]]],[[[103.78,7.800000000000001],[103.86,7.800000000000001],[103.86,7.880000000000001],[103.78,7.880000000000001],[103.78,7.800000000000001]]],[[[103.86,7.800000000000001],[103.94,7.800000000000001],[103.94,7.880000000000001],[103.86,7.880000000000001],[103.86,7.800000000000001]]],[[[103.94,7.800000000000001],[104.02,7.800000000000001],[104.02,7.880000000000001],[103.94,7.880000000000001],[103.94,7.800000000000001]]],[[[104.02,7.800000000000001],[104.1,7.800000000000001],[104.1,7.880000000000001],[104.02,7.880000000000001],[104.02,7.800000000000001]]],[[[104.1,7.800000000000001],[104.17999999999999,7.800000000000001],[104.17999999999999,7.880000000000001],[104.1,7.880000000000001],[104.1,7.800000000000001]]],[[[104.18,7.800000000000001],[104.26,7.800000000000001],[104.26,7.880000000000001],[104.18,7.880000000000001],[104.18,7.800000000000001]]],[[[104.26,7.800000000000001],[104.34,7.800000000000001],[104.34,7.880000000000001],[104.26,7.880000000000001],[104.26,7.800000000000001]]],[[[104.34,7.800000000000001],[104.42,7.800000000000001],[104.42,7.880000000000001],[104.34,7.880000000000001],[104.34,7.800000000000001]]],[[[104.42,7.800000000000001],[104.5,7.800000000000001],[104.5,7.880000000000001],[104.42,7.880000000000001],[104.42,7.800000000000001]]],[[[103.38,7.88],[103.46,7.88],[103.46,7.96],[103.38,7.96],[103.38,7.88]]],[[[103.46,7.88],[103.53999999999999,7.88],[103.53999999999999,7.96],[103.46,7.96],[103.46,7.88]]],[[[103.54,7.88],[103.62,7.88],[103.62,7.96],[103.54,7.96],[103.54,7.88]]],[[[103.62,7.88],[103.7,7.88],[103.7,7.96],[103.62,7.96],[103.62,7.88]]],[[[103.7,7.88],[103.78,7.88],[103.78,7.96],[103.7,7.96],[103.7,7.88]]],[[[103.78,7.88],[103.86,7.88],[103.86,7.96],[103.78,7.96],[103.78,7.88]]],[[[103.86,7.88],[103.94,7.88],[103.94,7.96],[103.86,7.96],[103.86,7.88]]],[[[103.94,7.88],[104.02,7.88],[104.02,7.96],[103.94,7.96],[103.94,7.88]]],[[[104.02,7.88],[104.1,7.88],[104.1,7.96],[104.02,7.96],[104.02,7.88]]],[[[104.1,7.88],[104.17999999999999,7.88],[104.17999999999999,7.96],[104.1,7.96],[104.1,7.88]]],[[[104.18,7.88],[104.26,7.88],[104.26,7.96],[104.18,7.96],[104.18,7.88]]],[[[104.26,7.88],[104.34,7.88],[104.34,7.96],[104.26,7.96],[104.26,7.88]]],[[[104.34,7.88],[104.42,7.88],[104.42,7.96],[104.34,7.96],[104.34,7.88]]],[[[104.42,7.88],[104.5,7.88],[104.5,7.96],[104.42,7.96],[104.42,7.88]]],[[[103.46,7.96],[103.53999999999999,7.96],[103.53999999999999,8.04],[103.46,8.04],[103.46,7.96]]],[[[103.54,7.96],[103.62,7.96],[103.62,8.04],[103.54,8.04],[103.54,7.96]]],[[[103.62,7.96],[103.7,7.96],[103.7,8.04],[103.62,8.04],[103.62,7.96]]],[[[103.7,7.96],[103.78,7.96],[103.78,8.04],[103.7,8.04],[103.7,7.96]]],[[[103.78,7.96],[103.86,7.96],[103.86,8.04],[103.78,8.04],[103.78,7.96]]],[[[103.86,7.96],[103.94,7.96],[103.94,8.04],[103.86,8.04],[103.86,7.96]]],[[[103.94,7.96],[104.02,7.96],[104.02,8.04],[103.94,8.04],[103.94,7.96]]],[[[104.02,7.96],[104.1,7.96],[104.1,8.04],[104.02,8.04],[104.02,7.96]]],[[[104.1,7.96],[104.17999999999999,7.96],[104.17999999999999,8.04],[104.1,8.04],[104.1,7.96]]],[[[104.18,7.96],[104.26,7.96],[104.26,8.04],[104.18,8.04],[104.18,7.96]]],[[[104.26,7.96],[104.34,7.96],[104.34,8.04],[104.26,8.04],[104.26,7.96]]],[[[104.34,7.96],[104.42,7.96],[104.42,8.04],[104.34,8.04],[104.34,7.96]]],[[[104.42,7.96],[104.5,7.96],[104.5,8.04],[104.42,8.04],[104.42,7.96]]],[[[103.54,8.04],[103.62,8.04],[103.62,8.12],[103.54,8.12],[103.54,8.04]]],[[[103.62,8.04],[103.7,8.04],[103.7,8.12],[103.62,8.12],[103.62,8.04]]],[[[103.7,8.04],[103.78,8.04],[103.78,8.12],[103.7,8.12],[103.7,8.04]]],[[[103.78,8.04],[103.86,8.04],[103.86,8.12],[103.78,8.12],[103.78,8.04]]],[[[103.86,8.04],[103.94,8.04],[103.94,8.12],[103.86,8.12],[103.86,8.04]]],[[[103.94,8.04],[104.02,8.04],[104.02,8.12],[103.94,8.12],[103.94,8.04]]],[[[104.02,8.04],[104.1,8.04],[104.1,8.12],[104.02,8.12],[104.02,8.04]]],[[[104.1,8.04],[104.17999999999999,8.04],[104.17999999999999,8.12],[104.1,8.12],[104.1,8.04]]],[[[104.18,8.04],[104.26,8.04],[104.26,8.12],[104.18,8.12],[104.18,8.04]]],[[[104.26,8.04],[104.34,8.04],[104.34,8.12],[104.26,8.12],[104.26,8.04]]],[[[104.34,8.04],[104.42,8.04],[104.42,8.12],[104.34,8.12],[104.34,8.04]]],[[[104.42,8.04],[104.5,8.04],[104.5,8.12],[104.42,8.12],[104.42,8.04]]],[[[103.62,8.120000000000001],[103.7,8.120000000000001],[103.7,8.200000000000001],[103.62,8.200000000000001],[103.62,8.120000000000001]]],[[[103.7,8.120000000000001],[103.78,8.120000000000001],[103.78,8.200000000000001],[103.7,8.200000000000001],[103.7,8.120000000000001]]],[[[103.78,8.120000000000001],[103.86,8.120000000000001],[103.86,8.200000000000001],[103.78,8.200000000000001],[103.78,8.120000000000001]]],[[[103.86,8.120000000000001],[103.94,8.120000000000001],[103.94,8.200000000000001],[103.86,8.200000000000001],[103.86,8.120000000000001]]],[[[103.94,8.120000000000001],[104.02,8.120000000000001],[104.02,8.200000000000001],[103.94,8.200000000000001],[103.94,8.120000000000001]]],[[[104.02,8.120000000000001],[104.1,8.120000000000001],[104.1,8.200000000000001],[104.02,8.200000000000001],[104.02,8.120000000000001]]],[[[104.1,8.120000000000001],[104.17999999999999,8.120000000000001],[104.17999999999999,8.200000000000001],[104.1,8.200000000000001],[104.1,8.120000000000001]]],[[[104.18,8.120000000000001],[104.26,8.120000000000001],[104.26,8.200000000000001],[104.18,8.200000000000001],[104.18,8.120000000000001]]],[[[104.26,8.120000000000001],[104.34,8.120000000000001],[104.34,8.200000000000001],[104.26,8.200000000000001],[104.26,8.120000000000001]]],[[[104.34,8.120000000000001],[104.42,8.120000000000001],[104.42,8.200000000000001],[104.34,8.200000000000001],[104.34,8.120000000000001]]],[[[104.42,8.120000000000001],[104.5,8.120000000000001],[104.5,8.200000000000001],[104.42,8.200000000000001],[104.42,8.120000000000001]]],[[[103.78,8.2],[103.86,8.2],[103.86,8.28],[103.78,8.28],[103.78,8.2]]],[[[103.86,8.2],[103.94,8.2],[103.94,8.28],[103.86,8.28],[103.86,8.2]]],[[[103.94,8.2],[104.02,8.2],[104.02,8.28],[103.94,8.28],[103.94,8.2]]],[[[104.02,8.2],[104.1,8.2],[104.1,8.28],[104.02,8.28],[104.02,8.2]]],[[[104.1,8.2],[104.17999999999999,8.2],[104.17999999999999,8.28],[104.1,8.28],[104.1,8.2]]],[[[104.18,8.2],[104.26,8.2],[104.26,8.28],[104.18,8.28],[104.18,8.2]]],[[[104.26,8.2],[104.34,8.2],[104.34,8.28],[104.26,8.28],[104.26,8.2]]],[[[104.34,8.2],[104.42,8.2],[104.42,8.28],[104.34,8.28],[104.34,8.2]]],[[[104.42,8.2],[104.5,8.2],[104.5,8.28],[104.42,8.28],[104.42,8.2]]],[[[103.86,8.280000000000001],[103.94,8.280000000000001],[103.94,8.360000000000001],[103.86,8.360000000000001],[103.86,8.280000000000001]]],[[[103.94,8.280000000000001],[104.02,8.280000000000001],[104.02,8.360000000000001],[103.94,8.360000000000001],[103.94,8.280000000000001]]],[[[104.02,8.280000000000001],[104.1,8.280000000000001],[104.1,8.360000000000001],[104.02,8.360000000000001],[104.02,8.280000000000001]]],[[[104.1,8.280000000000001],[104.17999999999999,8.280000000000001],[104.17999999999999,8.360000000000001],[104.1,8.360000000000001],[104.1,8.280000000000001]]],[[[104.18,8.280000000000001],[104.26,8.280000000000001],[104.26,8.360000000000001],[104.18,8.360000000000001],[104.18,8.280000000000001]]],[[[104.26,8.280000000000001],[104.34,8.280000000000001],[104.34,8.360000000000001],[104.26,8.360000000000001],[104.26,8.280000000000001]]],[[[104.34,8.280000000000001],[104.42,8.280000000000001],[104.42,8.360000000000001],[104.34,8.360000000000001],[104.34,8.280000000000001]]],[[[104.42,8.280000000000001],[104.5,8.280000000000001],[104.5,8.360000000000001],[104.42,8.360000000000001],[104.42,8.280000000000001]]],[[[103.94,8.36],[104.02,8.36],[104.02,8.44],[103.94,8.44],[103.94,8.36]]],[[[104.02,8.36],[104.1,8.36],[104.1,8.44],[104.02,8.44],[104.02,8.36]]],[[[104.1,8.36],[104.17999999999999,8.36],[104.17999999999999,8.44],[104.1,8.44],[104.1,8.36]]],[[[104.18,8.36],[104.26,8.36],[104.26,8.44],[104.18,8.44],[104.18,8.36]]],[[[104.26,8.36],[104.34,8.36],[104.34,8.44],[104.26,8.44],[104.26,8.36]]],[[[104.34,8.36],[104.42,8.36],[104.42,8.44],[104.34,8.44],[104.34,8.36]]],[[[104.42,8.36],[104.5,8.36],[104.5,8.44],[104.42,8.44],[104.42,8.36]]],[[[104.02,8.44],[104.1,8.44],[104.1,8.52],[104.02,8.52],[104.02,8.44]]],[[[104.1,8.44],[104.17999999999999,8.44],[104.17999999999999,8.52],[104.1,8.52],[104.1,8.44]]],[[[104.18,8.44],[104.26,8.44],[104.26,8.52],[104.18,8.52],[104.18,8.44]]],[[[104.26,8.44],[104.34,8.44],[104.34,8.52],[104.26,8.52],[104.26,8.44]]],[[[104.34,8.44],[104.42,8.44],[104.42,8.52],[104.34,8.52],[104.34,8.44]]],[[[104.42,8.44],[104.5,8.44],[104.5,8.52],[104.42,8.52],[104.42,8.44]]],[[[104.1,8.52],[104.17999999999999,8.52],[104.17999999999999,8.6],[104.1,8.6],[104.1,8.52]]],[[[104.18,8.52],[104.26,8.52],[104.26,8.6],[104.18,8.6],[104.18,8.52]]],[[[104.26,8.52],[104.34,8.52],[104.34,8.6],[104.26,8.6],[104.26,8.52]]],[[[104.34,8.52],[104.42,8.52],[104.42,8.6],[104.34,8.6],[104.34,8.52]]],[[[104.42,8.52],[104.5,8.52],[104.5,8.6],[104.42,8.6],[104.42,8.52]]],[[[104.18,8.6],[104.26,8.6],[104.26,8.68],[104.18,8.68],[104.18,8.6]]],[[[104.26,8.6],[104.34,8.6],[104.34,8.68],[104.26,8.68],[104.26,8.6]]],[[[104.34,8.6],[104.42,8.6],[104.42,8.68],[104.34,8.68],[104.34,8.6]]],[[[104.42,8.6],[104.5,8.6],[104.5,8.68],[104.42,8.68],[104.42,8.6]]]]}},{"type":"Feature","properties":{"region_id":"TH-94","region_iso":"TH-94","region_shape_id":"36821470B57629606152034","region_name":"Pattani","region_name_local":"Pattani","adm_level":"ADM1","zone_hint":"GOT","geometry_kind":"derived_marine_admin_polygon","derivation":"nearest_coastal_province_on_regular_sea_grid","cell_count":467,"cell_size_deg":0.08},"geometry":{"type":"MultiPolygon","coordinates":[[[[101.14,6.4399999999999995],[101.22,6.4399999999999995],[101.22,6.52],[101.14,6.52],[101.14,6.4399999999999995]]],[[[101.22,6.4399999999999995],[101.3,6.4399999999999995],[101.3,6.52],[101.22,6.52],[101.22,6.4399999999999995]]],[[[101.3,6.4399999999999995],[101.38,6.4399999999999995],[101.38,6.52],[101.3,6.52],[101.3,6.4399999999999995]]],[[[101.14,6.52],[101.22,6.52],[101.22,6.6],[101.14,6.6],[101.14,6.52]]],[[[101.22,6.52],[101.3,6.52],[101.3,6.6],[101.22,6.6],[101.22,6.52]]],[[[101.38,6.52],[101.46,6.52],[101.46,6.6],[101.38,6.6],[101.38,6.52]]],[[[101.46,6.52],[101.53999999999999,6.52],[101.53999999999999,6.6],[101.46,6.6],[101.46,6.52]]],[[[101.22,6.6],[101.3,6.6],[101.3,6.68],[101.22,6.68],[101.22,6.6]]],[[[101.7,6.6],[101.78,6.6],[101.78,6.68],[101.7,6.68],[101.7,6.6]]],[[[101.78,6.6],[101.86,6.6],[101.86,6.68],[101.78,6.68],[101.78,6.6]]],[[[101.62,6.68],[101.7,6.68],[101.7,6.76],[101.62,6.76],[101.62,6.68]]],[[[101.7,6.68],[101.78,6.68],[101.78,6.76],[101.7,6.76],[101.7,6.68]]],[[[101.78,6.68],[101.86,6.68],[101.86,6.76],[101.78,6.76],[101.78,6.68]]],[[[101.86,6.68],[101.94,6.68],[101.94,6.76],[101.86,6.76],[101.86,6.68]]],[[[101.62,6.76],[101.7,6.76],[101.7,6.84],[101.62,6.84],[101.62,6.76]]],[[[101.7,6.76],[101.78,6.76],[101.78,6.84],[101.7,6.84],[101.7,6.76]]],[[[101.78,6.76],[101.86,6.76],[101.86,6.84],[101.78,6.84],[101.78,6.76]]],[[[101.86,6.76],[101.94,6.76],[101.94,6.84],[101.86,6.84],[101.86,6.76]]],[[[101.94,6.76],[102.02,6.76],[102.02,6.84],[101.94,6.84],[101.94,6.76]]],[[[102.02,6.76],[102.1,6.76],[102.1,6.84],[102.02,6.84],[102.02,6.76]]],[[[101.06,6.84],[101.14,6.84],[101.14,6.92],[101.06,6.92],[101.06,6.84]]],[[[101.14,6.84],[101.22,6.84],[101.22,6.92],[101.14,6.92],[101.14,6.84]]],[[[101.46,6.84],[101.53999999999999,6.84],[101.53999999999999,6.92],[101.46,6.92],[101.46,6.84]]],[[[101.54,6.84],[101.62,6.84],[101.62,6.92],[101.54,6.92],[101.54,6.84]]],[[[101.62,6.84],[101.7,6.84],[101.7,6.92],[101.62,6.92],[101.62,6.84]]],[[[101.7,6.84],[101.78,6.84],[101.78,6.92],[101.7,6.92],[101.7,6.84]]],[[[101.78,6.84],[101.86,6.84],[101.86,6.92],[101.78,6.92],[101.78,6.84]]],[[[101.86,6.84],[101.94,6.84],[101.94,6.92],[101.86,6.92],[101.86,6.84]]],[[[101.94,6.84],[102.02,6.84],[102.02,6.92],[101.94,6.92],[101.94,6.84]]],[[[102.02,6.84],[102.1,6.84],[102.1,6.92],[102.02,6.92],[102.02,6.84]]],[[[102.1,6.84],[102.17999999999999,6.84],[102.17999999999999,6.92],[102.1,6.92],[102.1,6.84]]],[[[101.06,6.92],[101.14,6.92],[101.14,7],[101.06,7],[101.06,6.92]]],[[[101.14,6.92],[101.22,6.92],[101.22,7],[101.14,7],[101.14,6.92]]],[[[101.22,6.92],[101.3,6.92],[101.3,7],[101.22,7],[101.22,6.92]]],[[[101.3,6.92],[101.38,6.92],[101.38,7],[101.3,7],[101.3,6.92]]],[[[101.38,6.92],[101.46,6.92],[101.46,7],[101.38,7],[101.38,6.92]]],[[[101.46,6.92],[101.53999999999999,6.92],[101.53999999999999,7],[101.46,7],[101.46,6.92]]],[[[101.54,6.92],[101.62,6.92],[101.62,7],[101.54,7],[101.54,6.92]]],[[[101.62,6.92],[101.7,6.92],[101.7,7],[101.62,7],[101.62,6.92]]],[[[101.7,6.92],[101.78,6.92],[101.78,7],[101.7,7],[101.7,6.92]]],[[[101.78,6.92],[101.86,6.92],[101.86,7],[101.78,7],[101.78,6.92]]],[[[101.86,6.92],[101.94,6.92],[101.94,7],[101.86,7],[101.86,6.92]]],[[[101.94,6.92],[102.02,6.92],[102.02,7],[101.94,7],[101.94,6.92]]],[[[102.02,6.92],[102.1,6.92],[102.1,7],[102.02,7],[102.02,6.92]]],[[[102.1,6.92],[102.17999999999999,6.92],[102.17999999999999,7],[102.1,7],[102.1,6.92]]],[[[102.18,6.92],[102.26,6.92],[102.26,7],[102.18,7],[102.18,6.92]]],[[[101.06,7],[101.14,7],[101.14,7.08],[101.06,7.08],[101.06,7]]],[[[101.14,7],[101.22,7],[101.22,7.08],[101.14,7.08],[101.14,7]]],[[[101.22,7],[101.3,7],[101.3,7.08],[101.22,7.08],[101.22,7]]],[[[101.3,7],[101.38,7],[101.38,7.08],[101.3,7.08],[101.3,7]]],[[[101.38,7],[101.46,7],[101.46,7.08],[101.38,7.08],[101.38,7]]],[[[101.46,7],[101.53999999999999,7],[101.53999999999999,7.08],[101.46,7.08],[101.46,7]]],[[[101.54,7],[101.62,7],[101.62,7.08],[101.54,7.08],[101.54,7]]],[[[101.62,7],[101.7,7],[101.7,7.08],[101.62,7.08],[101.62,7]]],[[[101.7,7],[101.78,7],[101.78,7.08],[101.7,7.08],[101.7,7]]],[[[101.78,7],[101.86,7],[101.86,7.08],[101.78,7.08],[101.78,7]]],[[[101.86,7],[101.94,7],[101.94,7.08],[101.86,7.08],[101.86,7]]],[[[101.94,7],[102.02,7],[102.02,7.08],[101.94,7.08],[101.94,7]]],[[[102.02,7],[102.1,7],[102.1,7.08],[102.02,7.08],[102.02,7]]],[[[102.1,7],[102.17999999999999,7],[102.17999999999999,7.08],[102.1,7.08],[102.1,7]]],[[[102.18,7],[102.26,7],[102.26,7.08],[102.18,7.08],[102.18,7]]],[[[102.26,7],[102.34,7],[102.34,7.08],[102.26,7.08],[102.26,7]]],[[[101.06,7.08],[101.14,7.08],[101.14,7.16],[101.06,7.16],[101.06,7.08]]],[[[101.14,7.08],[101.22,7.08],[101.22,7.16],[101.14,7.16],[101.14,7.08]]],[[[101.22,7.08],[101.3,7.08],[101.3,7.16],[101.22,7.16],[101.22,7.08]]],[[[101.3,7.08],[101.38,7.08],[101.38,7.16],[101.3,7.16],[101.3,7.08]]],[[[101.38,7.08],[101.46,7.08],[101.46,7.16],[101.38,7.16],[101.38,7.08]]],[[[101.46,7.08],[101.53999999999999,7.08],[101.53999999999999,7.16],[101.46,7.16],[101.46,7.08]]],[[[101.54,7.08],[101.62,7.08],[101.62,7.16],[101.54,7.16],[101.54,7.08]]],[[[101.62,7.08],[101.7,7.08],[101.7,7.16],[101.62,7.16],[101.62,7.08]]],[[[101.7,7.08],[101.78,7.08],[101.78,7.16],[101.7,7.16],[101.7,7.08]]],[[[101.78,7.08],[101.86,7.08],[101.86,7.16],[101.78,7.16],[101.78,7.08]]],[[[101.86,7.08],[101.94,7.08],[101.94,7.16],[101.86,7.16],[101.86,7.08]]],[[[101.94,7.08],[102.02,7.08],[102.02,7.16],[101.94,7.16],[101.94,7.08]]],[[[102.02,7.08],[102.1,7.08],[102.1,7.16],[102.02,7.16],[102.02,7.08]]],[[[102.1,7.08],[102.17999999999999,7.08],[102.17999999999999,7.16],[102.1,7.16],[102.1,7.08]]],[[[102.18,7.08],[102.26,7.08],[102.26,7.16],[102.18,7.16],[102.18,7.08]]],[[[102.26,7.08],[102.34,7.08],[102.34,7.16],[102.26,7.16],[102.26,7.08]]],[[[102.34,7.08],[102.42,7.08],[102.42,7.16],[102.34,7.16],[102.34,7.08]]],[[[101.06,7.16],[101.14,7.16],[101.14,7.24],[101.06,7.24],[101.06,7.16]]],[[[101.14,7.16],[101.22,7.16],[101.22,7.24],[101.14,7.24],[101.14,7.16]]],[[[101.22,7.16],[101.3,7.16],[101.3,7.24],[101.22,7.24],[101.22,7.16]]],[[[101.3,7.16],[101.38,7.16],[101.38,7.24],[101.3,7.24],[101.3,7.16]]],[[[101.38,7.16],[101.46,7.16],[101.46,7.24],[101.38,7.24],[101.38,7.16]]],[[[101.46,7.16],[101.53999999999999,7.16],[101.53999999999999,7.24],[101.46,7.24],[101.46,7.16]]],[[[101.54,7.16],[101.62,7.16],[101.62,7.24],[101.54,7.24],[101.54,7.16]]],[[[101.62,7.16],[101.7,7.16],[101.7,7.24],[101.62,7.24],[101.62,7.16]]],[[[101.7,7.16],[101.78,7.16],[101.78,7.24],[101.7,7.24],[101.7,7.16]]],[[[101.78,7.16],[101.86,7.16],[101.86,7.24],[101.78,7.24],[101.78,7.16]]],[[[101.86,7.16],[101.94,7.16],[101.94,7.24],[101.86,7.24],[101.86,7.16]]],[[[101.94,7.16],[102.02,7.16],[102.02,7.24],[101.94,7.24],[101.94,7.16]]],[[[102.02,7.16],[102.1,7.16],[102.1,7.24],[102.02,7.24],[102.02,7.16]]],[[[102.1,7.16],[102.17999999999999,7.16],[102.17999999999999,7.24],[102.1,7.24],[102.1,7.16]]],[[[102.18,7.16],[102.26,7.16],[102.26,7.24],[102.18,7.24],[102.18,7.16]]],[[[102.26,7.16],[102.34,7.16],[102.34,7.24],[102.26,7.24],[102.26,7.16]]],[[[102.34,7.16],[102.42,7.16],[102.42,7.24],[102.34,7.24],[102.34,7.16]]],[[[102.42,7.16],[102.5,7.16],[102.5,7.24],[102.42,7.24],[102.42,7.16]]],[[[102.5,7.16],[102.58,7.16],[102.58,7.24],[102.5,7.24],[102.5,7.16]]],[[[101.06,7.24],[101.14,7.24],[101.14,7.32],[101.06,7.32],[101.06,7.24]]],[[[101.14,7.24],[101.22,7.24],[101.22,7.32],[101.14,7.32],[101.14,7.24]]],[[[101.22,7.24],[101.3,7.24],[101.3,7.32],[101.22,7.32],[101.22,7.24]]],[[[101.3,7.24],[101.38,7.24],[101.38,7.32],[101.3,7.32],[101.3,7.24]]],[[[101.38,7.24],[101.46,7.24],[101.46,7.32],[101.38,7.32],[101.38,7.24]]],[[[101.46,7.24],[101.53999999999999,7.24],[101.53999999999999,7.32],[101.46,7.32],[101.46,7.24]]],[[[101.54,7.24],[101.62,7.24],[101.62,7.32],[101.54,7.32],[101.54,7.24]]],[[[101.62,7.24],[101.7,7.24],[101.7,7.32],[101.62,7.32],[101.62,7.24]]],[[[101.7,7.24],[101.78,7.24],[101.78,7.32],[101.7,7.32],[101.7,7.24]]],[[[101.78,7.24],[101.86,7.24],[101.86,7.32],[101.78,7.32],[101.78,7.24]]],[[[101.86,7.24],[101.94,7.24],[101.94,7.32],[101.86,7.32],[101.86,7.24]]],[[[101.94,7.24],[102.02,7.24],[102.02,7.32],[101.94,7.32],[101.94,7.24]]],[[[102.02,7.24],[102.1,7.24],[102.1,7.32],[102.02,7.32],[102.02,7.24]]],[[[102.1,7.24],[102.17999999999999,7.24],[102.17999999999999,7.32],[102.1,7.32],[102.1,7.24]]],[[[102.18,7.24],[102.26,7.24],[102.26,7.32],[102.18,7.32],[102.18,7.24]]],[[[102.26,7.24],[102.34,7.24],[102.34,7.32],[102.26,7.32],[102.26,7.24]]],[[[102.34,7.24],[102.42,7.24],[102.42,7.32],[102.34,7.32],[102.34,7.24]]],[[[102.42,7.24],[102.5,7.24],[102.5,7.32],[102.42,7.32],[102.42,7.24]]],[[[102.5,7.24],[102.58,7.24],[102.58,7.32],[102.5,7.32],[102.5,7.24]]],[[[102.58,7.24],[102.66,7.24],[102.66,7.32],[102.58,7.32],[102.58,7.24]]],[[[101.06,7.32],[101.14,7.32],[101.14,7.4],[101.06,7.4],[101.06,7.32]]],[[[101.14,7.32],[101.22,7.32],[101.22,7.4],[101.14,7.4],[101.14,7.32]]],[[[101.22,7.32],[101.3,7.32],[101.3,7.4],[101.22,7.4],[101.22,7.32]]],[[[101.3,7.32],[101.38,7.32],[101.38,7.4],[101.3,7.4],[101.3,7.32]]],[[[101.38,7.32],[101.46,7.32],[101.46,7.4],[101.38,7.4],[101.38,7.32]]],[[[101.46,7.32],[101.53999999999999,7.32],[101.53999999999999,7.4],[101.46,7.4],[101.46,7.32]]],[[[101.54,7.32],[101.62,7.32],[101.62,7.4],[101.54,7.4],[101.54,7.32]]],[[[101.62,7.32],[101.7,7.32],[101.7,7.4],[101.62,7.4],[101.62,7.32]]],[[[101.7,7.32],[101.78,7.32],[101.78,7.4],[101.7,7.4],[101.7,7.32]]],[[[101.78,7.32],[101.86,7.32],[101.86,7.4],[101.78,7.4],[101.78,7.32]]],[[[101.86,7.32],[101.94,7.32],[101.94,7.4],[101.86,7.4],[101.86,7.32]]],[[[101.94,7.32],[102.02,7.32],[102.02,7.4],[101.94,7.4],[101.94,7.32]]],[[[102.02,7.32],[102.1,7.32],[102.1,7.4],[102.02,7.4],[102.02,7.32]]],[[[102.1,7.32],[102.17999999999999,7.32],[102.17999999999999,7.4],[102.1,7.4],[102.1,7.32]]],[[[102.18,7.32],[102.26,7.32],[102.26,7.4],[102.18,7.4],[102.18,7.32]]],[[[102.26,7.32],[102.34,7.32],[102.34,7.4],[102.26,7.4],[102.26,7.32]]],[[[102.34,7.32],[102.42,7.32],[102.42,7.4],[102.34,7.4],[102.34,7.32]]],[[[102.42,7.32],[102.5,7.32],[102.5,7.4],[102.42,7.4],[102.42,7.32]]],[[[102.5,7.32],[102.58,7.32],[102.58,7.4],[102.5,7.4],[102.5,7.32]]],[[[102.58,7.32],[102.66,7.32],[102.66,7.4],[102.58,7.4],[102.58,7.32]]],[[[102.66,7.32],[102.74,7.32],[102.74,7.4],[102.66,7.4],[102.66,7.32]]],[[[101.06,7.4],[101.14,7.4],[101.14,7.48],[101.06,7.48],[101.06,7.4]]],[[[101.14,7.4],[101.22,7.4],[101.22,7.48],[101.14,7.48],[101.14,7.4]]],[[[101.22,7.4],[101.3,7.4],[101.3,7.48],[101.22,7.48],[101.22,7.4]]],[[[101.3,7.4],[101.38,7.4],[101.38,7.48],[101.3,7.48],[101.3,7.4]]],[[[101.38,7.4],[101.46,7.4],[101.46,7.48],[101.38,7.48],[101.38,7.4]]],[[[101.46,7.4],[101.53999999999999,7.4],[101.53999999999999,7.48],[101.46,7.48],[101.46,7.4]]],[[[101.54,7.4],[101.62,7.4],[101.62,7.48],[101.54,7.48],[101.54,7.4]]],[[[101.62,7.4],[101.7,7.4],[101.7,7.48],[101.62,7.48],[101.62,7.4]]],[[[101.7,7.4],[101.78,7.4],[101.78,7.48],[101.7,7.48],[101.7,7.4]]],[[[101.78,7.4],[101.86,7.4],[101.86,7.48],[101.78,7.48],[101.78,7.4]]],[[[101.86,7.4],[101.94,7.4],[101.94,7.48],[101.86,7.48],[101.86,7.4]]],[[[101.94,7.4],[102.02,7.4],[102.02,7.48],[101.94,7.48],[101.94,7.4]]],[[[102.02,7.4],[102.1,7.4],[102.1,7.48],[102.02,7.48],[102.02,7.4]]],[[[102.1,7.4],[102.17999999999999,7.4],[102.17999999999999,7.48],[102.1,7.48],[102.1,7.4]]],[[[102.18,7.4],[102.26,7.4],[102.26,7.48],[102.18,7.48],[102.18,7.4]]],[[[102.26,7.4],[102.34,7.4],[102.34,7.48],[102.26,7.48],[102.26,7.4]]],[[[102.34,7.4],[102.42,7.4],[102.42,7.48],[102.34,7.48],[102.34,7.4]]],[[[102.42,7.4],[102.5,7.4],[102.5,7.48],[102.42,7.48],[102.42,7.4]]],[[[102.5,7.4],[102.58,7.4],[102.58,7.48],[102.5,7.48],[102.5,7.4]]],[[[102.58,7.4],[102.66,7.4],[102.66,7.48],[102.58,7.48],[102.58,7.4]]],[[[102.66,7.4],[102.74,7.4],[102.74,7.48],[102.66,7.48],[102.66,7.4]]],[[[102.74,7.4],[102.82,7.4],[102.82,7.48],[102.74,7.48],[102.74,7.4]]],[[[101.14,7.48],[101.22,7.48],[101.22,7.5600000000000005],[101.14,7.5600000000000005],[101.14,7.48]]],[[[101.22,7.48],[101.3,7.48],[101.3,7.5600000000000005],[101.22,7.5600000000000005],[101.22,7.48]]],[[[101.3,7.48],[101.38,7.48],[101.38,7.5600000000000005],[101.3,7.5600000000000005],[101.3,7.48]]],[[[101.38,7.48],[101.46,7.48],[101.46,7.5600000000000005],[101.38,7.5600000000000005],[101.38,7.48]]],[[[101.46,7.48],[101.53999999999999,7.48],[101.53999999999999,7.5600000000000005],[101.46,7.5600000000000005],[101.46,7.48]]],[[[101.54,7.48],[101.62,7.48],[101.62,7.5600000000000005],[101.54,7.5600000000000005],[101.54,7.48]]],[[[101.62,7.48],[101.7,7.48],[101.7,7.5600000000000005],[101.62,7.5600000000000005],[101.62,7.48]]],[[[101.7,7.48],[101.78,7.48],[101.78,7.5600000000000005],[101.7,7.5600000000000005],[101.7,7.48]]],[[[101.78,7.48],[101.86,7.48],[101.86,7.5600000000000005],[101.78,7.5600000000000005],[101.78,7.48]]],[[[101.86,7.48],[101.94,7.48],[101.94,7.5600000000000005],[101.86,7.5600000000000005],[101.86,7.48]]],[[[101.94,7.48],[102.02,7.48],[102.02,7.5600000000000005],[101.94,7.5600000000000005],[101.94,7.48]]],[[[102.02,7.48],[102.1,7.48],[102.1,7.5600000000000005],[102.02,7.5600000000000005],[102.02,7.48]]],[[[102.1,7.48],[102.17999999999999,7.48],[102.17999999999999,7.5600000000000005],[102.1,7.5600000000000005],[102.1,7.48]]],[[[102.18,7.48],[102.26,7.48],[102.26,7.5600000000000005],[102.18,7.5600000000000005],[102.18,7.48]]],[[[102.26,7.48],[102.34,7.48],[102.34,7.5600000000000005],[102.26,7.5600000000000005],[102.26,7.48]]],[[[102.34,7.48],[102.42,7.48],[102.42,7.5600000000000005],[102.34,7.5600000000000005],[102.34,7.48]]],[[[102.42,7.48],[102.5,7.48],[102.5,7.5600000000000005],[102.42,7.5600000000000005],[102.42,7.48]]],[[[102.5,7.48],[102.58,7.48],[102.58,7.5600000000000005],[102.5,7.5600000000000005],[102.5,7.48]]],[[[102.58,7.48],[102.66,7.48],[102.66,7.5600000000000005],[102.58,7.5600000000000005],[102.58,7.48]]],[[[102.66,7.48],[102.74,7.48],[102.74,7.5600000000000005],[102.66,7.5600000000000005],[102.66,7.48]]],[[[102.74,7.48],[102.82,7.48],[102.82,7.5600000000000005],[102.74,7.5600000000000005],[102.74,7.48]]],[[[102.82,7.48],[102.89999999999999,7.48],[102.89999999999999,7.5600000000000005],[102.82,7.5600000000000005],[102.82,7.48]]],[[[101.14,7.5600000000000005],[101.22,7.5600000000000005],[101.22,7.640000000000001],[101.14,7.640000000000001],[101.14,7.5600000000000005]]],[[[101.22,7.5600000000000005],[101.3,7.5600000000000005],[101.3,7.640000000000001],[101.22,7.640000000000001],[101.22,7.5600000000000005]]],[[[101.3,7.5600000000000005],[101.38,7.5600000000000005],[101.38,7.640000000000001],[101.3,7.640000000000001],[101.3,7.5600000000000005]]],[[[101.38,7.5600000000000005],[101.46,7.5600000000000005],[101.46,7.640000000000001],[101.38,7.640000000000001],[101.38,7.5600000000000005]]],[[[101.46,7.5600000000000005],[101.53999999999999,7.5600000000000005],[101.53999999999999,7.640000000000001],[101.46,7.640000000000001],[101.46,7.5600000000000005]]],[[[101.54,7.5600000000000005],[101.62,7.5600000000000005],[101.62,7.640000000000001],[101.54,7.640000000000001],[101.54,7.5600000000000005]]],[[[101.62,7.5600000000000005],[101.7,7.5600000000000005],[101.7,7.640000000000001],[101.62,7.640000000000001],[101.62,7.5600000000000005]]],[[[101.7,7.5600000000000005],[101.78,7.5600000000000005],[101.78,7.640000000000001],[101.7,7.640000000000001],[101.7,7.5600000000000005]]],[[[101.78,7.5600000000000005],[101.86,7.5600000000000005],[101.86,7.640000000000001],[101.78,7.640000000000001],[101.78,7.5600000000000005]]],[[[101.86,7.5600000000000005],[101.94,7.5600000000000005],[101.94,7.640000000000001],[101.86,7.640000000000001],[101.86,7.5600000000000005]]],[[[101.94,7.5600000000000005],[102.02,7.5600000000000005],[102.02,7.640000000000001],[101.94,7.640000000000001],[101.94,7.5600000000000005]]],[[[102.02,7.5600000000000005],[102.1,7.5600000000000005],[102.1,7.640000000000001],[102.02,7.640000000000001],[102.02,7.5600000000000005]]],[[[102.1,7.5600000000000005],[102.17999999999999,7.5600000000000005],[102.17999999999999,7.640000000000001],[102.1,7.640000000000001],[102.1,7.5600000000000005]]],[[[102.18,7.5600000000000005],[102.26,7.5600000000000005],[102.26,7.640000000000001],[102.18,7.640000000000001],[102.18,7.5600000000000005]]],[[[102.26,7.5600000000000005],[102.34,7.5600000000000005],[102.34,7.640000000000001],[102.26,7.640000000000001],[102.26,7.5600000000000005]]],[[[102.34,7.5600000000000005],[102.42,7.5600000000000005],[102.42,7.640000000000001],[102.34,7.640000000000001],[102.34,7.5600000000000005]]],[[[102.42,7.5600000000000005],[102.5,7.5600000000000005],[102.5,7.640000000000001],[102.42,7.640000000000001],[102.42,7.5600000000000005]]],[[[102.5,7.5600000000000005],[102.58,7.5600000000000005],[102.58,7.640000000000001],[102.5,7.640000000000001],[102.5,7.5600000000000005]]],[[[102.58,7.5600000000000005],[102.66,7.5600000000000005],[102.66,7.640000000000001],[102.58,7.640000000000001],[102.58,7.5600000000000005]]],[[[102.66,7.5600000000000005],[102.74,7.5600000000000005],[102.74,7.640000000000001],[102.66,7.640000000000001],[102.66,7.5600000000000005]]],[[[102.74,7.5600000000000005],[102.82,7.5600000000000005],[102.82,7.640000000000001],[102.74,7.640000000000001],[102.74,7.5600000000000005]]],[[[102.82,7.5600000000000005],[102.89999999999999,7.5600000000000005],[102.89999999999999,7.640000000000001],[102.82,7.640000000000001],[102.82,7.5600000000000005]]],[[[102.9,7.5600000000000005],[102.98,7.5600000000000005],[102.98,7.640000000000001],[102.9,7.640000000000001],[102.9,7.5600000000000005]]],[[[102.98,7.5600000000000005],[103.06,7.5600000000000005],[103.06,7.640000000000001],[102.98,7.640000000000001],[102.98,7.5600000000000005]]],[[[101.22,7.640000000000001],[101.3,7.640000000000001],[101.3,7.720000000000001],[101.22,7.720000000000001],[101.22,7.640000000000001]]],[[[101.3,7.640000000000001],[101.38,7.640000000000001],[101.38,7.720000000000001],[101.3,7.720000000000001],[101.3,7.640000000000001]]],[[[101.38,7.640000000000001],[101.46,7.640000000000001],[101.46,7.720000000000001],[101.38,7.720000000000001],[101.38,7.640000000000001]]],[[[101.46,7.640000000000001],[101.53999999999999,7.640000000000001],[101.53999999999999,7.720000000000001],[101.46,7.720000000000001],[101.46,7.640000000000001]]],[[[101.54,7.640000000000001],[101.62,7.640000000000001],[101.62,7.720000000000001],[101.54,7.720000000000001],[101.54,7.640000000000001]]],[[[101.62,7.640000000000001],[101.7,7.640000000000001],[101.7,7.720000000000001],[101.62,7.720000000000001],[101.62,7.640000000000001]]],[[[101.7,7.640000000000001],[101.78,7.640000000000001],[101.78,7.720000000000001],[101.7,7.720000000000001],[101.7,7.640000000000001]]],[[[101.78,7.640000000000001],[101.86,7.640000000000001],[101.86,7.720000000000001],[101.78,7.720000000000001],[101.78,7.640000000000001]]],[[[101.86,7.640000000000001],[101.94,7.640000000000001],[101.94,7.720000000000001],[101.86,7.720000000000001],[101.86,7.640000000000001]]],[[[101.94,7.640000000000001],[102.02,7.640000000000001],[102.02,7.720000000000001],[101.94,7.720000000000001],[101.94,7.640000000000001]]],[[[102.02,7.640000000000001],[102.1,7.640000000000001],[102.1,7.720000000000001],[102.02,7.720000000000001],[102.02,7.640000000000001]]],[[[102.1,7.640000000000001],[102.17999999999999,7.640000000000001],[102.17999999999999,7.720000000000001],[102.1,7.720000000000001],[102.1,7.640000000000001]]],[[[102.18,7.640000000000001],[102.26,7.640000000000001],[102.26,7.720000000000001],[102.18,7.720000000000001],[102.18,7.640000000000001]]],[[[102.26,7.640000000000001],[102.34,7.640000000000001],[102.34,7.720000000000001],[102.26,7.720000000000001],[102.26,7.640000000000001]]],[[[102.34,7.640000000000001],[102.42,7.640000000000001],[102.42,7.720000000000001],[102.34,7.720000000000001],[102.34,7.640000000000001]]],[[[102.42,7.640000000000001],[102.5,7.640000000000001],[102.5,7.720000000000001],[102.42,7.720000000000001],[102.42,7.640000000000001]]],[[[102.5,7.640000000000001],[102.58,7.640000000000001],[102.58,7.720000000000001],[102.5,7.720000000000001],[102.5,7.640000000000001]]],[[[102.58,7.640000000000001],[102.66,7.640000000000001],[102.66,7.720000000000001],[102.58,7.720000000000001],[102.58,7.640000000000001]]],[[[102.66,7.640000000000001],[102.74,7.640000000000001],[102.74,7.720000000000001],[102.66,7.720000000000001],[102.66,7.640000000000001]]],[[[102.74,7.640000000000001],[102.82,7.640000000000001],[102.82,7.720000000000001],[102.74,7.720000000000001],[102.74,7.640000000000001]]],[[[102.82,7.640000000000001],[102.89999999999999,7.640000000000001],[102.89999999999999,7.720000000000001],[102.82,7.720000000000001],[102.82,7.640000000000001]]],[[[102.9,7.640000000000001],[102.98,7.640000000000001],[102.98,7.720000000000001],[102.9,7.720000000000001],[102.9,7.640000000000001]]],[[[102.98,7.640000000000001],[103.06,7.640000000000001],[103.06,7.720000000000001],[102.98,7.720000000000001],[102.98,7.640000000000001]]],[[[103.06,7.640000000000001],[103.14,7.640000000000001],[103.14,7.720000000000001],[103.06,7.720000000000001],[103.06,7.640000000000001]]],[[[101.3,7.720000000000001],[101.38,7.720000000000001],[101.38,7.800000000000001],[101.3,7.800000000000001],[101.3,7.720000000000001]]],[[[101.38,7.720000000000001],[101.46,7.720000000000001],[101.46,7.800000000000001],[101.38,7.800000000000001],[101.38,7.720000000000001]]],[[[101.46,7.720000000000001],[101.53999999999999,7.720000000000001],[101.53999999999999,7.800000000000001],[101.46,7.800000000000001],[101.46,7.720000000000001]]],[[[101.54,7.720000000000001],[101.62,7.720000000000001],[101.62,7.800000000000001],[101.54,7.800000000000001],[101.54,7.720000000000001]]],[[[101.62,7.720000000000001],[101.7,7.720000000000001],[101.7,7.800000000000001],[101.62,7.800000000000001],[101.62,7.720000000000001]]],[[[101.7,7.720000000000001],[101.78,7.720000000000001],[101.78,7.800000000000001],[101.7,7.800000000000001],[101.7,7.720000000000001]]],[[[101.78,7.720000000000001],[101.86,7.720000000000001],[101.86,7.800000000000001],[101.78,7.800000000000001],[101.78,7.720000000000001]]],[[[101.86,7.720000000000001],[101.94,7.720000000000001],[101.94,7.800000000000001],[101.86,7.800000000000001],[101.86,7.720000000000001]]],[[[101.94,7.720000000000001],[102.02,7.720000000000001],[102.02,7.800000000000001],[101.94,7.800000000000001],[101.94,7.720000000000001]]],[[[102.02,7.720000000000001],[102.1,7.720000000000001],[102.1,7.800000000000001],[102.02,7.800000000000001],[102.02,7.720000000000001]]],[[[102.1,7.720000000000001],[102.17999999999999,7.720000000000001],[102.17999999999999,7.800000000000001],[102.1,7.800000000000001],[102.1,7.720000000000001]]],[[[102.18,7.720000000000001],[102.26,7.720000000000001],[102.26,7.800000000000001],[102.18,7.800000000000001],[102.18,7.720000000000001]]],[[[102.26,7.720000000000001],[102.34,7.720000000000001],[102.34,7.800000000000001],[102.26,7.800000000000001],[102.26,7.720000000000001]]],[[[102.34,7.720000000000001],[102.42,7.720000000000001],[102.42,7.800000000000001],[102.34,7.800000000000001],[102.34,7.720000000000001]]],[[[102.42,7.720000000000001],[102.5,7.720000000000001],[102.5,7.800000000000001],[102.42,7.800000000000001],[102.42,7.720000000000001]]],[[[102.5,7.720000000000001],[102.58,7.720000000000001],[102.58,7.800000000000001],[102.5,7.800000000000001],[102.5,7.720000000000001]]],[[[102.58,7.720000000000001],[102.66,7.720000000000001],[102.66,7.800000000000001],[102.58,7.800000000000001],[102.58,7.720000000000001]]],[[[102.66,7.720000000000001],[102.74,7.720000000000001],[102.74,7.800000000000001],[102.66,7.800000000000001],[102.66,7.720000000000001]]],[[[102.74,7.720000000000001],[102.82,7.720000000000001],[102.82,7.800000000000001],[102.74,7.800000000000001],[102.74,7.720000000000001]]],[[[102.82,7.720000000000001],[102.89999999999999,7.720000000000001],[102.89999999999999,7.800000000000001],[102.82,7.800000000000001],[102.82,7.720000000000001]]],[[[102.9,7.720000000000001],[102.98,7.720000000000001],[102.98,7.800000000000001],[102.9,7.800000000000001],[102.9,7.720000000000001]]],[[[102.98,7.720000000000001],[103.06,7.720000000000001],[103.06,7.800000000000001],[102.98,7.800000000000001],[102.98,7.720000000000001]]],[[[103.06,7.720000000000001],[103.14,7.720000000000001],[103.14,7.800000000000001],[103.06,7.800000000000001],[103.06,7.720000000000001]]],[[[103.14,7.720000000000001],[103.22,7.720000000000001],[103.22,7.800000000000001],[103.14,7.800000000000001],[103.14,7.720000000000001]]],[[[101.46,7.800000000000001],[101.53999999999999,7.800000000000001],[101.53999999999999,7.880000000000001],[101.46,7.880000000000001],[101.46,7.800000000000001]]],[[[101.54,7.800000000000001],[101.62,7.800000000000001],[101.62,7.880000000000001],[101.54,7.880000000000001],[101.54,7.800000000000001]]],[[[101.62,7.800000000000001],[101.7,7.800000000000001],[101.7,7.880000000000001],[101.62,7.880000000000001],[101.62,7.800000000000001]]],[[[101.7,7.800000000000001],[101.78,7.800000000000001],[101.78,7.880000000000001],[101.7,7.880000000000001],[101.7,7.800000000000001]]],[[[101.78,7.800000000000001],[101.86,7.800000000000001],[101.86,7.880000000000001],[101.78,7.880000000000001],[101.78,7.800000000000001]]],[[[101.86,7.800000000000001],[101.94,7.800000000000001],[101.94,7.880000000000001],[101.86,7.880000000000001],[101.86,7.800000000000001]]],[[[101.94,7.800000000000001],[102.02,7.800000000000001],[102.02,7.880000000000001],[101.94,7.880000000000001],[101.94,7.800000000000001]]],[[[102.02,7.800000000000001],[102.1,7.800000000000001],[102.1,7.880000000000001],[102.02,7.880000000000001],[102.02,7.800000000000001]]],[[[102.1,7.800000000000001],[102.17999999999999,7.800000000000001],[102.17999999999999,7.880000000000001],[102.1,7.880000000000001],[102.1,7.800000000000001]]],[[[102.18,7.800000000000001],[102.26,7.800000000000001],[102.26,7.880000000000001],[102.18,7.880000000000001],[102.18,7.800000000000001]]],[[[102.26,7.800000000000001],[102.34,7.800000000000001],[102.34,7.880000000000001],[102.26,7.880000000000001],[102.26,7.800000000000001]]],[[[102.34,7.800000000000001],[102.42,7.800000000000001],[102.42,7.880000000000001],[102.34,7.880000000000001],[102.34,7.800000000000001]]],[[[102.42,7.800000000000001],[102.5,7.800000000000001],[102.5,7.880000000000001],[102.42,7.880000000000001],[102.42,7.800000000000001]]],[[[102.5,7.800000000000001],[102.58,7.800000000000001],[102.58,7.880000000000001],[102.5,7.880000000000001],[102.5,7.800000000000001]]],[[[102.58,7.800000000000001],[102.66,7.800000000000001],[102.66,7.880000000000001],[102.58,7.880000000000001],[102.58,7.800000000000001]]],[[[102.66,7.800000000000001],[102.74,7.800000000000001],[102.74,7.880000000000001],[102.66,7.880000000000001],[102.66,7.800000000000001]]],[[[102.74,7.800000000000001],[102.82,7.800000000000001],[102.82,7.880000000000001],[102.74,7.880000000000001],[102.74,7.800000000000001]]],[[[102.82,7.800000000000001],[102.89999999999999,7.800000000000001],[102.89999999999999,7.880000000000001],[102.82,7.880000000000001],[102.82,7.800000000000001]]],[[[102.9,7.800000000000001],[102.98,7.800000000000001],[102.98,7.880000000000001],[102.9,7.880000000000001],[102.9,7.800000000000001]]],[[[102.98,7.800000000000001],[103.06,7.800000000000001],[103.06,7.880000000000001],[102.98,7.880000000000001],[102.98,7.800000000000001]]],[[[103.06,7.800000000000001],[103.14,7.800000000000001],[103.14,7.880000000000001],[103.06,7.880000000000001],[103.06,7.800000000000001]]],[[[103.14,7.800000000000001],[103.22,7.800000000000001],[103.22,7.880000000000001],[103.14,7.880000000000001],[103.14,7.800000000000001]]],[[[103.22,7.800000000000001],[103.3,7.800000000000001],[103.3,7.880000000000001],[103.22,7.880000000000001],[103.22,7.800000000000001]]],[[[101.7,7.88],[101.78,7.88],[101.78,7.96],[101.7,7.96],[101.7,7.88]]],[[[101.78,7.88],[101.86,7.88],[101.86,7.96],[101.78,7.96],[101.78,7.88]]],[[[101.86,7.88],[101.94,7.88],[101.94,7.96],[101.86,7.96],[101.86,7.88]]],[[[101.94,7.88],[102.02,7.88],[102.02,7.96],[101.94,7.96],[101.94,7.88]]],[[[102.02,7.88],[102.1,7.88],[102.1,7.96],[102.02,7.96],[102.02,7.88]]],[[[102.1,7.88],[102.17999999999999,7.88],[102.17999999999999,7.96],[102.1,7.96],[102.1,7.88]]],[[[102.18,7.88],[102.26,7.88],[102.26,7.96],[102.18,7.96],[102.18,7.88]]],[[[102.26,7.88],[102.34,7.88],[102.34,7.96],[102.26,7.96],[102.26,7.88]]],[[[102.34,7.88],[102.42,7.88],[102.42,7.96],[102.34,7.96],[102.34,7.88]]],[[[102.42,7.88],[102.5,7.88],[102.5,7.96],[102.42,7.96],[102.42,7.88]]],[[[102.5,7.88],[102.58,7.88],[102.58,7.96],[102.5,7.96],[102.5,7.88]]],[[[102.58,7.88],[102.66,7.88],[102.66,7.96],[102.58,7.96],[102.58,7.88]]],[[[102.66,7.88],[102.74,7.88],[102.74,7.96],[102.66,7.96],[102.66,7.88]]],[[[102.74,7.88],[102.82,7.88],[102.82,7.96],[102.74,7.96],[102.74,7.88]]],[[[102.82,7.88],[102.89999999999999,7.88],[102.89999999999999,7.96],[102.82,7.96],[102.82,7.88]]],[[[102.9,7.88],[102.98,7.88],[102.98,7.96],[102.9,7.96],[102.9,7.88]]],[[[102.98,7.88],[103.06,7.88],[103.06,7.96],[102.98,7.96],[102.98,7.88]]],[[[103.06,7.88],[103.14,7.88],[103.14,7.96],[103.06,7.96],[103.06,7.88]]],[[[103.14,7.88],[103.22,7.88],[103.22,7.96],[103.14,7.96],[103.14,7.88]]],[[[103.22,7.88],[103.3,7.88],[103.3,7.96],[103.22,7.96],[103.22,7.88]]],[[[103.3,7.88],[103.38,7.88],[103.38,7.96],[103.3,7.96],[103.3,7.88]]],[[[101.86,7.96],[101.94,7.96],[101.94,8.04],[101.86,8.04],[101.86,7.96]]],[[[101.94,7.96],[102.02,7.96],[102.02,8.04],[101.94,8.04],[101.94,7.96]]],[[[102.02,7.96],[102.1,7.96],[102.1,8.04],[102.02,8.04],[102.02,7.96]]],[[[102.1,7.96],[102.17999999999999,7.96],[102.17999999999999,8.04],[102.1,8.04],[102.1,7.96]]],[[[102.18,7.96],[102.26,7.96],[102.26,8.04],[102.18,8.04],[102.18,7.96]]],[[[102.26,7.96],[102.34,7.96],[102.34,8.04],[102.26,8.04],[102.26,7.96]]],[[[102.34,7.96],[102.42,7.96],[102.42,8.04],[102.34,8.04],[102.34,7.96]]],[[[102.42,7.96],[102.5,7.96],[102.5,8.04],[102.42,8.04],[102.42,7.96]]],[[[102.5,7.96],[102.58,7.96],[102.58,8.04],[102.5,8.04],[102.5,7.96]]],[[[102.58,7.96],[102.66,7.96],[102.66,8.04],[102.58,8.04],[102.58,7.96]]],[[[102.66,7.96],[102.74,7.96],[102.74,8.04],[102.66,8.04],[102.66,7.96]]],[[[102.74,7.96],[102.82,7.96],[102.82,8.04],[102.74,8.04],[102.74,7.96]]],[[[102.82,7.96],[102.89999999999999,7.96],[102.89999999999999,8.04],[102.82,8.04],[102.82,7.96]]],[[[102.9,7.96],[102.98,7.96],[102.98,8.04],[102.9,8.04],[102.9,7.96]]],[[[102.98,7.96],[103.06,7.96],[103.06,8.04],[102.98,8.04],[102.98,7.96]]],[[[103.06,7.96],[103.14,7.96],[103.14,8.04],[103.06,8.04],[103.06,7.96]]],[[[103.14,7.96],[103.22,7.96],[103.22,8.04],[103.14,8.04],[103.14,7.96]]],[[[103.22,7.96],[103.3,7.96],[103.3,8.04],[103.22,8.04],[103.22,7.96]]],[[[103.3,7.96],[103.38,7.96],[103.38,8.04],[103.3,8.04],[103.3,7.96]]],[[[103.38,7.96],[103.46,7.96],[103.46,8.04],[103.38,8.04],[103.38,7.96]]],[[[102.02,8.04],[102.1,8.04],[102.1,8.12],[102.02,8.12],[102.02,8.04]]],[[[102.1,8.04],[102.17999999999999,8.04],[102.17999999999999,8.12],[102.1,8.12],[102.1,8.04]]],[[[102.18,8.04],[102.26,8.04],[102.26,8.12],[102.18,8.12],[102.18,8.04]]],[[[102.26,8.04],[102.34,8.04],[102.34,8.12],[102.26,8.12],[102.26,8.04]]],[[[102.34,8.04],[102.42,8.04],[102.42,8.12],[102.34,8.12],[102.34,8.04]]],[[[102.42,8.04],[102.5,8.04],[102.5,8.12],[102.42,8.12],[102.42,8.04]]],[[[102.5,8.04],[102.58,8.04],[102.58,8.12],[102.5,8.12],[102.5,8.04]]],[[[102.58,8.04],[102.66,8.04],[102.66,8.12],[102.58,8.12],[102.58,8.04]]],[[[102.66,8.04],[102.74,8.04],[102.74,8.12],[102.66,8.12],[102.66,8.04]]],[[[102.74,8.04],[102.82,8.04],[102.82,8.12],[102.74,8.12],[102.74,8.04]]],[[[102.82,8.04],[102.89999999999999,8.04],[102.89999999999999,8.12],[102.82,8.12],[102.82,8.04]]],[[[102.9,8.04],[102.98,8.04],[102.98,8.12],[102.9,8.12],[102.9,8.04]]],[[[102.98,8.04],[103.06,8.04],[103.06,8.12],[102.98,8.12],[102.98,8.04]]],[[[103.06,8.04],[103.14,8.04],[103.14,8.12],[103.06,8.12],[103.06,8.04]]],[[[103.14,8.04],[103.22,8.04],[103.22,8.12],[103.14,8.12],[103.14,8.04]]],[[[103.22,8.04],[103.3,8.04],[103.3,8.12],[103.22,8.12],[103.22,8.04]]],[[[103.3,8.04],[103.38,8.04],[103.38,8.12],[103.3,8.12],[103.3,8.04]]],[[[103.38,8.04],[103.46,8.04],[103.46,8.12],[103.38,8.12],[103.38,8.04]]],[[[103.46,8.04],[103.53999999999999,8.04],[103.53999999999999,8.12],[103.46,8.12],[103.46,8.04]]],[[[102.18,8.120000000000001],[102.26,8.120000000000001],[102.26,8.200000000000001],[102.18,8.200000000000001],[102.18,8.120000000000001]]],[[[102.26,8.120000000000001],[102.34,8.120000000000001],[102.34,8.200000000000001],[102.26,8.200000000000001],[102.26,8.120000000000001]]],[[[102.34,8.120000000000001],[102.42,8.120000000000001],[102.42,8.200000000000001],[102.34,8.200000000000001],[102.34,8.120000000000001]]],[[[102.42,8.120000000000001],[102.5,8.120000000000001],[102.5,8.200000000000001],[102.42,8.200000000000001],[102.42,8.120000000000001]]],[[[102.5,8.120000000000001],[102.58,8.120000000000001],[102.58,8.200000000000001],[102.5,8.200000000000001],[102.5,8.120000000000001]]],[[[102.58,8.120000000000001],[102.66,8.120000000000001],[102.66,8.200000000000001],[102.58,8.200000000000001],[102.58,8.120000000000001]]],[[[102.66,8.120000000000001],[102.74,8.120000000000001],[102.74,8.200000000000001],[102.66,8.200000000000001],[102.66,8.120000000000001]]],[[[102.74,8.120000000000001],[102.82,8.120000000000001],[102.82,8.200000000000001],[102.74,8.200000000000001],[102.74,8.120000000000001]]],[[[102.82,8.120000000000001],[102.89999999999999,8.120000000000001],[102.89999999999999,8.200000000000001],[102.82,8.200000000000001],[102.82,8.120000000000001]]],[[[102.9,8.120000000000001],[102.98,8.120000000000001],[102.98,8.200000000000001],[102.9,8.200000000000001],[102.9,8.120000000000001]]],[[[102.98,8.120000000000001],[103.06,8.120000000000001],[103.06,8.200000000000001],[102.98,8.200000000000001],[102.98,8.120000000000001]]],[[[103.06,8.120000000000001],[103.14,8.120000000000001],[103.14,8.200000000000001],[103.06,8.200000000000001],[103.06,8.120000000000001]]],[[[103.14,8.120000000000001],[103.22,8.120000000000001],[103.22,8.200000000000001],[103.14,8.200000000000001],[103.14,8.120000000000001]]],[[[103.22,8.120000000000001],[103.3,8.120000000000001],[103.3,8.200000000000001],[103.22,8.200000000000001],[103.22,8.120000000000001]]],[[[103.3,8.120000000000001],[103.38,8.120000000000001],[103.38,8.200000000000001],[103.3,8.200000000000001],[103.3,8.120000000000001]]],[[[103.38,8.120000000000001],[103.46,8.120000000000001],[103.46,8.200000000000001],[103.38,8.200000000000001],[103.38,8.120000000000001]]],[[[103.46,8.120000000000001],[103.53999999999999,8.120000000000001],[103.53999999999999,8.200000000000001],[103.46,8.200000000000001],[103.46,8.120000000000001]]],[[[103.54,8.120000000000001],[103.62,8.120000000000001],[103.62,8.200000000000001],[103.54,8.200000000000001],[103.54,8.120000000000001]]],[[[102.34,8.2],[102.42,8.2],[102.42,8.28],[102.34,8.28],[102.34,8.2]]],[[[102.42,8.2],[102.5,8.2],[102.5,8.28],[102.42,8.28],[102.42,8.2]]],[[[102.5,8.2],[102.58,8.2],[102.58,8.28],[102.5,8.28],[102.5,8.2]]],[[[102.58,8.2],[102.66,8.2],[102.66,8.28],[102.58,8.28],[102.58,8.2]]],[[[102.66,8.2],[102.74,8.2],[102.74,8.28],[102.66,8.28],[102.66,8.2]]],[[[102.74,8.2],[102.82,8.2],[102.82,8.28],[102.74,8.28],[102.74,8.2]]],[[[102.82,8.2],[102.89999999999999,8.2],[102.89999999999999,8.28],[102.82,8.28],[102.82,8.2]]],[[[102.9,8.2],[102.98,8.2],[102.98,8.28],[102.9,8.28],[102.9,8.2]]],[[[102.98,8.2],[103.06,8.2],[103.06,8.28],[102.98,8.28],[102.98,8.2]]],[[[103.06,8.2],[103.14,8.2],[103.14,8.28],[103.06,8.28],[103.06,8.2]]],[[[103.14,8.2],[103.22,8.2],[103.22,8.28],[103.14,8.28],[103.14,8.2]]],[[[103.22,8.2],[103.3,8.2],[103.3,8.28],[103.22,8.28],[103.22,8.2]]],[[[103.3,8.2],[103.38,8.2],[103.38,8.28],[103.3,8.28],[103.3,8.2]]],[[[103.38,8.2],[103.46,8.2],[103.46,8.28],[103.38,8.28],[103.38,8.2]]],[[[103.46,8.2],[103.53999999999999,8.2],[103.53999999999999,8.28],[103.46,8.28],[103.46,8.2]]],[[[103.54,8.2],[103.62,8.2],[103.62,8.28],[103.54,8.28],[103.54,8.2]]],[[[103.62,8.2],[103.7,8.2],[103.7,8.28],[103.62,8.28],[103.62,8.2]]],[[[103.7,8.2],[103.78,8.2],[103.78,8.28],[103.7,8.28],[103.7,8.2]]],[[[102.5,8.280000000000001],[102.58,8.280000000000001],[102.58,8.360000000000001],[102.5,8.360000000000001],[102.5,8.280000000000001]]],[[[102.58,8.280000000000001],[102.66,8.280000000000001],[102.66,8.360000000000001],[102.58,8.360000000000001],[102.58,8.280000000000001]]],[[[102.66,8.280000000000001],[102.74,8.280000000000001],[102.74,8.360000000000001],[102.66,8.360000000000001],[102.66,8.280000000000001]]],[[[102.74,8.280000000000001],[102.82,8.280000000000001],[102.82,8.360000000000001],[102.74,8.360000000000001],[102.74,8.280000000000001]]],[[[102.82,8.280000000000001],[102.89999999999999,8.280000000000001],[102.89999999999999,8.360000000000001],[102.82,8.360000000000001],[102.82,8.280000000000001]]],[[[102.9,8.280000000000001],[102.98,8.280000000000001],[102.98,8.360000000000001],[102.9,8.360000000000001],[102.9,8.280000000000001]]],[[[102.98,8.280000000000001],[103.06,8.280000000000001],[103.06,8.360000000000001],[102.98,8.360000000000001],[102.98,8.280000000000001]]],[[[103.06,8.280000000000001],[103.14,8.280000000000001],[103.14,8.360000000000001],[103.06,8.360000000000001],[103.06,8.280000000000001]]],[[[103.14,8.280000000000001],[103.22,8.280000000000001],[103.22,8.360000000000001],[103.14,8.360000000000001],[103.14,8.280000000000001]]],[[[103.22,8.280000000000001],[103.3,8.280000000000001],[103.3,8.360000000000001],[103.22,8.360000000000001],[103.22,8.280000000000001]]],[[[103.3,8.280000000000001],[103.38,8.280000000000001],[103.38,8.360000000000001],[103.3,8.360000000000001],[103.3,8.280000000000001]]],[[[103.38,8.280000000000001],[103.46,8.280000000000001],[103.46,8.360000000000001],[103.38,8.360000000000001],[103.38,8.280000000000001]]],[[[103.46,8.280000000000001],[103.53999999999999,8.280000000000001],[103.53999999999999,8.360000000000001],[103.46,8.360000000000001],[103.46,8.280000000000001]]],[[[103.54,8.280000000000001],[103.62,8.280000000000001],[103.62,8.360000000000001],[103.54,8.360000000000001],[103.54,8.280000000000001]]],[[[103.62,8.280000000000001],[103.7,8.280000000000001],[103.7,8.360000000000001],[103.62,8.360000000000001],[103.62,8.280000000000001]]],[[[103.7,8.280000000000001],[103.78,8.280000000000001],[103.78,8.360000000000001],[103.7,8.360000000000001],[103.7,8.280000000000001]]],[[[103.78,8.280000000000001],[103.86,8.280000000000001],[103.86,8.360000000000001],[103.78,8.360000000000001],[103.78,8.280000000000001]]],[[[102.66,8.36],[102.74,8.36],[102.74,8.44],[102.66,8.44],[102.66,8.36]]],[[[102.74,8.36],[102.82,8.36],[102.82,8.44],[102.74,8.44],[102.74,8.36]]],[[[102.82,8.36],[102.89999999999999,8.36],[102.89999999999999,8.44],[102.82,8.44],[102.82,8.36]]],[[[102.9,8.36],[102.98,8.36],[102.98,8.44],[102.9,8.44],[102.9,8.36]]],[[[102.98,8.36],[103.06,8.36],[103.06,8.44],[102.98,8.44],[102.98,8.36]]],[[[103.06,8.36],[103.14,8.36],[103.14,8.44],[103.06,8.44],[103.06,8.36]]],[[[103.14,8.36],[103.22,8.36],[103.22,8.44],[103.14,8.44],[103.14,8.36]]],[[[103.22,8.36],[103.3,8.36],[103.3,8.44],[103.22,8.44],[103.22,8.36]]],[[[103.3,8.36],[103.38,8.36],[103.38,8.44],[103.3,8.44],[103.3,8.36]]],[[[103.38,8.36],[103.46,8.36],[103.46,8.44],[103.38,8.44],[103.38,8.36]]],[[[103.46,8.36],[103.53999999999999,8.36],[103.53999999999999,8.44],[103.46,8.44],[103.46,8.36]]],[[[103.54,8.36],[103.62,8.36],[103.62,8.44],[103.54,8.44],[103.54,8.36]]],[[[103.62,8.36],[103.7,8.36],[103.7,8.44],[103.62,8.44],[103.62,8.36]]],[[[103.7,8.36],[103.78,8.36],[103.78,8.44],[103.7,8.44],[103.7,8.36]]],[[[103.78,8.36],[103.86,8.36],[103.86,8.44],[103.78,8.44],[103.78,8.36]]],[[[103.86,8.36],[103.94,8.36],[103.94,8.44],[103.86,8.44],[103.86,8.36]]],[[[102.82,8.44],[102.89999999999999,8.44],[102.89999999999999,8.52],[102.82,8.52],[102.82,8.44]]],[[[102.9,8.44],[102.98,8.44],[102.98,8.52],[102.9,8.52],[102.9,8.44]]],[[[102.98,8.44],[103.06,8.44],[103.06,8.52],[102.98,8.52],[102.98,8.44]]],[[[103.06,8.44],[103.14,8.44],[103.14,8.52],[103.06,8.52],[103.06,8.44]]],[[[103.14,8.44],[103.22,8.44],[103.22,8.52],[103.14,8.52],[103.14,8.44]]],[[[103.22,8.44],[103.3,8.44],[103.3,8.52],[103.22,8.52],[103.22,8.44]]],[[[103.3,8.44],[103.38,8.44],[103.38,8.52],[103.3,8.52],[103.3,8.44]]],[[[103.38,8.44],[103.46,8.44],[103.46,8.52],[103.38,8.52],[103.38,8.44]]],[[[103.46,8.44],[103.53999999999999,8.44],[103.53999999999999,8.52],[103.46,8.52],[103.46,8.44]]],[[[103.54,8.44],[103.62,8.44],[103.62,8.52],[103.54,8.52],[103.54,8.44]]],[[[103.62,8.44],[103.7,8.44],[103.7,8.52],[103.62,8.52],[103.62,8.44]]],[[[103.7,8.44],[103.78,8.44],[103.78,8.52],[103.7,8.52],[103.7,8.44]]],[[[103.78,8.44],[103.86,8.44],[103.86,8.52],[103.78,8.52],[103.78,8.44]]],[[[103.86,8.44],[103.94,8.44],[103.94,8.52],[103.86,8.52],[103.86,8.44]]],[[[103.94,8.44],[104.02,8.44],[104.02,8.52],[103.94,8.52],[103.94,8.44]]],[[[102.9,8.52],[102.98,8.52],[102.98,8.6],[102.9,8.6],[102.9,8.52]]],[[[102.98,8.52],[103.06,8.52],[103.06,8.6],[102.98,8.6],[102.98,8.52]]],[[[103.06,8.52],[103.14,8.52],[103.14,8.6],[103.06,8.6],[103.06,8.52]]],[[[103.14,8.52],[103.22,8.52],[103.22,8.6],[103.14,8.6],[103.14,8.52]]],[[[103.22,8.52],[103.3,8.52],[103.3,8.6],[103.22,8.6],[103.22,8.52]]],[[[103.3,8.52],[103.38,8.52],[103.38,8.6],[103.3,8.6],[103.3,8.52]]],[[[103.38,8.52],[103.46,8.52],[103.46,8.6],[103.38,8.6],[103.38,8.52]]],[[[103.46,8.52],[103.53999999999999,8.52],[103.53999999999999,8.6],[103.46,8.6],[103.46,8.52]]],[[[103.54,8.52],[103.62,8.52],[103.62,8.6],[103.54,8.6],[103.54,8.52]]],[[[103.62,8.52],[103.7,8.52],[103.7,8.6],[103.62,8.6],[103.62,8.52]]],[[[103.7,8.52],[103.78,8.52],[103.78,8.6],[103.7,8.6],[103.7,8.52]]],[[[103.78,8.52],[103.86,8.52],[103.86,8.6],[103.78,8.6],[103.78,8.52]]],[[[103.86,8.52],[103.94,8.52],[103.94,8.6],[103.86,8.6],[103.86,8.52]]],[[[103.94,8.52],[104.02,8.52],[104.02,8.6],[103.94,8.6],[103.94,8.52]]],[[[104.02,8.52],[104.1,8.52],[104.1,8.6],[104.02,8.6],[104.02,8.52]]],[[[103.06,8.6],[103.14,8.6],[103.14,8.68],[103.06,8.68],[103.06,8.6]]],[[[103.14,8.6],[103.22,8.6],[103.22,8.68],[103.14,8.68],[103.14,8.6]]],[[[103.22,8.6],[103.3,8.6],[103.3,8.68],[103.22,8.68],[103.22,8.6]]],[[[103.3,8.6],[103.38,8.6],[103.38,8.68],[103.3,8.68],[103.3,8.6]]],[[[103.38,8.6],[103.46,8.6],[103.46,8.68],[103.38,8.68],[103.38,8.6]]],[[[103.46,8.6],[103.53999999999999,8.6],[103.53999999999999,8.68],[103.46,8.68],[103.46,8.6]]],[[[103.54,8.6],[103.62,8.6],[103.62,8.68],[103.54,8.68],[103.54,8.6]]],[[[103.62,8.6],[103.7,8.6],[103.7,8.68],[103.62,8.68],[103.62,8.6]]],[[[103.7,8.6],[103.78,8.6],[103.78,8.68],[103.7,8.68],[103.7,8.6]]],[[[103.78,8.6],[103.86,8.6],[103.86,8.68],[103.78,8.68],[103.78,8.6]]],[[[103.86,8.6],[103.94,8.6],[103.94,8.68],[103.86,8.68],[103.86,8.6]]],[[[103.94,8.6],[104.02,8.6],[104.02,8.68],[103.94,8.68],[103.94,8.6]]],[[[104.02,8.6],[104.1,8.6],[104.1,8.68],[104.02,8.68],[104.02,8.6]]],[[[104.1,8.6],[104.17999999999999,8.6],[104.17999999999999,8.68],[104.1,8.68],[104.1,8.6]]],[[[103.22,8.68],[103.3,8.68],[103.3,8.76],[103.22,8.76],[103.22,8.68]]],[[[103.3,8.68],[103.38,8.68],[103.38,8.76],[103.3,8.76],[103.3,8.68]]],[[[103.38,8.68],[103.46,8.68],[103.46,8.76],[103.38,8.76],[103.38,8.68]]],[[[103.46,8.68],[103.53999999999999,8.68],[103.53999999999999,8.76],[103.46,8.76],[103.46,8.68]]],[[[103.54,8.68],[103.62,8.68],[103.62,8.76],[103.54,8.76],[103.54,8.68]]],[[[103.62,8.68],[103.7,8.68],[103.7,8.76],[103.62,8.76],[103.62,8.68]]],[[[103.7,8.68],[103.78,8.68],[103.78,8.76],[103.7,8.76],[103.7,8.68]]],[[[103.78,8.68],[103.86,8.68],[103.86,8.76],[103.78,8.76],[103.78,8.68]]],[[[103.86,8.68],[103.94,8.68],[103.94,8.76],[103.86,8.76],[103.86,8.68]]],[[[103.94,8.68],[104.02,8.68],[104.02,8.76],[103.94,8.76],[103.94,8.68]]],[[[104.02,8.68],[104.1,8.68],[104.1,8.76],[104.02,8.76],[104.02,8.68]]],[[[103.38,8.76],[103.46,8.76],[103.46,8.84],[103.38,8.84],[103.38,8.76]]],[[[103.46,8.76],[103.53999999999999,8.76],[103.53999999999999,8.84],[103.46,8.84],[103.46,8.76]]],[[[103.54,8.76],[103.62,8.76],[103.62,8.84],[103.54,8.84],[103.54,8.76]]],[[[103.62,8.76],[103.7,8.76],[103.7,8.84],[103.62,8.84],[103.62,8.76]]],[[[103.7,8.76],[103.78,8.76],[103.78,8.84],[103.7,8.84],[103.7,8.76]]]]}},{"type":"Feature","properties":{"region_id":"TH-82","region_iso":"TH-82","region_shape_id":"36821470B99917015254292","region_name":"Phangnga","region_name_local":"Phangnga","adm_level":"ADM1","zone_hint":"ADM","geometry_kind":"derived_marine_admin_polygon","derivation":"nearest_coastal_province_on_regular_sea_grid","cell_count":581,"cell_size_deg":0.08},"geometry":{"type":"MultiPolygon","coordinates":[[[[96.5,7],[96.58,7],[96.58,7.08],[96.5,7.08],[96.5,7]]],[[[96.5,7.08],[96.58,7.08],[96.58,7.16],[96.5,7.16],[96.5,7.08]]],[[[96.58,7.08],[96.66,7.08],[96.66,7.16],[96.58,7.16],[96.58,7.08]]],[[[96.5,7.16],[96.58,7.16],[96.58,7.24],[96.5,7.24],[96.5,7.16]]],[[[96.58,7.16],[96.66,7.16],[96.66,7.24],[96.58,7.24],[96.58,7.16]]],[[[96.66,7.16],[96.74,7.16],[96.74,7.24],[96.66,7.24],[96.66,7.16]]],[[[96.74,7.16],[96.82,7.16],[96.82,7.24],[96.74,7.24],[96.74,7.16]]],[[[96.5,7.24],[96.58,7.24],[96.58,7.32],[96.5,7.32],[96.5,7.24]]],[[[96.58,7.24],[96.66,7.24],[96.66,7.32],[96.58,7.32],[96.58,7.24]]],[[[96.66,7.24],[96.74,7.24],[96.74,7.32],[96.66,7.32],[96.66,7.24]]],[[[96.74,7.24],[96.82,7.24],[96.82,7.32],[96.74,7.32],[96.74,7.24]]],[[[96.82,7.24],[96.89999999999999,7.24],[96.89999999999999,7.32],[96.82,7.32],[96.82,7.24]]],[[[96.5,7.32],[96.58,7.32],[96.58,7.4],[96.5,7.4],[96.5,7.32]]],[[[96.58,7.32],[96.66,7.32],[96.66,7.4],[96.58,7.4],[96.58,7.32]]],[[[96.66,7.32],[96.74,7.32],[96.74,7.4],[96.66,7.4],[96.66,7.32]]],[[[96.74,7.32],[96.82,7.32],[96.82,7.4],[96.74,7.4],[96.74,7.32]]],[[[96.82,7.32],[96.89999999999999,7.32],[96.89999999999999,7.4],[96.82,7.4],[96.82,7.32]]],[[[96.9,7.32],[96.98,7.32],[96.98,7.4],[96.9,7.4],[96.9,7.32]]],[[[96.98,7.32],[97.06,7.32],[97.06,7.4],[96.98,7.4],[96.98,7.32]]],[[[96.5,7.4],[96.58,7.4],[96.58,7.48],[96.5,7.48],[96.5,7.4]]],[[[96.58,7.4],[96.66,7.4],[96.66,7.48],[96.58,7.48],[96.58,7.4]]],[[[96.66,7.4],[96.74,7.4],[96.74,7.48],[96.66,7.48],[96.66,7.4]]],[[[96.74,7.4],[96.82,7.4],[96.82,7.48],[96.74,7.48],[96.74,7.4]]],[[[96.82,7.4],[96.89999999999999,7.4],[96.89999999999999,7.48],[96.82,7.48],[96.82,7.4]]],[[[96.9,7.4],[96.98,7.4],[96.98,7.48],[96.9,7.48],[96.9,7.4]]],[[[96.98,7.4],[97.06,7.4],[97.06,7.48],[96.98,7.48],[96.98,7.4]]],[[[97.06,7.4],[97.14,7.4],[97.14,7.48],[97.06,7.48],[97.06,7.4]]],[[[96.5,7.48],[96.58,7.48],[96.58,7.5600000000000005],[96.5,7.5600000000000005],[96.5,7.48]]],[[[96.58,7.48],[96.66,7.48],[96.66,7.5600000000000005],[96.58,7.5600000000000005],[96.58,7.48]]],[[[96.66,7.48],[96.74,7.48],[96.74,7.5600000000000005],[96.66,7.5600000000000005],[96.66,7.48]]],[[[96.74,7.48],[96.82,7.48],[96.82,7.5600000000000005],[96.74,7.5600000000000005],[96.74,7.48]]],[[[96.82,7.48],[96.89999999999999,7.48],[96.89999999999999,7.5600000000000005],[96.82,7.5600000000000005],[96.82,7.48]]],[[[96.9,7.48],[96.98,7.48],[96.98,7.5600000000000005],[96.9,7.5600000000000005],[96.9,7.48]]],[[[96.98,7.48],[97.06,7.48],[97.06,7.5600000000000005],[96.98,7.5600000000000005],[96.98,7.48]]],[[[97.06,7.48],[97.14,7.48],[97.14,7.5600000000000005],[97.06,7.5600000000000005],[97.06,7.48]]],[[[97.14,7.48],[97.22,7.48],[97.22,7.5600000000000005],[97.14,7.5600000000000005],[97.14,7.48]]],[[[97.22,7.48],[97.3,7.48],[97.3,7.5600000000000005],[97.22,7.5600000000000005],[97.22,7.48]]],[[[96.5,7.5600000000000005],[96.58,7.5600000000000005],[96.58,7.640000000000001],[96.5,7.640000000000001],[96.5,7.5600000000000005]]],[[[96.58,7.5600000000000005],[96.66,7.5600000000000005],[96.66,7.640000000000001],[96.58,7.640000000000001],[96.58,7.5600000000000005]]],[[[96.66,7.5600000000000005],[96.74,7.5600000000000005],[96.74,7.640000000000001],[96.66,7.640000000000001],[96.66,7.5600000000000005]]],[[[96.74,7.5600000000000005],[96.82,7.5600000000000005],[96.82,7.640000000000001],[96.74,7.640000000000001],[96.74,7.5600000000000005]]],[[[96.82,7.5600000000000005],[96.89999999999999,7.5600000000000005],[96.89999999999999,7.640000000000001],[96.82,7.640000000000001],[96.82,7.5600000000000005]]],[[[96.9,7.5600000000000005],[96.98,7.5600000000000005],[96.98,7.640000000000001],[96.9,7.640000000000001],[96.9,7.5600000000000005]]],[[[96.98,7.5600000000000005],[97.06,7.5600000000000005],[97.06,7.640000000000001],[96.98,7.640000000000001],[96.98,7.5600000000000005]]],[[[97.06,7.5600000000000005],[97.14,7.5600000000000005],[97.14,7.640000000000001],[97.06,7.640000000000001],[97.06,7.5600000000000005]]],[[[97.14,7.5600000000000005],[97.22,7.5600000000000005],[97.22,7.640000000000001],[97.14,7.640000000000001],[97.14,7.5600000000000005]]],[[[97.22,7.5600000000000005],[97.3,7.5600000000000005],[97.3,7.640000000000001],[97.22,7.640000000000001],[97.22,7.5600000000000005]]],[[[97.3,7.5600000000000005],[97.38,7.5600000000000005],[97.38,7.640000000000001],[97.3,7.640000000000001],[97.3,7.5600000000000005]]],[[[96.5,7.640000000000001],[96.58,7.640000000000001],[96.58,7.720000000000001],[96.5,7.720000000000001],[96.5,7.640000000000001]]],[[[96.58,7.640000000000001],[96.66,7.640000000000001],[96.66,7.720000000000001],[96.58,7.720000000000001],[96.58,7.640000000000001]]],[[[96.66,7.640000000000001],[96.74,7.640000000000001],[96.74,7.720000000000001],[96.66,7.720000000000001],[96.66,7.640000000000001]]],[[[96.74,7.640000000000001],[96.82,7.640000000000001],[96.82,7.720000000000001],[96.74,7.720000000000001],[96.74,7.640000000000001]]],[[[96.82,7.640000000000001],[96.89999999999999,7.640000000000001],[96.89999999999999,7.720000000000001],[96.82,7.720000000000001],[96.82,7.640000000000001]]],[[[96.9,7.640000000000001],[96.98,7.640000000000001],[96.98,7.720000000000001],[96.9,7.720000000000001],[96.9,7.640000000000001]]],[[[96.98,7.640000000000001],[97.06,7.640000000000001],[97.06,7.720000000000001],[96.98,7.720000000000001],[96.98,7.640000000000001]]],[[[97.06,7.640000000000001],[97.14,7.640000000000001],[97.14,7.720000000000001],[97.06,7.720000000000001],[97.06,7.640000000000001]]],[[[97.14,7.640000000000001],[97.22,7.640000000000001],[97.22,7.720000000000001],[97.14,7.720000000000001],[97.14,7.640000000000001]]],[[[97.22,7.640000000000001],[97.3,7.640000000000001],[97.3,7.720000000000001],[97.22,7.720000000000001],[97.22,7.640000000000001]]],[[[97.3,7.640000000000001],[97.38,7.640000000000001],[97.38,7.720000000000001],[97.3,7.720000000000001],[97.3,7.640000000000001]]],[[[97.38,7.640000000000001],[97.46,7.640000000000001],[97.46,7.720000000000001],[97.38,7.720000000000001],[97.38,7.640000000000001]]],[[[96.5,7.720000000000001],[96.58,7.720000000000001],[96.58,7.800000000000001],[96.5,7.800000000000001],[96.5,7.720000000000001]]],[[[96.58,7.720000000000001],[96.66,7.720000000000001],[96.66,7.800000000000001],[96.58,7.800000000000001],[96.58,7.720000000000001]]],[[[96.66,7.720000000000001],[96.74,7.720000000000001],[96.74,7.800000000000001],[96.66,7.800000000000001],[96.66,7.720000000000001]]],[[[96.74,7.720000000000001],[96.82,7.720000000000001],[96.82,7.800000000000001],[96.74,7.800000000000001],[96.74,7.720000000000001]]],[[[96.82,7.720000000000001],[96.89999999999999,7.720000000000001],[96.89999999999999,7.800000000000001],[96.82,7.800000000000001],[96.82,7.720000000000001]]],[[[96.9,7.720000000000001],[96.98,7.720000000000001],[96.98,7.800000000000001],[96.9,7.800000000000001],[96.9,7.720000000000001]]],[[[96.98,7.720000000000001],[97.06,7.720000000000001],[97.06,7.800000000000001],[96.98,7.800000000000001],[96.98,7.720000000000001]]],[[[97.06,7.720000000000001],[97.14,7.720000000000001],[97.14,7.800000000000001],[97.06,7.800000000000001],[97.06,7.720000000000001]]],[[[97.14,7.720000000000001],[97.22,7.720000000000001],[97.22,7.800000000000001],[97.14,7.800000000000001],[97.14,7.720000000000001]]],[[[97.22,7.720000000000001],[97.3,7.720000000000001],[97.3,7.800000000000001],[97.22,7.800000000000001],[97.22,7.720000000000001]]],[[[97.3,7.720000000000001],[97.38,7.720000000000001],[97.38,7.800000000000001],[97.3,7.800000000000001],[97.3,7.720000000000001]]],[[[97.38,7.720000000000001],[97.46,7.720000000000001],[97.46,7.800000000000001],[97.38,7.800000000000001],[97.38,7.720000000000001]]],[[[97.46,7.720000000000001],[97.53999999999999,7.720000000000001],[97.53999999999999,7.800000000000001],[97.46,7.800000000000001],[97.46,7.720000000000001]]],[[[96.5,7.800000000000001],[96.58,7.800000000000001],[96.58,7.880000000000001],[96.5,7.880000000000001],[96.5,7.800000000000001]]],[[[96.58,7.800000000000001],[96.66,7.800000000000001],[96.66,7.880000000000001],[96.58,7.880000000000001],[96.58,7.800000000000001]]],[[[96.66,7.800000000000001],[96.74,7.800000000000001],[96.74,7.880000000000001],[96.66,7.880000000000001],[96.66,7.800000000000001]]],[[[96.74,7.800000000000001],[96.82,7.800000000000001],[96.82,7.880000000000001],[96.74,7.880000000000001],[96.74,7.800000000000001]]],[[[96.82,7.800000000000001],[96.89999999999999,7.800000000000001],[96.89999999999999,7.880000000000001],[96.82,7.880000000000001],[96.82,7.800000000000001]]],[[[96.9,7.800000000000001],[96.98,7.800000000000001],[96.98,7.880000000000001],[96.9,7.880000000000001],[96.9,7.800000000000001]]],[[[96.98,7.800000000000001],[97.06,7.800000000000001],[97.06,7.880000000000001],[96.98,7.880000000000001],[96.98,7.800000000000001]]],[[[97.06,7.800000000000001],[97.14,7.800000000000001],[97.14,7.880000000000001],[97.06,7.880000000000001],[97.06,7.800000000000001]]],[[[97.14,7.800000000000001],[97.22,7.800000000000001],[97.22,7.880000000000001],[97.14,7.880000000000001],[97.14,7.800000000000001]]],[[[97.22,7.800000000000001],[97.3,7.800000000000001],[97.3,7.880000000000001],[97.22,7.880000000000001],[97.22,7.800000000000001]]],[[[97.3,7.800000000000001],[97.38,7.800000000000001],[97.38,7.880000000000001],[97.3,7.880000000000001],[97.3,7.800000000000001]]],[[[97.38,7.800000000000001],[97.46,7.800000000000001],[97.46,7.880000000000001],[97.38,7.880000000000001],[97.38,7.800000000000001]]],[[[97.46,7.800000000000001],[97.53999999999999,7.800000000000001],[97.53999999999999,7.880000000000001],[97.46,7.880000000000001],[97.46,7.800000000000001]]],[[[97.54,7.800000000000001],[97.62,7.800000000000001],[97.62,7.880000000000001],[97.54,7.880000000000001],[97.54,7.800000000000001]]],[[[98.58,7.800000000000001],[98.66,7.800000000000001],[98.66,7.880000000000001],[98.58,7.880000000000001],[98.58,7.800000000000001]]],[[[96.5,7.88],[96.58,7.88],[96.58,7.96],[96.5,7.96],[96.5,7.88]]],[[[96.58,7.88],[96.66,7.88],[96.66,7.96],[96.58,7.96],[96.58,7.88]]],[[[96.66,7.88],[96.74,7.88],[96.74,7.96],[96.66,7.96],[96.66,7.88]]],[[[96.74,7.88],[96.82,7.88],[96.82,7.96],[96.74,7.96],[96.74,7.88]]],[[[96.82,7.88],[96.89999999999999,7.88],[96.89999999999999,7.96],[96.82,7.96],[96.82,7.88]]],[[[96.9,7.88],[96.98,7.88],[96.98,7.96],[96.9,7.96],[96.9,7.88]]],[[[96.98,7.88],[97.06,7.88],[97.06,7.96],[96.98,7.96],[96.98,7.88]]],[[[97.06,7.88],[97.14,7.88],[97.14,7.96],[97.06,7.96],[97.06,7.88]]],[[[97.14,7.88],[97.22,7.88],[97.22,7.96],[97.14,7.96],[97.14,7.88]]],[[[97.22,7.88],[97.3,7.88],[97.3,7.96],[97.22,7.96],[97.22,7.88]]],[[[97.3,7.88],[97.38,7.88],[97.38,7.96],[97.3,7.96],[97.3,7.88]]],[[[97.38,7.88],[97.46,7.88],[97.46,7.96],[97.38,7.96],[97.38,7.88]]],[[[97.46,7.88],[97.53999999999999,7.88],[97.53999999999999,7.96],[97.46,7.96],[97.46,7.88]]],[[[97.54,7.88],[97.62,7.88],[97.62,7.96],[97.54,7.96],[97.54,7.88]]],[[[97.62,7.88],[97.7,7.88],[97.7,7.96],[97.62,7.96],[97.62,7.88]]],[[[98.5,7.88],[98.58,7.88],[98.58,7.96],[98.5,7.96],[98.5,7.88]]],[[[98.58,7.88],[98.66,7.88],[98.66,7.96],[98.58,7.96],[98.58,7.88]]],[[[96.5,7.96],[96.58,7.96],[96.58,8.04],[96.5,8.04],[96.5,7.96]]],[[[96.58,7.96],[96.66,7.96],[96.66,8.04],[96.58,8.04],[96.58,7.96]]],[[[96.66,7.96],[96.74,7.96],[96.74,8.04],[96.66,8.04],[96.66,7.96]]],[[[96.74,7.96],[96.82,7.96],[96.82,8.04],[96.74,8.04],[96.74,7.96]]],[[[96.82,7.96],[96.89999999999999,7.96],[96.89999999999999,8.04],[96.82,8.04],[96.82,7.96]]],[[[96.9,7.96],[96.98,7.96],[96.98,8.04],[96.9,8.04],[96.9,7.96]]],[[[96.98,7.96],[97.06,7.96],[97.06,8.04],[96.98,8.04],[96.98,7.96]]],[[[97.06,7.96],[97.14,7.96],[97.14,8.04],[97.06,8.04],[97.06,7.96]]],[[[97.14,7.96],[97.22,7.96],[97.22,8.04],[97.14,8.04],[97.14,7.96]]],[[[97.22,7.96],[97.3,7.96],[97.3,8.04],[97.22,8.04],[97.22,7.96]]],[[[97.3,7.96],[97.38,7.96],[97.38,8.04],[97.3,8.04],[97.3,7.96]]],[[[97.38,7.96],[97.46,7.96],[97.46,8.04],[97.38,8.04],[97.38,7.96]]],[[[97.46,7.96],[97.53999999999999,7.96],[97.53999999999999,8.04],[97.46,8.04],[97.46,7.96]]],[[[97.54,7.96],[97.62,7.96],[97.62,8.04],[97.54,8.04],[97.54,7.96]]],[[[97.62,7.96],[97.7,7.96],[97.7,8.04],[97.62,8.04],[97.62,7.96]]],[[[97.7,7.96],[97.78,7.96],[97.78,8.04],[97.7,8.04],[97.7,7.96]]],[[[98.5,7.96],[98.58,7.96],[98.58,8.04],[98.5,8.04],[98.5,7.96]]],[[[98.58,7.96],[98.66,7.96],[98.66,8.04],[98.58,8.04],[98.58,7.96]]],[[[96.5,8.04],[96.58,8.04],[96.58,8.12],[96.5,8.12],[96.5,8.04]]],[[[96.58,8.04],[96.66,8.04],[96.66,8.12],[96.58,8.12],[96.58,8.04]]],[[[96.66,8.04],[96.74,8.04],[96.74,8.12],[96.66,8.12],[96.66,8.04]]],[[[96.74,8.04],[96.82,8.04],[96.82,8.12],[96.74,8.12],[96.74,8.04]]],[[[96.82,8.04],[96.89999999999999,8.04],[96.89999999999999,8.12],[96.82,8.12],[96.82,8.04]]],[[[96.9,8.04],[96.98,8.04],[96.98,8.12],[96.9,8.12],[96.9,8.04]]],[[[96.98,8.04],[97.06,8.04],[97.06,8.12],[96.98,8.12],[96.98,8.04]]],[[[97.06,8.04],[97.14,8.04],[97.14,8.12],[97.06,8.12],[97.06,8.04]]],[[[97.14,8.04],[97.22,8.04],[97.22,8.12],[97.14,8.12],[97.14,8.04]]],[[[97.22,8.04],[97.3,8.04],[97.3,8.12],[97.22,8.12],[97.22,8.04]]],[[[97.3,8.04],[97.38,8.04],[97.38,8.12],[97.3,8.12],[97.3,8.04]]],[[[97.38,8.04],[97.46,8.04],[97.46,8.12],[97.38,8.12],[97.38,8.04]]],[[[97.46,8.04],[97.53999999999999,8.04],[97.53999999999999,8.12],[97.46,8.12],[97.46,8.04]]],[[[97.54,8.04],[97.62,8.04],[97.62,8.12],[97.54,8.12],[97.54,8.04]]],[[[97.62,8.04],[97.7,8.04],[97.7,8.12],[97.62,8.12],[97.62,8.04]]],[[[97.7,8.04],[97.78,8.04],[97.78,8.12],[97.7,8.12],[97.7,8.04]]],[[[97.78,8.04],[97.86,8.04],[97.86,8.12],[97.78,8.12],[97.78,8.04]]],[[[98.58,8.04],[98.66,8.04],[98.66,8.12],[98.58,8.12],[98.58,8.04]]],[[[96.5,8.120000000000001],[96.58,8.120000000000001],[96.58,8.200000000000001],[96.5,8.200000000000001],[96.5,8.120000000000001]]],[[[96.58,8.120000000000001],[96.66,8.120000000000001],[96.66,8.200000000000001],[96.58,8.200000000000001],[96.58,8.120000000000001]]],[[[96.66,8.120000000000001],[96.74,8.120000000000001],[96.74,8.200000000000001],[96.66,8.200000000000001],[96.66,8.120000000000001]]],[[[96.74,8.120000000000001],[96.82,8.120000000000001],[96.82,8.200000000000001],[96.74,8.200000000000001],[96.74,8.120000000000001]]],[[[96.82,8.120000000000001],[96.89999999999999,8.120000000000001],[96.89999999999999,8.200000000000001],[96.82,8.200000000000001],[96.82,8.120000000000001]]],[[[96.9,8.120000000000001],[96.98,8.120000000000001],[96.98,8.200000000000001],[96.9,8.200000000000001],[96.9,8.120000000000001]]],[[[96.98,8.120000000000001],[97.06,8.120000000000001],[97.06,8.200000000000001],[96.98,8.200000000000001],[96.98,8.120000000000001]]],[[[97.06,8.120000000000001],[97.14,8.120000000000001],[97.14,8.200000000000001],[97.06,8.200000000000001],[97.06,8.120000000000001]]],[[[97.14,8.120000000000001],[97.22,8.120000000000001],[97.22,8.200000000000001],[97.14,8.200000000000001],[97.14,8.120000000000001]]],[[[97.22,8.120000000000001],[97.3,8.120000000000001],[97.3,8.200000000000001],[97.22,8.200000000000001],[97.22,8.120000000000001]]],[[[97.3,8.120000000000001],[97.38,8.120000000000001],[97.38,8.200000000000001],[97.3,8.200000000000001],[97.3,8.120000000000001]]],[[[97.38,8.120000000000001],[97.46,8.120000000000001],[97.46,8.200000000000001],[97.38,8.200000000000001],[97.38,8.120000000000001]]],[[[97.46,8.120000000000001],[97.53999999999999,8.120000000000001],[97.53999999999999,8.200000000000001],[97.46,8.200000000000001],[97.46,8.120000000000001]]],[[[97.54,8.120000000000001],[97.62,8.120000000000001],[97.62,8.200000000000001],[97.54,8.200000000000001],[97.54,8.120000000000001]]],[[[97.62,8.120000000000001],[97.7,8.120000000000001],[97.7,8.200000000000001],[97.62,8.200000000000001],[97.62,8.120000000000001]]],[[[97.7,8.120000000000001],[97.78,8.120000000000001],[97.78,8.200000000000001],[97.7,8.200000000000001],[97.7,8.120000000000001]]],[[[97.78,8.120000000000001],[97.86,8.120000000000001],[97.86,8.200000000000001],[97.78,8.200000000000001],[97.78,8.120000000000001]]],[[[98.02,8.120000000000001],[98.1,8.120000000000001],[98.1,8.200000000000001],[98.02,8.200000000000001],[98.02,8.120000000000001]]],[[[98.42,8.120000000000001],[98.5,8.120000000000001],[98.5,8.200000000000001],[98.42,8.200000000000001],[98.42,8.120000000000001]]],[[[98.5,8.120000000000001],[98.58,8.120000000000001],[98.58,8.200000000000001],[98.5,8.200000000000001],[98.5,8.120000000000001]]],[[[96.5,8.2],[96.58,8.2],[96.58,8.28],[96.5,8.28],[96.5,8.2]]],[[[96.58,8.2],[96.66,8.2],[96.66,8.28],[96.58,8.28],[96.58,8.2]]],[[[96.66,8.2],[96.74,8.2],[96.74,8.28],[96.66,8.28],[96.66,8.2]]],[[[96.74,8.2],[96.82,8.2],[96.82,8.28],[96.74,8.28],[96.74,8.2]]],[[[96.82,8.2],[96.89999999999999,8.2],[96.89999999999999,8.28],[96.82,8.28],[96.82,8.2]]],[[[96.9,8.2],[96.98,8.2],[96.98,8.28],[96.9,8.28],[96.9,8.2]]],[[[96.98,8.2],[97.06,8.2],[97.06,8.28],[96.98,8.28],[96.98,8.2]]],[[[97.06,8.2],[97.14,8.2],[97.14,8.28],[97.06,8.28],[97.06,8.2]]],[[[97.14,8.2],[97.22,8.2],[97.22,8.28],[97.14,8.28],[97.14,8.2]]],[[[97.22,8.2],[97.3,8.2],[97.3,8.28],[97.22,8.28],[97.22,8.2]]],[[[97.3,8.2],[97.38,8.2],[97.38,8.28],[97.3,8.28],[97.3,8.2]]],[[[97.38,8.2],[97.46,8.2],[97.46,8.28],[97.38,8.28],[97.38,8.2]]],[[[97.46,8.2],[97.53999999999999,8.2],[97.53999999999999,8.28],[97.46,8.28],[97.46,8.2]]],[[[97.54,8.2],[97.62,8.2],[97.62,8.28],[97.54,8.28],[97.54,8.2]]],[[[97.62,8.2],[97.7,8.2],[97.7,8.28],[97.62,8.28],[97.62,8.2]]],[[[97.7,8.2],[97.78,8.2],[97.78,8.28],[97.7,8.28],[97.7,8.2]]],[[[97.78,8.2],[97.86,8.2],[97.86,8.28],[97.78,8.28],[97.78,8.2]]],[[[97.86,8.2],[97.94,8.2],[97.94,8.28],[97.86,8.28],[97.86,8.2]]],[[[97.94,8.2],[98.02,8.2],[98.02,8.28],[97.94,8.28],[97.94,8.2]]],[[[98.02,8.2],[98.1,8.2],[98.1,8.28],[98.02,8.28],[98.02,8.2]]],[[[98.1,8.2],[98.17999999999999,8.2],[98.17999999999999,8.28],[98.1,8.28],[98.1,8.2]]],[[[98.18,8.2],[98.26,8.2],[98.26,8.28],[98.18,8.28],[98.18,8.2]]],[[[98.5,8.2],[98.58,8.2],[98.58,8.28],[98.5,8.28],[98.5,8.2]]],[[[96.5,8.280000000000001],[96.58,8.280000000000001],[96.58,8.360000000000001],[96.5,8.360000000000001],[96.5,8.280000000000001]]],[[[96.58,8.280000000000001],[96.66,8.280000000000001],[96.66,8.360000000000001],[96.58,8.360000000000001],[96.58,8.280000000000001]]],[[[96.66,8.280000000000001],[96.74,8.280000000000001],[96.74,8.360000000000001],[96.66,8.360000000000001],[96.66,8.280000000000001]]],[[[96.74,8.280000000000001],[96.82,8.280000000000001],[96.82,8.360000000000001],[96.74,8.360000000000001],[96.74,8.280000000000001]]],[[[96.82,8.280000000000001],[96.89999999999999,8.280000000000001],[96.89999999999999,8.360000000000001],[96.82,8.360000000000001],[96.82,8.280000000000001]]],[[[96.9,8.280000000000001],[96.98,8.280000000000001],[96.98,8.360000000000001],[96.9,8.360000000000001],[96.9,8.280000000000001]]],[[[96.98,8.280000000000001],[97.06,8.280000000000001],[97.06,8.360000000000001],[96.98,8.360000000000001],[96.98,8.280000000000001]]],[[[97.06,8.280000000000001],[97.14,8.280000000000001],[97.14,8.360000000000001],[97.06,8.360000000000001],[97.06,8.280000000000001]]],[[[97.14,8.280000000000001],[97.22,8.280000000000001],[97.22,8.360000000000001],[97.14,8.360000000000001],[97.14,8.280000000000001]]],[[[97.22,8.280000000000001],[97.3,8.280000000000001],[97.3,8.360000000000001],[97.22,8.360000000000001],[97.22,8.280000000000001]]],[[[97.3,8.280000000000001],[97.38,8.280000000000001],[97.38,8.360000000000001],[97.3,8.360000000000001],[97.3,8.280000000000001]]],[[[97.38,8.280000000000001],[97.46,8.280000000000001],[97.46,8.360000000000001],[97.38,8.360000000000001],[97.38,8.280000000000001]]],[[[97.46,8.280000000000001],[97.53999999999999,8.280000000000001],[97.53999999999999,8.360000000000001],[97.46,8.360000000000001],[97.46,8.280000000000001]]],[[[97.54,8.280000000000001],[97.62,8.280000000000001],[97.62,8.360000000000001],[97.54,8.360000000000001],[97.54,8.280000000000001]]],[[[97.62,8.280000000000001],[97.7,8.280000000000001],[97.7,8.360000000000001],[97.62,8.360000000000001],[97.62,8.280000000000001]]],[[[97.7,8.280000000000001],[97.78,8.280000000000001],[97.78,8.360000000000001],[97.7,8.360000000000001],[97.7,8.280000000000001]]],[[[97.78,8.280000000000001],[97.86,8.280000000000001],[97.86,8.360000000000001],[97.78,8.360000000000001],[97.78,8.280000000000001]]],[[[97.86,8.280000000000001],[97.94,8.280000000000001],[97.94,8.360000000000001],[97.86,8.360000000000001],[97.86,8.280000000000001]]],[[[97.94,8.280000000000001],[98.02,8.280000000000001],[98.02,8.360000000000001],[97.94,8.360000000000001],[97.94,8.280000000000001]]],[[[98.02,8.280000000000001],[98.1,8.280000000000001],[98.1,8.360000000000001],[98.02,8.360000000000001],[98.02,8.280000000000001]]],[[[98.1,8.280000000000001],[98.17999999999999,8.280000000000001],[98.17999999999999,8.360000000000001],[98.1,8.360000000000001],[98.1,8.280000000000001]]],[[[98.18,8.280000000000001],[98.26,8.280000000000001],[98.26,8.360000000000001],[98.18,8.360000000000001],[98.18,8.280000000000001]]],[[[98.42,8.280000000000001],[98.5,8.280000000000001],[98.5,8.360000000000001],[98.42,8.360000000000001],[98.42,8.280000000000001]]],[[[98.5,8.280000000000001],[98.58,8.280000000000001],[98.58,8.360000000000001],[98.5,8.360000000000001],[98.5,8.280000000000001]]],[[[96.5,8.36],[96.58,8.36],[96.58,8.44],[96.5,8.44],[96.5,8.36]]],[[[96.58,8.36],[96.66,8.36],[96.66,8.44],[96.58,8.44],[96.58,8.36]]],[[[96.66,8.36],[96.74,8.36],[96.74,8.44],[96.66,8.44],[96.66,8.36]]],[[[96.74,8.36],[96.82,8.36],[96.82,8.44],[96.74,8.44],[96.74,8.36]]],[[[96.82,8.36],[96.89999999999999,8.36],[96.89999999999999,8.44],[96.82,8.44],[96.82,8.36]]],[[[96.9,8.36],[96.98,8.36],[96.98,8.44],[96.9,8.44],[96.9,8.36]]],[[[96.98,8.36],[97.06,8.36],[97.06,8.44],[96.98,8.44],[96.98,8.36]]],[[[97.06,8.36],[97.14,8.36],[97.14,8.44],[97.06,8.44],[97.06,8.36]]],[[[97.14,8.36],[97.22,8.36],[97.22,8.44],[97.14,8.44],[97.14,8.36]]],[[[97.22,8.36],[97.3,8.36],[97.3,8.44],[97.22,8.44],[97.22,8.36]]],[[[97.3,8.36],[97.38,8.36],[97.38,8.44],[97.3,8.44],[97.3,8.36]]],[[[97.38,8.36],[97.46,8.36],[97.46,8.44],[97.38,8.44],[97.38,8.36]]],[[[97.46,8.36],[97.53999999999999,8.36],[97.53999999999999,8.44],[97.46,8.44],[97.46,8.36]]],[[[97.54,8.36],[97.62,8.36],[97.62,8.44],[97.54,8.44],[97.54,8.36]]],[[[97.62,8.36],[97.7,8.36],[97.7,8.44],[97.62,8.44],[97.62,8.36]]],[[[97.7,8.36],[97.78,8.36],[97.78,8.44],[97.7,8.44],[97.7,8.36]]],[[[97.78,8.36],[97.86,8.36],[97.86,8.44],[97.78,8.44],[97.78,8.36]]],[[[97.86,8.36],[97.94,8.36],[97.94,8.44],[97.86,8.44],[97.86,8.36]]],[[[97.94,8.36],[98.02,8.36],[98.02,8.44],[97.94,8.44],[97.94,8.36]]],[[[98.02,8.36],[98.1,8.36],[98.1,8.44],[98.02,8.44],[98.02,8.36]]],[[[98.1,8.36],[98.17999999999999,8.36],[98.17999999999999,8.44],[98.1,8.44],[98.1,8.36]]],[[[98.18,8.36],[98.26,8.36],[98.26,8.44],[98.18,8.44],[98.18,8.36]]],[[[96.5,8.44],[96.58,8.44],[96.58,8.52],[96.5,8.52],[96.5,8.44]]],[[[96.58,8.44],[96.66,8.44],[96.66,8.52],[96.58,8.52],[96.58,8.44]]],[[[96.66,8.44],[96.74,8.44],[96.74,8.52],[96.66,8.52],[96.66,8.44]]],[[[96.74,8.44],[96.82,8.44],[96.82,8.52],[96.74,8.52],[96.74,8.44]]],[[[96.82,8.44],[96.89999999999999,8.44],[96.89999999999999,8.52],[96.82,8.52],[96.82,8.44]]],[[[96.9,8.44],[96.98,8.44],[96.98,8.52],[96.9,8.52],[96.9,8.44]]],[[[96.98,8.44],[97.06,8.44],[97.06,8.52],[96.98,8.52],[96.98,8.44]]],[[[97.06,8.44],[97.14,8.44],[97.14,8.52],[97.06,8.52],[97.06,8.44]]],[[[97.14,8.44],[97.22,8.44],[97.22,8.52],[97.14,8.52],[97.14,8.44]]],[[[97.22,8.44],[97.3,8.44],[97.3,8.52],[97.22,8.52],[97.22,8.44]]],[[[97.3,8.44],[97.38,8.44],[97.38,8.52],[97.3,8.52],[97.3,8.44]]],[[[97.38,8.44],[97.46,8.44],[97.46,8.52],[97.38,8.52],[97.38,8.44]]],[[[97.46,8.44],[97.53999999999999,8.44],[97.53999999999999,8.52],[97.46,8.52],[97.46,8.44]]],[[[97.54,8.44],[97.62,8.44],[97.62,8.52],[97.54,8.52],[97.54,8.44]]],[[[97.62,8.44],[97.7,8.44],[97.7,8.52],[97.62,8.52],[97.62,8.44]]],[[[97.7,8.44],[97.78,8.44],[97.78,8.52],[97.7,8.52],[97.7,8.44]]],[[[97.78,8.44],[97.86,8.44],[97.86,8.52],[97.78,8.52],[97.78,8.44]]],[[[97.86,8.44],[97.94,8.44],[97.94,8.52],[97.86,8.52],[97.86,8.44]]],[[[97.94,8.44],[98.02,8.44],[98.02,8.52],[97.94,8.52],[97.94,8.44]]],[[[98.02,8.44],[98.1,8.44],[98.1,8.52],[98.02,8.52],[98.02,8.44]]],[[[98.1,8.44],[98.17999999999999,8.44],[98.17999999999999,8.52],[98.1,8.52],[98.1,8.44]]],[[[98.18,8.44],[98.26,8.44],[98.26,8.52],[98.18,8.52],[98.18,8.44]]],[[[96.5,8.52],[96.58,8.52],[96.58,8.6],[96.5,8.6],[96.5,8.52]]],[[[96.58,8.52],[96.66,8.52],[96.66,8.6],[96.58,8.6],[96.58,8.52]]],[[[96.66,8.52],[96.74,8.52],[96.74,8.6],[96.66,8.6],[96.66,8.52]]],[[[96.74,8.52],[96.82,8.52],[96.82,8.6],[96.74,8.6],[96.74,8.52]]],[[[96.82,8.52],[96.89999999999999,8.52],[96.89999999999999,8.6],[96.82,8.6],[96.82,8.52]]],[[[96.9,8.52],[96.98,8.52],[96.98,8.6],[96.9,8.6],[96.9,8.52]]],[[[96.98,8.52],[97.06,8.52],[97.06,8.6],[96.98,8.6],[96.98,8.52]]],[[[97.06,8.52],[97.14,8.52],[97.14,8.6],[97.06,8.6],[97.06,8.52]]],[[[97.14,8.52],[97.22,8.52],[97.22,8.6],[97.14,8.6],[97.14,8.52]]],[[[97.22,8.52],[97.3,8.52],[97.3,8.6],[97.22,8.6],[97.22,8.52]]],[[[97.3,8.52],[97.38,8.52],[97.38,8.6],[97.3,8.6],[97.3,8.52]]],[[[97.38,8.52],[97.46,8.52],[97.46,8.6],[97.38,8.6],[97.38,8.52]]],[[[97.46,8.52],[97.53999999999999,8.52],[97.53999999999999,8.6],[97.46,8.6],[97.46,8.52]]],[[[97.54,8.52],[97.62,8.52],[97.62,8.6],[97.54,8.6],[97.54,8.52]]],[[[97.62,8.52],[97.7,8.52],[97.7,8.6],[97.62,8.6],[97.62,8.52]]],[[[97.7,8.52],[97.78,8.52],[97.78,8.6],[97.7,8.6],[97.7,8.52]]],[[[97.78,8.52],[97.86,8.52],[97.86,8.6],[97.78,8.6],[97.78,8.52]]],[[[97.86,8.52],[97.94,8.52],[97.94,8.6],[97.86,8.6],[97.86,8.52]]],[[[97.94,8.52],[98.02,8.52],[98.02,8.6],[97.94,8.6],[97.94,8.52]]],[[[98.02,8.52],[98.1,8.52],[98.1,8.6],[98.02,8.6],[98.02,8.52]]],[[[98.1,8.52],[98.17999999999999,8.52],[98.17999999999999,8.6],[98.1,8.6],[98.1,8.52]]],[[[98.18,8.52],[98.26,8.52],[98.26,8.6],[98.18,8.6],[98.18,8.52]]],[[[96.5,8.6],[96.58,8.6],[96.58,8.68],[96.5,8.68],[96.5,8.6]]],[[[96.58,8.6],[96.66,8.6],[96.66,8.68],[96.58,8.68],[96.58,8.6]]],[[[96.66,8.6],[96.74,8.6],[96.74,8.68],[96.66,8.68],[96.66,8.6]]],[[[96.74,8.6],[96.82,8.6],[96.82,8.68],[96.74,8.68],[96.74,8.6]]],[[[96.82,8.6],[96.89999999999999,8.6],[96.89999999999999,8.68],[96.82,8.68],[96.82,8.6]]],[[[96.9,8.6],[96.98,8.6],[96.98,8.68],[96.9,8.68],[96.9,8.6]]],[[[96.98,8.6],[97.06,8.6],[97.06,8.68],[96.98,8.68],[96.98,8.6]]],[[[97.06,8.6],[97.14,8.6],[97.14,8.68],[97.06,8.68],[97.06,8.6]]],[[[97.14,8.6],[97.22,8.6],[97.22,8.68],[97.14,8.68],[97.14,8.6]]],[[[97.22,8.6],[97.3,8.6],[97.3,8.68],[97.22,8.68],[97.22,8.6]]],[[[97.3,8.6],[97.38,8.6],[97.38,8.68],[97.3,8.68],[97.3,8.6]]],[[[97.38,8.6],[97.46,8.6],[97.46,8.68],[97.38,8.68],[97.38,8.6]]],[[[97.46,8.6],[97.53999999999999,8.6],[97.53999999999999,8.68],[97.46,8.68],[97.46,8.6]]],[[[97.54,8.6],[97.62,8.6],[97.62,8.68],[97.54,8.68],[97.54,8.6]]],[[[97.62,8.6],[97.7,8.6],[97.7,8.68],[97.62,8.68],[97.62,8.6]]],[[[97.7,8.6],[97.78,8.6],[97.78,8.68],[97.7,8.68],[97.7,8.6]]],[[[97.78,8.6],[97.86,8.6],[97.86,8.68],[97.78,8.68],[97.78,8.6]]],[[[97.86,8.6],[97.94,8.6],[97.94,8.68],[97.86,8.68],[97.86,8.6]]],[[[97.94,8.6],[98.02,8.6],[98.02,8.68],[97.94,8.68],[97.94,8.6]]],[[[98.02,8.6],[98.1,8.6],[98.1,8.68],[98.02,8.68],[98.02,8.6]]],[[[98.1,8.6],[98.17999999999999,8.6],[98.17999999999999,8.68],[98.1,8.68],[98.1,8.6]]],[[[98.18,8.6],[98.26,8.6],[98.26,8.68],[98.18,8.68],[98.18,8.6]]],[[[96.5,8.68],[96.58,8.68],[96.58,8.76],[96.5,8.76],[96.5,8.68]]],[[[96.58,8.68],[96.66,8.68],[96.66,8.76],[96.58,8.76],[96.58,8.68]]],[[[96.66,8.68],[96.74,8.68],[96.74,8.76],[96.66,8.76],[96.66,8.68]]],[[[96.74,8.68],[96.82,8.68],[96.82,8.76],[96.74,8.76],[96.74,8.68]]],[[[96.82,8.68],[96.89999999999999,8.68],[96.89999999999999,8.76],[96.82,8.76],[96.82,8.68]]],[[[96.9,8.68],[96.98,8.68],[96.98,8.76],[96.9,8.76],[96.9,8.68]]],[[[96.98,8.68],[97.06,8.68],[97.06,8.76],[96.98,8.76],[96.98,8.68]]],[[[97.06,8.68],[97.14,8.68],[97.14,8.76],[97.06,8.76],[97.06,8.68]]],[[[97.14,8.68],[97.22,8.68],[97.22,8.76],[97.14,8.76],[97.14,8.68]]],[[[97.22,8.68],[97.3,8.68],[97.3,8.76],[97.22,8.76],[97.22,8.68]]],[[[97.3,8.68],[97.38,8.68],[97.38,8.76],[97.3,8.76],[97.3,8.68]]],[[[97.38,8.68],[97.46,8.68],[97.46,8.76],[97.38,8.76],[97.38,8.68]]],[[[97.46,8.68],[97.53999999999999,8.68],[97.53999999999999,8.76],[97.46,8.76],[97.46,8.68]]],[[[97.54,8.68],[97.62,8.68],[97.62,8.76],[97.54,8.76],[97.54,8.68]]],[[[97.62,8.68],[97.7,8.68],[97.7,8.76],[97.62,8.76],[97.62,8.68]]],[[[97.7,8.68],[97.78,8.68],[97.78,8.76],[97.7,8.76],[97.7,8.68]]],[[[97.78,8.68],[97.86,8.68],[97.86,8.76],[97.78,8.76],[97.78,8.68]]],[[[97.86,8.68],[97.94,8.68],[97.94,8.76],[97.86,8.76],[97.86,8.68]]],[[[97.94,8.68],[98.02,8.68],[98.02,8.76],[97.94,8.76],[97.94,8.68]]],[[[98.02,8.68],[98.1,8.68],[98.1,8.76],[98.02,8.76],[98.02,8.68]]],[[[98.1,8.68],[98.17999999999999,8.68],[98.17999999999999,8.76],[98.1,8.76],[98.1,8.68]]],[[[98.18,8.68],[98.26,8.68],[98.26,8.76],[98.18,8.76],[98.18,8.68]]],[[[96.5,8.76],[96.58,8.76],[96.58,8.84],[96.5,8.84],[96.5,8.76]]],[[[96.58,8.76],[96.66,8.76],[96.66,8.84],[96.58,8.84],[96.58,8.76]]],[[[96.66,8.76],[96.74,8.76],[96.74,8.84],[96.66,8.84],[96.66,8.76]]],[[[96.74,8.76],[96.82,8.76],[96.82,8.84],[96.74,8.84],[96.74,8.76]]],[[[96.82,8.76],[96.89999999999999,8.76],[96.89999999999999,8.84],[96.82,8.84],[96.82,8.76]]],[[[96.9,8.76],[96.98,8.76],[96.98,8.84],[96.9,8.84],[96.9,8.76]]],[[[96.98,8.76],[97.06,8.76],[97.06,8.84],[96.98,8.84],[96.98,8.76]]],[[[97.06,8.76],[97.14,8.76],[97.14,8.84],[97.06,8.84],[97.06,8.76]]],[[[97.14,8.76],[97.22,8.76],[97.22,8.84],[97.14,8.84],[97.14,8.76]]],[[[97.22,8.76],[97.3,8.76],[97.3,8.84],[97.22,8.84],[97.22,8.76]]],[[[97.3,8.76],[97.38,8.76],[97.38,8.84],[97.3,8.84],[97.3,8.76]]],[[[97.38,8.76],[97.46,8.76],[97.46,8.84],[97.38,8.84],[97.38,8.76]]],[[[97.46,8.76],[97.53999999999999,8.76],[97.53999999999999,8.84],[97.46,8.84],[97.46,8.76]]],[[[97.54,8.76],[97.62,8.76],[97.62,8.84],[97.54,8.84],[97.54,8.76]]],[[[97.62,8.76],[97.7,8.76],[97.7,8.84],[97.62,8.84],[97.62,8.76]]],[[[97.7,8.76],[97.78,8.76],[97.78,8.84],[97.7,8.84],[97.7,8.76]]],[[[97.78,8.76],[97.86,8.76],[97.86,8.84],[97.78,8.84],[97.78,8.76]]],[[[97.86,8.76],[97.94,8.76],[97.94,8.84],[97.86,8.84],[97.86,8.76]]],[[[97.94,8.76],[98.02,8.76],[98.02,8.84],[97.94,8.84],[97.94,8.76]]],[[[98.02,8.76],[98.1,8.76],[98.1,8.84],[98.02,8.84],[98.02,8.76]]],[[[98.1,8.76],[98.17999999999999,8.76],[98.17999999999999,8.84],[98.1,8.84],[98.1,8.76]]],[[[98.18,8.76],[98.26,8.76],[98.26,8.84],[98.18,8.84],[98.18,8.76]]],[[[96.5,8.84],[96.58,8.84],[96.58,8.92],[96.5,8.92],[96.5,8.84]]],[[[96.58,8.84],[96.66,8.84],[96.66,8.92],[96.58,8.92],[96.58,8.84]]],[[[96.66,8.84],[96.74,8.84],[96.74,8.92],[96.66,8.92],[96.66,8.84]]],[[[96.74,8.84],[96.82,8.84],[96.82,8.92],[96.74,8.92],[96.74,8.84]]],[[[96.82,8.84],[96.89999999999999,8.84],[96.89999999999999,8.92],[96.82,8.92],[96.82,8.84]]],[[[96.9,8.84],[96.98,8.84],[96.98,8.92],[96.9,8.92],[96.9,8.84]]],[[[96.98,8.84],[97.06,8.84],[97.06,8.92],[96.98,8.92],[96.98,8.84]]],[[[97.06,8.84],[97.14,8.84],[97.14,8.92],[97.06,8.92],[97.06,8.84]]],[[[97.14,8.84],[97.22,8.84],[97.22,8.92],[97.14,8.92],[97.14,8.84]]],[[[97.22,8.84],[97.3,8.84],[97.3,8.92],[97.22,8.92],[97.22,8.84]]],[[[97.3,8.84],[97.38,8.84],[97.38,8.92],[97.3,8.92],[97.3,8.84]]],[[[97.38,8.84],[97.46,8.84],[97.46,8.92],[97.38,8.92],[97.38,8.84]]],[[[97.46,8.84],[97.53999999999999,8.84],[97.53999999999999,8.92],[97.46,8.92],[97.46,8.84]]],[[[97.54,8.84],[97.62,8.84],[97.62,8.92],[97.54,8.92],[97.54,8.84]]],[[[97.62,8.84],[97.7,8.84],[97.7,8.92],[97.62,8.92],[97.62,8.84]]],[[[97.7,8.84],[97.78,8.84],[97.78,8.92],[97.7,8.92],[97.7,8.84]]],[[[97.78,8.84],[97.86,8.84],[97.86,8.92],[97.78,8.92],[97.78,8.84]]],[[[97.86,8.84],[97.94,8.84],[97.94,8.92],[97.86,8.92],[97.86,8.84]]],[[[97.94,8.84],[98.02,8.84],[98.02,8.92],[97.94,8.92],[97.94,8.84]]],[[[98.02,8.84],[98.1,8.84],[98.1,8.92],[98.02,8.92],[98.02,8.84]]],[[[98.1,8.84],[98.17999999999999,8.84],[98.17999999999999,8.92],[98.1,8.92],[98.1,8.84]]],[[[98.18,8.84],[98.26,8.84],[98.26,8.92],[98.18,8.92],[98.18,8.84]]],[[[96.5,8.92],[96.58,8.92],[96.58,9],[96.5,9],[96.5,8.92]]],[[[96.58,8.92],[96.66,8.92],[96.66,9],[96.58,9],[96.58,8.92]]],[[[96.66,8.92],[96.74,8.92],[96.74,9],[96.66,9],[96.66,8.92]]],[[[96.74,8.92],[96.82,8.92],[96.82,9],[96.74,9],[96.74,8.92]]],[[[96.82,8.92],[96.89999999999999,8.92],[96.89999999999999,9],[96.82,9],[96.82,8.92]]],[[[96.9,8.92],[96.98,8.92],[96.98,9],[96.9,9],[96.9,8.92]]],[[[96.98,8.92],[97.06,8.92],[97.06,9],[96.98,9],[96.98,8.92]]],[[[97.06,8.92],[97.14,8.92],[97.14,9],[97.06,9],[97.06,8.92]]],[[[97.14,8.92],[97.22,8.92],[97.22,9],[97.14,9],[97.14,8.92]]],[[[97.22,8.92],[97.3,8.92],[97.3,9],[97.22,9],[97.22,8.92]]],[[[97.3,8.92],[97.38,8.92],[97.38,9],[97.3,9],[97.3,8.92]]],[[[97.38,8.92],[97.46,8.92],[97.46,9],[97.38,9],[97.38,8.92]]],[[[97.46,8.92],[97.53999999999999,8.92],[97.53999999999999,9],[97.46,9],[97.46,8.92]]],[[[97.54,8.92],[97.62,8.92],[97.62,9],[97.54,9],[97.54,8.92]]],[[[97.62,8.92],[97.7,8.92],[97.7,9],[97.62,9],[97.62,8.92]]],[[[97.7,8.92],[97.78,8.92],[97.78,9],[97.7,9],[97.7,8.92]]],[[[97.78,8.92],[97.86,8.92],[97.86,9],[97.78,9],[97.78,8.92]]],[[[97.86,8.92],[97.94,8.92],[97.94,9],[97.86,9],[97.86,8.92]]],[[[97.94,8.92],[98.02,8.92],[98.02,9],[97.94,9],[97.94,8.92]]],[[[98.02,8.92],[98.1,8.92],[98.1,9],[98.02,9],[98.02,8.92]]],[[[98.1,8.92],[98.17999999999999,8.92],[98.17999999999999,9],[98.1,9],[98.1,8.92]]],[[[98.18,8.92],[98.26,8.92],[98.26,9],[98.18,9],[98.18,8.92]]],[[[96.5,9],[96.58,9],[96.58,9.08],[96.5,9.08],[96.5,9]]],[[[96.58,9],[96.66,9],[96.66,9.08],[96.58,9.08],[96.58,9]]],[[[96.66,9],[96.74,9],[96.74,9.08],[96.66,9.08],[96.66,9]]],[[[96.74,9],[96.82,9],[96.82,9.08],[96.74,9.08],[96.74,9]]],[[[96.82,9],[96.89999999999999,9],[96.89999999999999,9.08],[96.82,9.08],[96.82,9]]],[[[96.9,9],[96.98,9],[96.98,9.08],[96.9,9.08],[96.9,9]]],[[[96.98,9],[97.06,9],[97.06,9.08],[96.98,9.08],[96.98,9]]],[[[97.06,9],[97.14,9],[97.14,9.08],[97.06,9.08],[97.06,9]]],[[[97.14,9],[97.22,9],[97.22,9.08],[97.14,9.08],[97.14,9]]],[[[97.22,9],[97.3,9],[97.3,9.08],[97.22,9.08],[97.22,9]]],[[[97.3,9],[97.38,9],[97.38,9.08],[97.3,9.08],[97.3,9]]],[[[97.38,9],[97.46,9],[97.46,9.08],[97.38,9.08],[97.38,9]]],[[[97.46,9],[97.53999999999999,9],[97.53999999999999,9.08],[97.46,9.08],[97.46,9]]],[[[97.54,9],[97.62,9],[97.62,9.08],[97.54,9.08],[97.54,9]]],[[[97.62,9],[97.7,9],[97.7,9.08],[97.62,9.08],[97.62,9]]],[[[97.7,9],[97.78,9],[97.78,9.08],[97.7,9.08],[97.7,9]]],[[[97.78,9],[97.86,9],[97.86,9.08],[97.78,9.08],[97.78,9]]],[[[97.86,9],[97.94,9],[97.94,9.08],[97.86,9.08],[97.86,9]]],[[[97.94,9],[98.02,9],[98.02,9.08],[97.94,9.08],[97.94,9]]],[[[98.02,9],[98.1,9],[98.1,9.08],[98.02,9.08],[98.02,9]]],[[[98.1,9],[98.17999999999999,9],[98.17999999999999,9.08],[98.1,9.08],[98.1,9]]],[[[98.18,9],[98.26,9],[98.26,9.08],[98.18,9.08],[98.18,9]]],[[[96.5,9.08],[96.58,9.08],[96.58,9.16],[96.5,9.16],[96.5,9.08]]],[[[96.58,9.08],[96.66,9.08],[96.66,9.16],[96.58,9.16],[96.58,9.08]]],[[[96.66,9.08],[96.74,9.08],[96.74,9.16],[96.66,9.16],[96.66,9.08]]],[[[96.74,9.08],[96.82,9.08],[96.82,9.16],[96.74,9.16],[96.74,9.08]]],[[[96.82,9.08],[96.89999999999999,9.08],[96.89999999999999,9.16],[96.82,9.16],[96.82,9.08]]],[[[96.9,9.08],[96.98,9.08],[96.98,9.16],[96.9,9.16],[96.9,9.08]]],[[[96.98,9.08],[97.06,9.08],[97.06,9.16],[96.98,9.16],[96.98,9.08]]],[[[97.06,9.08],[97.14,9.08],[97.14,9.16],[97.06,9.16],[97.06,9.08]]],[[[97.14,9.08],[97.22,9.08],[97.22,9.16],[97.14,9.16],[97.14,9.08]]],[[[97.22,9.08],[97.3,9.08],[97.3,9.16],[97.22,9.16],[97.22,9.08]]],[[[97.3,9.08],[97.38,9.08],[97.38,9.16],[97.3,9.16],[97.3,9.08]]],[[[97.38,9.08],[97.46,9.08],[97.46,9.16],[97.38,9.16],[97.38,9.08]]],[[[97.46,9.08],[97.53999999999999,9.08],[97.53999999999999,9.16],[97.46,9.16],[97.46,9.08]]],[[[97.54,9.08],[97.62,9.08],[97.62,9.16],[97.54,9.16],[97.54,9.08]]],[[[97.62,9.08],[97.7,9.08],[97.7,9.16],[97.62,9.16],[97.62,9.08]]],[[[97.7,9.08],[97.78,9.08],[97.78,9.16],[97.7,9.16],[97.7,9.08]]],[[[97.78,9.08],[97.86,9.08],[97.86,9.16],[97.78,9.16],[97.78,9.08]]],[[[97.86,9.08],[97.94,9.08],[97.94,9.16],[97.86,9.16],[97.86,9.08]]],[[[97.94,9.08],[98.02,9.08],[98.02,9.16],[97.94,9.16],[97.94,9.08]]],[[[98.02,9.08],[98.1,9.08],[98.1,9.16],[98.02,9.16],[98.02,9.08]]],[[[98.1,9.08],[98.17999999999999,9.08],[98.17999999999999,9.16],[98.1,9.16],[98.1,9.08]]],[[[98.18,9.08],[98.26,9.08],[98.26,9.16],[98.18,9.16],[98.18,9.08]]],[[[96.5,9.16],[96.58,9.16],[96.58,9.24],[96.5,9.24],[96.5,9.16]]],[[[96.58,9.16],[96.66,9.16],[96.66,9.24],[96.58,9.24],[96.58,9.16]]],[[[96.66,9.16],[96.74,9.16],[96.74,9.24],[96.66,9.24],[96.66,9.16]]],[[[96.74,9.16],[96.82,9.16],[96.82,9.24],[96.74,9.24],[96.74,9.16]]],[[[96.82,9.16],[96.89999999999999,9.16],[96.89999999999999,9.24],[96.82,9.24],[96.82,9.16]]],[[[96.9,9.16],[96.98,9.16],[96.98,9.24],[96.9,9.24],[96.9,9.16]]],[[[96.98,9.16],[97.06,9.16],[97.06,9.24],[96.98,9.24],[96.98,9.16]]],[[[97.06,9.16],[97.14,9.16],[97.14,9.24],[97.06,9.24],[97.06,9.16]]],[[[97.14,9.16],[97.22,9.16],[97.22,9.24],[97.14,9.24],[97.14,9.16]]],[[[97.22,9.16],[97.3,9.16],[97.3,9.24],[97.22,9.24],[97.22,9.16]]],[[[97.3,9.16],[97.38,9.16],[97.38,9.24],[97.3,9.24],[97.3,9.16]]],[[[97.38,9.16],[97.46,9.16],[97.46,9.24],[97.38,9.24],[97.38,9.16]]],[[[97.46,9.16],[97.53999999999999,9.16],[97.53999999999999,9.24],[97.46,9.24],[97.46,9.16]]],[[[97.54,9.16],[97.62,9.16],[97.62,9.24],[97.54,9.24],[97.54,9.16]]],[[[97.62,9.16],[97.7,9.16],[97.7,9.24],[97.62,9.24],[97.62,9.16]]],[[[97.7,9.16],[97.78,9.16],[97.78,9.24],[97.7,9.24],[97.7,9.16]]],[[[97.78,9.16],[97.86,9.16],[97.86,9.24],[97.78,9.24],[97.78,9.16]]],[[[97.86,9.16],[97.94,9.16],[97.94,9.24],[97.86,9.24],[97.86,9.16]]],[[[97.94,9.16],[98.02,9.16],[98.02,9.24],[97.94,9.24],[97.94,9.16]]],[[[98.02,9.16],[98.1,9.16],[98.1,9.24],[98.02,9.24],[98.02,9.16]]],[[[98.1,9.16],[98.17999999999999,9.16],[98.17999999999999,9.24],[98.1,9.24],[98.1,9.16]]],[[[98.18,9.16],[98.26,9.16],[98.26,9.24],[98.18,9.24],[98.18,9.16]]],[[[98.26,9.16],[98.34,9.16],[98.34,9.24],[98.26,9.24],[98.26,9.16]]],[[[96.5,9.24],[96.58,9.24],[96.58,9.32],[96.5,9.32],[96.5,9.24]]],[[[96.58,9.24],[96.66,9.24],[96.66,9.32],[96.58,9.32],[96.58,9.24]]],[[[96.66,9.24],[96.74,9.24],[96.74,9.32],[96.66,9.32],[96.66,9.24]]],[[[96.74,9.24],[96.82,9.24],[96.82,9.32],[96.74,9.32],[96.74,9.24]]],[[[96.82,9.24],[96.89999999999999,9.24],[96.89999999999999,9.32],[96.82,9.32],[96.82,9.24]]],[[[96.9,9.24],[96.98,9.24],[96.98,9.32],[96.9,9.32],[96.9,9.24]]],[[[96.98,9.24],[97.06,9.24],[97.06,9.32],[96.98,9.32],[96.98,9.24]]],[[[97.06,9.24],[97.14,9.24],[97.14,9.32],[97.06,9.32],[97.06,9.24]]],[[[97.14,9.24],[97.22,9.24],[97.22,9.32],[97.14,9.32],[97.14,9.24]]],[[[97.22,9.24],[97.3,9.24],[97.3,9.32],[97.22,9.32],[97.22,9.24]]],[[[97.3,9.24],[97.38,9.24],[97.38,9.32],[97.3,9.32],[97.3,9.24]]],[[[97.38,9.24],[97.46,9.24],[97.46,9.32],[97.38,9.32],[97.38,9.24]]],[[[97.46,9.24],[97.53999999999999,9.24],[97.53999999999999,9.32],[97.46,9.32],[97.46,9.24]]],[[[97.54,9.24],[97.62,9.24],[97.62,9.32],[97.54,9.32],[97.54,9.24]]],[[[97.62,9.24],[97.7,9.24],[97.7,9.32],[97.62,9.32],[97.62,9.24]]],[[[97.7,9.24],[97.78,9.24],[97.78,9.32],[97.7,9.32],[97.7,9.24]]],[[[97.78,9.24],[97.86,9.24],[97.86,9.32],[97.78,9.32],[97.78,9.24]]],[[[97.86,9.24],[97.94,9.24],[97.94,9.32],[97.86,9.32],[97.86,9.24]]],[[[97.94,9.24],[98.02,9.24],[98.02,9.32],[97.94,9.32],[97.94,9.24]]],[[[98.02,9.24],[98.1,9.24],[98.1,9.32],[98.02,9.32],[98.02,9.24]]],[[[98.1,9.24],[98.17999999999999,9.24],[98.17999999999999,9.32],[98.1,9.32],[98.1,9.24]]],[[[98.18,9.24],[98.26,9.24],[98.26,9.32],[98.18,9.32],[98.18,9.24]]],[[[98.26,9.24],[98.34,9.24],[98.34,9.32],[98.26,9.32],[98.26,9.24]]],[[[96.5,9.32],[96.58,9.32],[96.58,9.4],[96.5,9.4],[96.5,9.32]]],[[[96.58,9.32],[96.66,9.32],[96.66,9.4],[96.58,9.4],[96.58,9.32]]],[[[96.66,9.32],[96.74,9.32],[96.74,9.4],[96.66,9.4],[96.66,9.32]]],[[[96.74,9.32],[96.82,9.32],[96.82,9.4],[96.74,9.4],[96.74,9.32]]],[[[96.82,9.32],[96.89999999999999,9.32],[96.89999999999999,9.4],[96.82,9.4],[96.82,9.32]]],[[[96.9,9.32],[96.98,9.32],[96.98,9.4],[96.9,9.4],[96.9,9.32]]],[[[96.98,9.32],[97.06,9.32],[97.06,9.4],[96.98,9.4],[96.98,9.32]]],[[[97.06,9.32],[97.14,9.32],[97.14,9.4],[97.06,9.4],[97.06,9.32]]],[[[97.14,9.32],[97.22,9.32],[97.22,9.4],[97.14,9.4],[97.14,9.32]]],[[[97.22,9.32],[97.3,9.32],[97.3,9.4],[97.22,9.4],[97.22,9.32]]],[[[97.3,9.32],[97.38,9.32],[97.38,9.4],[97.3,9.4],[97.3,9.32]]],[[[97.38,9.32],[97.46,9.32],[97.46,9.4],[97.38,9.4],[97.38,9.32]]],[[[97.46,9.32],[97.53999999999999,9.32],[97.53999999999999,9.4],[97.46,9.4],[97.46,9.32]]],[[[97.54,9.32],[97.62,9.32],[97.62,9.4],[97.54,9.4],[97.54,9.32]]],[[[97.62,9.32],[97.7,9.32],[97.7,9.4],[97.62,9.4],[97.62,9.32]]],[[[97.7,9.32],[97.78,9.32],[97.78,9.4],[97.7,9.4],[97.7,9.32]]],[[[97.78,9.32],[97.86,9.32],[97.86,9.4],[97.78,9.4],[97.78,9.32]]],[[[97.86,9.32],[97.94,9.32],[97.94,9.4],[97.86,9.4],[97.86,9.32]]],[[[97.94,9.32],[98.02,9.32],[98.02,9.4],[97.94,9.4],[97.94,9.32]]],[[[98.02,9.32],[98.1,9.32],[98.1,9.4],[98.02,9.4],[98.02,9.32]]],[[[98.1,9.32],[98.17999999999999,9.32],[98.17999999999999,9.4],[98.1,9.4],[98.1,9.32]]],[[[98.18,9.32],[98.26,9.32],[98.26,9.4],[98.18,9.4],[98.18,9.32]]],[[[98.26,9.32],[98.34,9.32],[98.34,9.4],[98.26,9.4],[98.26,9.32]]],[[[96.5,9.4],[96.58,9.4],[96.58,9.48],[96.5,9.48],[96.5,9.4]]],[[[96.58,9.4],[96.66,9.4],[96.66,9.48],[96.58,9.48],[96.58,9.4]]],[[[96.66,9.4],[96.74,9.4],[96.74,9.48],[96.66,9.48],[96.66,9.4]]],[[[96.74,9.4],[96.82,9.4],[96.82,9.48],[96.74,9.48],[96.74,9.4]]],[[[96.82,9.4],[96.89999999999999,9.4],[96.89999999999999,9.48],[96.82,9.48],[96.82,9.4]]],[[[96.9,9.4],[96.98,9.4],[96.98,9.48],[96.9,9.48],[96.9,9.4]]],[[[96.98,9.4],[97.06,9.4],[97.06,9.48],[96.98,9.48],[96.98,9.4]]],[[[97.06,9.4],[97.14,9.4],[97.14,9.48],[97.06,9.48],[97.06,9.4]]],[[[97.14,9.4],[97.22,9.4],[97.22,9.48],[97.14,9.48],[97.14,9.4]]],[[[97.22,9.4],[97.3,9.4],[97.3,9.48],[97.22,9.48],[97.22,9.4]]],[[[97.3,9.4],[97.38,9.4],[97.38,9.48],[97.3,9.48],[97.3,9.4]]],[[[97.38,9.4],[97.46,9.4],[97.46,9.48],[97.38,9.48],[97.38,9.4]]],[[[97.46,9.4],[97.53999999999999,9.4],[97.53999999999999,9.48],[97.46,9.48],[97.46,9.4]]],[[[97.54,9.4],[97.62,9.4],[97.62,9.48],[97.54,9.48],[97.54,9.4]]],[[[97.62,9.4],[97.7,9.4],[97.7,9.48],[97.62,9.48],[97.62,9.4]]],[[[97.7,9.4],[97.78,9.4],[97.78,9.48],[97.7,9.48],[97.7,9.4]]],[[[97.78,9.4],[97.86,9.4],[97.86,9.48],[97.78,9.48],[97.78,9.4]]],[[[96.5,9.48],[96.58,9.48],[96.58,9.56],[96.5,9.56],[96.5,9.48]]],[[[96.58,9.48],[96.66,9.48],[96.66,9.56],[96.58,9.56],[96.58,9.48]]],[[[96.66,9.48],[96.74,9.48],[96.74,9.56],[96.66,9.56],[96.66,9.48]]],[[[96.74,9.48],[96.82,9.48],[96.82,9.56],[96.74,9.56],[96.74,9.48]]],[[[96.82,9.48],[96.89999999999999,9.48],[96.89999999999999,9.56],[96.82,9.56],[96.82,9.48]]],[[[96.9,9.48],[96.98,9.48],[96.98,9.56],[96.9,9.56],[96.9,9.48]]],[[[96.98,9.48],[97.06,9.48],[97.06,9.56],[96.98,9.56],[96.98,9.48]]],[[[97.06,9.48],[97.14,9.48],[97.14,9.56],[97.06,9.56],[97.06,9.48]]],[[[97.14,9.48],[97.22,9.48],[97.22,9.56],[97.14,9.56],[97.14,9.48]]],[[[97.22,9.48],[97.3,9.48],[97.3,9.56],[97.22,9.56],[97.22,9.48]]],[[[97.3,9.48],[97.38,9.48],[97.38,9.56],[97.3,9.56],[97.3,9.48]]],[[[97.38,9.48],[97.46,9.48],[97.46,9.56],[97.38,9.56],[97.38,9.48]]],[[[97.46,9.48],[97.53999999999999,9.48],[97.53999999999999,9.56],[97.46,9.56],[97.46,9.48]]],[[[96.5,9.56],[96.58,9.56],[96.58,9.64],[96.5,9.64],[96.5,9.56]]],[[[96.58,9.56],[96.66,9.56],[96.66,9.64],[96.58,9.64],[96.58,9.56]]],[[[96.66,9.56],[96.74,9.56],[96.74,9.64],[96.66,9.64],[96.66,9.56]]],[[[96.74,9.56],[96.82,9.56],[96.82,9.64],[96.74,9.64],[96.74,9.56]]],[[[96.82,9.56],[96.89999999999999,9.56],[96.89999999999999,9.64],[96.82,9.64],[96.82,9.56]]],[[[96.9,9.56],[96.98,9.56],[96.98,9.64],[96.9,9.64],[96.9,9.56]]],[[[96.98,9.56],[97.06,9.56],[97.06,9.64],[96.98,9.64],[96.98,9.56]]],[[[97.06,9.56],[97.14,9.56],[97.14,9.64],[97.06,9.64],[97.06,9.56]]],[[[97.14,9.56],[97.22,9.56],[97.22,9.64],[97.14,9.64],[97.14,9.56]]],[[[97.22,9.56],[97.3,9.56],[97.3,9.64],[97.22,9.64],[97.22,9.56]]],[[[97.3,9.56],[97.38,9.56],[97.38,9.64],[97.3,9.64],[97.3,9.56]]],[[[96.5,9.64],[96.58,9.64],[96.58,9.72],[96.5,9.72],[96.5,9.64]]],[[[96.58,9.64],[96.66,9.64],[96.66,9.72],[96.58,9.72],[96.58,9.64]]],[[[96.66,9.64],[96.74,9.64],[96.74,9.72],[96.66,9.72],[96.66,9.64]]],[[[96.74,9.64],[96.82,9.64],[96.82,9.72],[96.74,9.72],[96.74,9.64]]],[[[96.82,9.64],[96.89999999999999,9.64],[96.89999999999999,9.72],[96.82,9.72],[96.82,9.64]]],[[[96.9,9.64],[96.98,9.64],[96.98,9.72],[96.9,9.72],[96.9,9.64]]],[[[96.98,9.64],[97.06,9.64],[97.06,9.72],[96.98,9.72],[96.98,9.64]]],[[[97.06,9.64],[97.14,9.64],[97.14,9.72],[97.06,9.72],[97.06,9.64]]],[[[97.14,9.64],[97.22,9.64],[97.22,9.72],[97.14,9.72],[97.14,9.64]]],[[[97.22,9.64],[97.3,9.64],[97.3,9.72],[97.22,9.72],[97.22,9.64]]],[[[96.5,9.719999999999999],[96.58,9.719999999999999],[96.58,9.799999999999999],[96.5,9.799999999999999],[96.5,9.719999999999999]]],[[[96.58,9.719999999999999],[96.66,9.719999999999999],[96.66,9.799999999999999],[96.58,9.799999999999999],[96.58,9.719999999999999]]],[[[96.66,9.719999999999999],[96.74,9.719999999999999],[96.74,9.799999999999999],[96.66,9.799999999999999],[96.66,9.719999999999999]]],[[[96.74,9.719999999999999],[96.82,9.719999999999999],[96.82,9.799999999999999],[96.74,9.799999999999999],[96.74,9.719999999999999]]],[[[96.82,9.719999999999999],[96.89999999999999,9.719999999999999],[96.89999999999999,9.799999999999999],[96.82,9.799999999999999],[96.82,9.719999999999999]]],[[[96.9,9.719999999999999],[96.98,9.719999999999999],[96.98,9.799999999999999],[96.9,9.799999999999999],[96.9,9.719999999999999]]],[[[96.98,9.719999999999999],[97.06,9.719999999999999],[97.06,9.799999999999999],[96.98,9.799999999999999],[96.98,9.719999999999999]]],[[[97.06,9.719999999999999],[97.14,9.719999999999999],[97.14,9.799999999999999],[97.06,9.799999999999999],[97.06,9.719999999999999]]],[[[97.14,9.719999999999999],[97.22,9.719999999999999],[97.22,9.799999999999999],[97.14,9.799999999999999],[97.14,9.719999999999999]]],[[[96.5,9.8],[96.58,9.8],[96.58,9.88],[96.5,9.88],[96.5,9.8]]],[[[96.58,9.8],[96.66,9.8],[96.66,9.88],[96.58,9.88],[96.58,9.8]]],[[[96.66,9.8],[96.74,9.8],[96.74,9.88],[96.66,9.88],[96.66,9.8]]],[[[96.74,9.8],[96.82,9.8],[96.82,9.88],[96.74,9.88],[96.74,9.8]]],[[[96.82,9.8],[96.89999999999999,9.8],[96.89999999999999,9.88],[96.82,9.88],[96.82,9.8]]],[[[96.9,9.8],[96.98,9.8],[96.98,9.88],[96.9,9.88],[96.9,9.8]]],[[[96.98,9.8],[97.06,9.8],[97.06,9.88],[96.98,9.88],[96.98,9.8]]],[[[97.06,9.8],[97.14,9.8],[97.14,9.88],[97.06,9.88],[97.06,9.8]]],[[[96.5,9.879999999999999],[96.58,9.879999999999999],[96.58,9.959999999999999],[96.5,9.959999999999999],[96.5,9.879999999999999]]],[[[96.58,9.879999999999999],[96.66,9.879999999999999],[96.66,9.959999999999999],[96.58,9.959999999999999],[96.58,9.879999999999999]]],[[[96.66,9.879999999999999],[96.74,9.879999999999999],[96.74,9.959999999999999],[96.66,9.959999999999999],[96.66,9.879999999999999]]],[[[96.74,9.879999999999999],[96.82,9.879999999999999],[96.82,9.959999999999999],[96.74,9.959999999999999],[96.74,9.879999999999999]]],[[[96.82,9.879999999999999],[96.89999999999999,9.879999999999999],[96.89999999999999,9.959999999999999],[96.82,9.959999999999999],[96.82,9.879999999999999]]],[[[96.9,9.879999999999999],[96.98,9.879999999999999],[96.98,9.959999999999999],[96.9,9.959999999999999],[96.9,9.879999999999999]]],[[[96.5,9.96],[96.58,9.96],[96.58,10.040000000000001],[96.5,10.040000000000001],[96.5,9.96]]],[[[96.58,9.96],[96.66,9.96],[96.66,10.040000000000001],[96.58,10.040000000000001],[96.58,9.96]]],[[[96.66,9.96],[96.74,9.96],[96.74,10.040000000000001],[96.66,10.040000000000001],[96.66,9.96]]],[[[96.74,9.96],[96.82,9.96],[96.82,10.040000000000001],[96.74,10.040000000000001],[96.74,9.96]]],[[[96.82,9.96],[96.89999999999999,9.96],[96.89999999999999,10.040000000000001],[96.82,10.040000000000001],[96.82,9.96]]],[[[96.5,10.04],[96.58,10.04],[96.58,10.12],[96.5,10.12],[96.5,10.04]]],[[[96.58,10.04],[96.66,10.04],[96.66,10.12],[96.58,10.12],[96.58,10.04]]],[[[96.66,10.04],[96.74,10.04],[96.74,10.12],[96.66,10.12],[96.66,10.04]]],[[[96.5,10.120000000000001],[96.58,10.120000000000001],[96.58,10.200000000000001],[96.5,10.200000000000001],[96.5,10.120000000000001]]],[[[96.58,10.120000000000001],[96.66,10.120000000000001],[96.66,10.200000000000001],[96.58,10.200000000000001],[96.58,10.120000000000001]]]]}},{"type":"Feature","properties":{"region_id":"TH-76","region_iso":"TH-76","region_shape_id":"36821470B90667358259218","region_name":"Phetchaburi","region_name_local":"Phetchaburi","adm_level":"ADM1","zone_hint":"GOT","geometry_kind":"derived_marine_admin_polygon","derivation":"nearest_coastal_province_on_regular_sea_grid","cell_count":895,"cell_size_deg":0.08},"geometry":{"type":"MultiPolygon","coordinates":[[[[97.86,11.96],[97.94,11.96],[97.94,12.040000000000001],[97.86,12.040000000000001],[97.86,11.96]]],[[[97.94,11.96],[98.02,11.96],[98.02,12.040000000000001],[97.94,12.040000000000001],[97.94,11.96]]],[[[98.02,11.96],[98.1,11.96],[98.1,12.040000000000001],[98.02,12.040000000000001],[98.02,11.96]]],[[[98.1,11.96],[98.17999999999999,11.96],[98.17999999999999,12.040000000000001],[98.1,12.040000000000001],[98.1,11.96]]],[[[98.18,11.96],[98.26,11.96],[98.26,12.040000000000001],[98.18,12.040000000000001],[98.18,11.96]]],[[[97.3,12.04],[97.38,12.04],[97.38,12.12],[97.3,12.12],[97.3,12.04]]],[[[97.38,12.04],[97.46,12.04],[97.46,12.12],[97.38,12.12],[97.38,12.04]]],[[[97.46,12.04],[97.53999999999999,12.04],[97.53999999999999,12.12],[97.46,12.12],[97.46,12.04]]],[[[97.54,12.04],[97.62,12.04],[97.62,12.12],[97.54,12.12],[97.54,12.04]]],[[[97.62,12.04],[97.7,12.04],[97.7,12.12],[97.62,12.12],[97.62,12.04]]],[[[97.7,12.04],[97.78,12.04],[97.78,12.12],[97.7,12.12],[97.7,12.04]]],[[[97.78,12.04],[97.86,12.04],[97.86,12.12],[97.78,12.12],[97.78,12.04]]],[[[97.86,12.04],[97.94,12.04],[97.94,12.12],[97.86,12.12],[97.86,12.04]]],[[[97.94,12.04],[98.02,12.04],[98.02,12.12],[97.94,12.12],[97.94,12.04]]],[[[98.02,12.04],[98.1,12.04],[98.1,12.12],[98.02,12.12],[98.02,12.04]]],[[[98.1,12.04],[98.17999999999999,12.04],[98.17999999999999,12.12],[98.1,12.12],[98.1,12.04]]],[[[98.18,12.04],[98.26,12.04],[98.26,12.12],[98.18,12.12],[98.18,12.04]]],[[[98.26,12.04],[98.34,12.04],[98.34,12.12],[98.26,12.12],[98.26,12.04]]],[[[98.34,12.04],[98.42,12.04],[98.42,12.12],[98.34,12.12],[98.34,12.04]]],[[[96.82,12.120000000000001],[96.89999999999999,12.120000000000001],[96.89999999999999,12.200000000000001],[96.82,12.200000000000001],[96.82,12.120000000000001]]],[[[96.9,12.120000000000001],[96.98,12.120000000000001],[96.98,12.200000000000001],[96.9,12.200000000000001],[96.9,12.120000000000001]]],[[[96.98,12.120000000000001],[97.06,12.120000000000001],[97.06,12.200000000000001],[96.98,12.200000000000001],[96.98,12.120000000000001]]],[[[97.06,12.120000000000001],[97.14,12.120000000000001],[97.14,12.200000000000001],[97.06,12.200000000000001],[97.06,12.120000000000001]]],[[[97.14,12.120000000000001],[97.22,12.120000000000001],[97.22,12.200000000000001],[97.14,12.200000000000001],[97.14,12.120000000000001]]],[[[97.22,12.120000000000001],[97.3,12.120000000000001],[97.3,12.200000000000001],[97.22,12.200000000000001],[97.22,12.120000000000001]]],[[[97.3,12.120000000000001],[97.38,12.120000000000001],[97.38,12.200000000000001],[97.3,12.200000000000001],[97.3,12.120000000000001]]],[[[97.38,12.120000000000001],[97.46,12.120000000000001],[97.46,12.200000000000001],[97.38,12.200000000000001],[97.38,12.120000000000001]]],[[[97.46,12.120000000000001],[97.53999999999999,12.120000000000001],[97.53999999999999,12.200000000000001],[97.46,12.200000000000001],[97.46,12.120000000000001]]],[[[97.54,12.120000000000001],[97.62,12.120000000000001],[97.62,12.200000000000001],[97.54,12.200000000000001],[97.54,12.120000000000001]]],[[[97.62,12.120000000000001],[97.7,12.120000000000001],[97.7,12.200000000000001],[97.62,12.200000000000001],[97.62,12.120000000000001]]],[[[97.7,12.120000000000001],[97.78,12.120000000000001],[97.78,12.200000000000001],[97.7,12.200000000000001],[97.7,12.120000000000001]]],[[[97.78,12.120000000000001],[97.86,12.120000000000001],[97.86,12.200000000000001],[97.78,12.200000000000001],[97.78,12.120000000000001]]],[[[97.86,12.120000000000001],[97.94,12.120000000000001],[97.94,12.200000000000001],[97.86,12.200000000000001],[97.86,12.120000000000001]]],[[[97.94,12.120000000000001],[98.02,12.120000000000001],[98.02,12.200000000000001],[97.94,12.200000000000001],[97.94,12.120000000000001]]],[[[98.02,12.120000000000001],[98.1,12.120000000000001],[98.1,12.200000000000001],[98.02,12.200000000000001],[98.02,12.120000000000001]]],[[[98.1,12.120000000000001],[98.17999999999999,12.120000000000001],[98.17999999999999,12.200000000000001],[98.1,12.200000000000001],[98.1,12.120000000000001]]],[[[98.18,12.120000000000001],[98.26,12.120000000000001],[98.26,12.200000000000001],[98.18,12.200000000000001],[98.18,12.120000000000001]]],[[[98.26,12.120000000000001],[98.34,12.120000000000001],[98.34,12.200000000000001],[98.26,12.200000000000001],[98.26,12.120000000000001]]],[[[98.34,12.120000000000001],[98.42,12.120000000000001],[98.42,12.200000000000001],[98.34,12.200000000000001],[98.34,12.120000000000001]]],[[[98.42,12.120000000000001],[98.5,12.120000000000001],[98.5,12.200000000000001],[98.42,12.200000000000001],[98.42,12.120000000000001]]],[[[98.5,12.120000000000001],[98.58,12.120000000000001],[98.58,12.200000000000001],[98.5,12.200000000000001],[98.5,12.120000000000001]]],[[[96.5,12.2],[96.58,12.2],[96.58,12.28],[96.5,12.28],[96.5,12.2]]],[[[96.58,12.2],[96.66,12.2],[96.66,12.28],[96.58,12.28],[96.58,12.2]]],[[[96.66,12.2],[96.74,12.2],[96.74,12.28],[96.66,12.28],[96.66,12.2]]],[[[96.74,12.2],[96.82,12.2],[96.82,12.28],[96.74,12.28],[96.74,12.2]]],[[[96.82,12.2],[96.89999999999999,12.2],[96.89999999999999,12.28],[96.82,12.28],[96.82,12.2]]],[[[96.9,12.2],[96.98,12.2],[96.98,12.28],[96.9,12.28],[96.9,12.2]]],[[[96.98,12.2],[97.06,12.2],[97.06,12.28],[96.98,12.28],[96.98,12.2]]],[[[97.06,12.2],[97.14,12.2],[97.14,12.28],[97.06,12.28],[97.06,12.2]]],[[[97.14,12.2],[97.22,12.2],[97.22,12.28],[97.14,12.28],[97.14,12.2]]],[[[97.22,12.2],[97.3,12.2],[97.3,12.28],[97.22,12.28],[97.22,12.2]]],[[[97.3,12.2],[97.38,12.2],[97.38,12.28],[97.3,12.28],[97.3,12.2]]],[[[97.38,12.2],[97.46,12.2],[97.46,12.28],[97.38,12.28],[97.38,12.2]]],[[[97.46,12.2],[97.53999999999999,12.2],[97.53999999999999,12.28],[97.46,12.28],[97.46,12.2]]],[[[97.54,12.2],[97.62,12.2],[97.62,12.28],[97.54,12.28],[97.54,12.2]]],[[[97.62,12.2],[97.7,12.2],[97.7,12.28],[97.62,12.28],[97.62,12.2]]],[[[97.7,12.2],[97.78,12.2],[97.78,12.28],[97.7,12.28],[97.7,12.2]]],[[[97.78,12.2],[97.86,12.2],[97.86,12.28],[97.78,12.28],[97.78,12.2]]],[[[97.86,12.2],[97.94,12.2],[97.94,12.28],[97.86,12.28],[97.86,12.2]]],[[[97.94,12.2],[98.02,12.2],[98.02,12.28],[97.94,12.28],[97.94,12.2]]],[[[98.02,12.2],[98.1,12.2],[98.1,12.28],[98.02,12.28],[98.02,12.2]]],[[[98.1,12.2],[98.17999999999999,12.2],[98.17999999999999,12.28],[98.1,12.28],[98.1,12.2]]],[[[98.18,12.2],[98.26,12.2],[98.26,12.28],[98.18,12.28],[98.18,12.2]]],[[[98.26,12.2],[98.34,12.2],[98.34,12.28],[98.26,12.28],[98.26,12.2]]],[[[98.34,12.2],[98.42,12.2],[98.42,12.28],[98.34,12.28],[98.34,12.2]]],[[[98.42,12.2],[98.5,12.2],[98.5,12.28],[98.42,12.28],[98.42,12.2]]],[[[98.5,12.2],[98.58,12.2],[98.58,12.28],[98.5,12.28],[98.5,12.2]]],[[[98.58,12.2],[98.66,12.2],[98.66,12.28],[98.58,12.28],[98.58,12.2]]],[[[98.66,12.2],[98.74,12.2],[98.74,12.28],[98.66,12.28],[98.66,12.2]]],[[[96.5,12.280000000000001],[96.58,12.280000000000001],[96.58,12.360000000000001],[96.5,12.360000000000001],[96.5,12.280000000000001]]],[[[96.58,12.280000000000001],[96.66,12.280000000000001],[96.66,12.360000000000001],[96.58,12.360000000000001],[96.58,12.280000000000001]]],[[[96.66,12.280000000000001],[96.74,12.280000000000001],[96.74,12.360000000000001],[96.66,12.360000000000001],[96.66,12.280000000000001]]],[[[96.74,12.280000000000001],[96.82,12.280000000000001],[96.82,12.360000000000001],[96.74,12.360000000000001],[96.74,12.280000000000001]]],[[[96.82,12.280000000000001],[96.89999999999999,12.280000000000001],[96.89999999999999,12.360000000000001],[96.82,12.360000000000001],[96.82,12.280000000000001]]],[[[96.9,12.280000000000001],[96.98,12.280000000000001],[96.98,12.360000000000001],[96.9,12.360000000000001],[96.9,12.280000000000001]]],[[[96.98,12.280000000000001],[97.06,12.280000000000001],[97.06,12.360000000000001],[96.98,12.360000000000001],[96.98,12.280000000000001]]],[[[97.06,12.280000000000001],[97.14,12.280000000000001],[97.14,12.360000000000001],[97.06,12.360000000000001],[97.06,12.280000000000001]]],[[[97.14,12.280000000000001],[97.22,12.280000000000001],[97.22,12.360000000000001],[97.14,12.360000000000001],[97.14,12.280000000000001]]],[[[97.22,12.280000000000001],[97.3,12.280000000000001],[97.3,12.360000000000001],[97.22,12.360000000000001],[97.22,12.280000000000001]]],[[[97.3,12.280000000000001],[97.38,12.280000000000001],[97.38,12.360000000000001],[97.3,12.360000000000001],[97.3,12.280000000000001]]],[[[97.38,12.280000000000001],[97.46,12.280000000000001],[97.46,12.360000000000001],[97.38,12.360000000000001],[97.38,12.280000000000001]]],[[[97.46,12.280000000000001],[97.53999999999999,12.280000000000001],[97.53999999999999,12.360000000000001],[97.46,12.360000000000001],[97.46,12.280000000000001]]],[[[97.54,12.280000000000001],[97.62,12.280000000000001],[97.62,12.360000000000001],[97.54,12.360000000000001],[97.54,12.280000000000001]]],[[[97.62,12.280000000000001],[97.7,12.280000000000001],[97.7,12.360000000000001],[97.62,12.360000000000001],[97.62,12.280000000000001]]],[[[97.7,12.280000000000001],[97.78,12.280000000000001],[97.78,12.360000000000001],[97.7,12.360000000000001],[97.7,12.280000000000001]]],[[[97.78,12.280000000000001],[97.86,12.280000000000001],[97.86,12.360000000000001],[97.78,12.360000000000001],[97.78,12.280000000000001]]],[[[97.86,12.280000000000001],[97.94,12.280000000000001],[97.94,12.360000000000001],[97.86,12.360000000000001],[97.86,12.280000000000001]]],[[[97.94,12.280000000000001],[98.02,12.280000000000001],[98.02,12.360000000000001],[97.94,12.360000000000001],[97.94,12.280000000000001]]],[[[98.02,12.280000000000001],[98.1,12.280000000000001],[98.1,12.360000000000001],[98.02,12.360000000000001],[98.02,12.280000000000001]]],[[[98.1,12.280000000000001],[98.17999999999999,12.280000000000001],[98.17999999999999,12.360000000000001],[98.1,12.360000000000001],[98.1,12.280000000000001]]],[[[98.18,12.280000000000001],[98.26,12.280000000000001],[98.26,12.360000000000001],[98.18,12.360000000000001],[98.18,12.280000000000001]]],[[[98.26,12.280000000000001],[98.34,12.280000000000001],[98.34,12.360000000000001],[98.26,12.360000000000001],[98.26,12.280000000000001]]],[[[98.34,12.280000000000001],[98.42,12.280000000000001],[98.42,12.360000000000001],[98.34,12.360000000000001],[98.34,12.280000000000001]]],[[[98.42,12.280000000000001],[98.5,12.280000000000001],[98.5,12.360000000000001],[98.42,12.360000000000001],[98.42,12.280000000000001]]],[[[98.5,12.280000000000001],[98.58,12.280000000000001],[98.58,12.360000000000001],[98.5,12.360000000000001],[98.5,12.280000000000001]]],[[[98.58,12.280000000000001],[98.66,12.280000000000001],[98.66,12.360000000000001],[98.58,12.360000000000001],[98.58,12.280000000000001]]],[[[98.66,12.280000000000001],[98.74,12.280000000000001],[98.74,12.360000000000001],[98.66,12.360000000000001],[98.66,12.280000000000001]]],[[[98.74,12.280000000000001],[98.82,12.280000000000001],[98.82,12.360000000000001],[98.74,12.360000000000001],[98.74,12.280000000000001]]],[[[98.82,12.280000000000001],[98.89999999999999,12.280000000000001],[98.89999999999999,12.360000000000001],[98.82,12.360000000000001],[98.82,12.280000000000001]]],[[[96.5,12.36],[96.58,12.36],[96.58,12.44],[96.5,12.44],[96.5,12.36]]],[[[96.58,12.36],[96.66,12.36],[96.66,12.44],[96.58,12.44],[96.58,12.36]]],[[[96.66,12.36],[96.74,12.36],[96.74,12.44],[96.66,12.44],[96.66,12.36]]],[[[96.74,12.36],[96.82,12.36],[96.82,12.44],[96.74,12.44],[96.74,12.36]]],[[[96.82,12.36],[96.89999999999999,12.36],[96.89999999999999,12.44],[96.82,12.44],[96.82,12.36]]],[[[96.9,12.36],[96.98,12.36],[96.98,12.44],[96.9,12.44],[96.9,12.36]]],[[[96.98,12.36],[97.06,12.36],[97.06,12.44],[96.98,12.44],[96.98,12.36]]],[[[97.06,12.36],[97.14,12.36],[97.14,12.44],[97.06,12.44],[97.06,12.36]]],[[[97.14,12.36],[97.22,12.36],[97.22,12.44],[97.14,12.44],[97.14,12.36]]],[[[97.22,12.36],[97.3,12.36],[97.3,12.44],[97.22,12.44],[97.22,12.36]]],[[[97.3,12.36],[97.38,12.36],[97.38,12.44],[97.3,12.44],[97.3,12.36]]],[[[97.38,12.36],[97.46,12.36],[97.46,12.44],[97.38,12.44],[97.38,12.36]]],[[[97.46,12.36],[97.53999999999999,12.36],[97.53999999999999,12.44],[97.46,12.44],[97.46,12.36]]],[[[97.54,12.36],[97.62,12.36],[97.62,12.44],[97.54,12.44],[97.54,12.36]]],[[[97.62,12.36],[97.7,12.36],[97.7,12.44],[97.62,12.44],[97.62,12.36]]],[[[97.7,12.36],[97.78,12.36],[97.78,12.44],[97.7,12.44],[97.7,12.36]]],[[[97.78,12.36],[97.86,12.36],[97.86,12.44],[97.78,12.44],[97.78,12.36]]],[[[97.86,12.36],[97.94,12.36],[97.94,12.44],[97.86,12.44],[97.86,12.36]]],[[[97.94,12.36],[98.02,12.36],[98.02,12.44],[97.94,12.44],[97.94,12.36]]],[[[98.02,12.36],[98.1,12.36],[98.1,12.44],[98.02,12.44],[98.02,12.36]]],[[[98.1,12.36],[98.17999999999999,12.36],[98.17999999999999,12.44],[98.1,12.44],[98.1,12.36]]],[[[98.18,12.36],[98.26,12.36],[98.26,12.44],[98.18,12.44],[98.18,12.36]]],[[[98.26,12.36],[98.34,12.36],[98.34,12.44],[98.26,12.44],[98.26,12.36]]],[[[98.34,12.36],[98.42,12.36],[98.42,12.44],[98.34,12.44],[98.34,12.36]]],[[[98.42,12.36],[98.5,12.36],[98.5,12.44],[98.42,12.44],[98.42,12.36]]],[[[98.5,12.36],[98.58,12.36],[98.58,12.44],[98.5,12.44],[98.5,12.36]]],[[[98.58,12.36],[98.66,12.36],[98.66,12.44],[98.58,12.44],[98.58,12.36]]],[[[98.66,12.36],[98.74,12.36],[98.74,12.44],[98.66,12.44],[98.66,12.36]]],[[[98.74,12.36],[98.82,12.36],[98.82,12.44],[98.74,12.44],[98.74,12.36]]],[[[98.82,12.36],[98.89999999999999,12.36],[98.89999999999999,12.44],[98.82,12.44],[98.82,12.36]]],[[[98.9,12.36],[98.98,12.36],[98.98,12.44],[98.9,12.44],[98.9,12.36]]],[[[96.5,12.440000000000001],[96.58,12.440000000000001],[96.58,12.520000000000001],[96.5,12.520000000000001],[96.5,12.440000000000001]]],[[[96.58,12.440000000000001],[96.66,12.440000000000001],[96.66,12.520000000000001],[96.58,12.520000000000001],[96.58,12.440000000000001]]],[[[96.66,12.440000000000001],[96.74,12.440000000000001],[96.74,12.520000000000001],[96.66,12.520000000000001],[96.66,12.440000000000001]]],[[[96.74,12.440000000000001],[96.82,12.440000000000001],[96.82,12.520000000000001],[96.74,12.520000000000001],[96.74,12.440000000000001]]],[[[96.82,12.440000000000001],[96.89999999999999,12.440000000000001],[96.89999999999999,12.520000000000001],[96.82,12.520000000000001],[96.82,12.440000000000001]]],[[[96.9,12.440000000000001],[96.98,12.440000000000001],[96.98,12.520000000000001],[96.9,12.520000000000001],[96.9,12.440000000000001]]],[[[96.98,12.440000000000001],[97.06,12.440000000000001],[97.06,12.520000000000001],[96.98,12.520000000000001],[96.98,12.440000000000001]]],[[[97.06,12.440000000000001],[97.14,12.440000000000001],[97.14,12.520000000000001],[97.06,12.520000000000001],[97.06,12.440000000000001]]],[[[97.14,12.440000000000001],[97.22,12.440000000000001],[97.22,12.520000000000001],[97.14,12.520000000000001],[97.14,12.440000000000001]]],[[[97.22,12.440000000000001],[97.3,12.440000000000001],[97.3,12.520000000000001],[97.22,12.520000000000001],[97.22,12.440000000000001]]],[[[97.3,12.440000000000001],[97.38,12.440000000000001],[97.38,12.520000000000001],[97.3,12.520000000000001],[97.3,12.440000000000001]]],[[[97.38,12.440000000000001],[97.46,12.440000000000001],[97.46,12.520000000000001],[97.38,12.520000000000001],[97.38,12.440000000000001]]],[[[97.46,12.440000000000001],[97.53999999999999,12.440000000000001],[97.53999999999999,12.520000000000001],[97.46,12.520000000000001],[97.46,12.440000000000001]]],[[[97.54,12.440000000000001],[97.62,12.440000000000001],[97.62,12.520000000000001],[97.54,12.520000000000001],[97.54,12.440000000000001]]],[[[97.62,12.440000000000001],[97.7,12.440000000000001],[97.7,12.520000000000001],[97.62,12.520000000000001],[97.62,12.440000000000001]]],[[[97.7,12.440000000000001],[97.78,12.440000000000001],[97.78,12.520000000000001],[97.7,12.520000000000001],[97.7,12.440000000000001]]],[[[97.78,12.440000000000001],[97.86,12.440000000000001],[97.86,12.520000000000001],[97.78,12.520000000000001],[97.78,12.440000000000001]]],[[[97.86,12.440000000000001],[97.94,12.440000000000001],[97.94,12.520000000000001],[97.86,12.520000000000001],[97.86,12.440000000000001]]],[[[97.94,12.440000000000001],[98.02,12.440000000000001],[98.02,12.520000000000001],[97.94,12.520000000000001],[97.94,12.440000000000001]]],[[[98.02,12.440000000000001],[98.1,12.440000000000001],[98.1,12.520000000000001],[98.02,12.520000000000001],[98.02,12.440000000000001]]],[[[98.1,12.440000000000001],[98.17999999999999,12.440000000000001],[98.17999999999999,12.520000000000001],[98.1,12.520000000000001],[98.1,12.440000000000001]]],[[[98.18,12.440000000000001],[98.26,12.440000000000001],[98.26,12.520000000000001],[98.18,12.520000000000001],[98.18,12.440000000000001]]],[[[98.26,12.440000000000001],[98.34,12.440000000000001],[98.34,12.520000000000001],[98.26,12.520000000000001],[98.26,12.440000000000001]]],[[[98.34,12.440000000000001],[98.42,12.440000000000001],[98.42,12.520000000000001],[98.34,12.520000000000001],[98.34,12.440000000000001]]],[[[98.42,12.440000000000001],[98.5,12.440000000000001],[98.5,12.520000000000001],[98.42,12.520000000000001],[98.42,12.440000000000001]]],[[[98.5,12.440000000000001],[98.58,12.440000000000001],[98.58,12.520000000000001],[98.5,12.520000000000001],[98.5,12.440000000000001]]],[[[98.58,12.440000000000001],[98.66,12.440000000000001],[98.66,12.520000000000001],[98.58,12.520000000000001],[98.58,12.440000000000001]]],[[[98.66,12.440000000000001],[98.74,12.440000000000001],[98.74,12.520000000000001],[98.66,12.520000000000001],[98.66,12.440000000000001]]],[[[98.74,12.440000000000001],[98.82,12.440000000000001],[98.82,12.520000000000001],[98.74,12.520000000000001],[98.74,12.440000000000001]]],[[[98.82,12.440000000000001],[98.89999999999999,12.440000000000001],[98.89999999999999,12.520000000000001],[98.82,12.520000000000001],[98.82,12.440000000000001]]],[[[98.9,12.440000000000001],[98.98,12.440000000000001],[98.98,12.520000000000001],[98.9,12.520000000000001],[98.9,12.440000000000001]]],[[[98.98,12.440000000000001],[99.06,12.440000000000001],[99.06,12.520000000000001],[98.98,12.520000000000001],[98.98,12.440000000000001]]],[[[99.06,12.440000000000001],[99.14,12.440000000000001],[99.14,12.520000000000001],[99.06,12.520000000000001],[99.06,12.440000000000001]]],[[[96.5,12.52],[96.58,12.52],[96.58,12.6],[96.5,12.6],[96.5,12.52]]],[[[96.58,12.52],[96.66,12.52],[96.66,12.6],[96.58,12.6],[96.58,12.52]]],[[[96.66,12.52],[96.74,12.52],[96.74,12.6],[96.66,12.6],[96.66,12.52]]],[[[96.74,12.52],[96.82,12.52],[96.82,12.6],[96.74,12.6],[96.74,12.52]]],[[[96.82,12.52],[96.89999999999999,12.52],[96.89999999999999,12.6],[96.82,12.6],[96.82,12.52]]],[[[96.9,12.52],[96.98,12.52],[96.98,12.6],[96.9,12.6],[96.9,12.52]]],[[[96.98,12.52],[97.06,12.52],[97.06,12.6],[96.98,12.6],[96.98,12.52]]],[[[97.06,12.52],[97.14,12.52],[97.14,12.6],[97.06,12.6],[97.06,12.52]]],[[[97.14,12.52],[97.22,12.52],[97.22,12.6],[97.14,12.6],[97.14,12.52]]],[[[97.22,12.52],[97.3,12.52],[97.3,12.6],[97.22,12.6],[97.22,12.52]]],[[[97.3,12.52],[97.38,12.52],[97.38,12.6],[97.3,12.6],[97.3,12.52]]],[[[97.38,12.52],[97.46,12.52],[97.46,12.6],[97.38,12.6],[97.38,12.52]]],[[[97.46,12.52],[97.53999999999999,12.52],[97.53999999999999,12.6],[97.46,12.6],[97.46,12.52]]],[[[97.54,12.52],[97.62,12.52],[97.62,12.6],[97.54,12.6],[97.54,12.52]]],[[[97.62,12.52],[97.7,12.52],[97.7,12.6],[97.62,12.6],[97.62,12.52]]],[[[97.7,12.52],[97.78,12.52],[97.78,12.6],[97.7,12.6],[97.7,12.52]]],[[[97.78,12.52],[97.86,12.52],[97.86,12.6],[97.78,12.6],[97.78,12.52]]],[[[97.86,12.52],[97.94,12.52],[97.94,12.6],[97.86,12.6],[97.86,12.52]]],[[[97.94,12.52],[98.02,12.52],[98.02,12.6],[97.94,12.6],[97.94,12.52]]],[[[98.02,12.52],[98.1,12.52],[98.1,12.6],[98.02,12.6],[98.02,12.52]]],[[[98.1,12.52],[98.17999999999999,12.52],[98.17999999999999,12.6],[98.1,12.6],[98.1,12.52]]],[[[98.18,12.52],[98.26,12.52],[98.26,12.6],[98.18,12.6],[98.18,12.52]]],[[[98.26,12.52],[98.34,12.52],[98.34,12.6],[98.26,12.6],[98.26,12.52]]],[[[98.34,12.52],[98.42,12.52],[98.42,12.6],[98.34,12.6],[98.34,12.52]]],[[[98.42,12.52],[98.5,12.52],[98.5,12.6],[98.42,12.6],[98.42,12.52]]],[[[98.5,12.52],[98.58,12.52],[98.58,12.6],[98.5,12.6],[98.5,12.52]]],[[[98.58,12.52],[98.66,12.52],[98.66,12.6],[98.58,12.6],[98.58,12.52]]],[[[98.66,12.52],[98.74,12.52],[98.74,12.6],[98.66,12.6],[98.66,12.52]]],[[[98.74,12.52],[98.82,12.52],[98.82,12.6],[98.74,12.6],[98.74,12.52]]],[[[98.82,12.52],[98.89999999999999,12.52],[98.89999999999999,12.6],[98.82,12.6],[98.82,12.52]]],[[[98.9,12.52],[98.98,12.52],[98.98,12.6],[98.9,12.6],[98.9,12.52]]],[[[98.98,12.52],[99.06,12.52],[99.06,12.6],[98.98,12.6],[98.98,12.52]]],[[[99.06,12.52],[99.14,12.52],[99.14,12.6],[99.06,12.6],[99.06,12.52]]],[[[99.14,12.52],[99.22,12.52],[99.22,12.6],[99.14,12.6],[99.14,12.52]]],[[[99.22,12.52],[99.3,12.52],[99.3,12.6],[99.22,12.6],[99.22,12.52]]],[[[99.3,12.52],[99.38,12.52],[99.38,12.6],[99.3,12.6],[99.3,12.52]]],[[[96.5,12.600000000000001],[96.58,12.600000000000001],[96.58,12.680000000000001],[96.5,12.680000000000001],[96.5,12.600000000000001]]],[[[96.58,12.600000000000001],[96.66,12.600000000000001],[96.66,12.680000000000001],[96.58,12.680000000000001],[96.58,12.600000000000001]]],[[[96.66,12.600000000000001],[96.74,12.600000000000001],[96.74,12.680000000000001],[96.66,12.680000000000001],[96.66,12.600000000000001]]],[[[96.74,12.600000000000001],[96.82,12.600000000000001],[96.82,12.680000000000001],[96.74,12.680000000000001],[96.74,12.600000000000001]]],[[[96.82,12.600000000000001],[96.89999999999999,12.600000000000001],[96.89999999999999,12.680000000000001],[96.82,12.680000000000001],[96.82,12.600000000000001]]],[[[96.9,12.600000000000001],[96.98,12.600000000000001],[96.98,12.680000000000001],[96.9,12.680000000000001],[96.9,12.600000000000001]]],[[[96.98,12.600000000000001],[97.06,12.600000000000001],[97.06,12.680000000000001],[96.98,12.680000000000001],[96.98,12.600000000000001]]],[[[97.06,12.600000000000001],[97.14,12.600000000000001],[97.14,12.680000000000001],[97.06,12.680000000000001],[97.06,12.600000000000001]]],[[[97.14,12.600000000000001],[97.22,12.600000000000001],[97.22,12.680000000000001],[97.14,12.680000000000001],[97.14,12.600000000000001]]],[[[97.22,12.600000000000001],[97.3,12.600000000000001],[97.3,12.680000000000001],[97.22,12.680000000000001],[97.22,12.600000000000001]]],[[[97.3,12.600000000000001],[97.38,12.600000000000001],[97.38,12.680000000000001],[97.3,12.680000000000001],[97.3,12.600000000000001]]],[[[97.38,12.600000000000001],[97.46,12.600000000000001],[97.46,12.680000000000001],[97.38,12.680000000000001],[97.38,12.600000000000001]]],[[[97.46,12.600000000000001],[97.53999999999999,12.600000000000001],[97.53999999999999,12.680000000000001],[97.46,12.680000000000001],[97.46,12.600000000000001]]],[[[97.54,12.600000000000001],[97.62,12.600000000000001],[97.62,12.680000000000001],[97.54,12.680000000000001],[97.54,12.600000000000001]]],[[[97.62,12.600000000000001],[97.7,12.600000000000001],[97.7,12.680000000000001],[97.62,12.680000000000001],[97.62,12.600000000000001]]],[[[97.7,12.600000000000001],[97.78,12.600000000000001],[97.78,12.680000000000001],[97.7,12.680000000000001],[97.7,12.600000000000001]]],[[[97.78,12.600000000000001],[97.86,12.600000000000001],[97.86,12.680000000000001],[97.78,12.680000000000001],[97.78,12.600000000000001]]],[[[97.86,12.600000000000001],[97.94,12.600000000000001],[97.94,12.680000000000001],[97.86,12.680000000000001],[97.86,12.600000000000001]]],[[[97.94,12.600000000000001],[98.02,12.600000000000001],[98.02,12.680000000000001],[97.94,12.680000000000001],[97.94,12.600000000000001]]],[[[98.02,12.600000000000001],[98.1,12.600000000000001],[98.1,12.680000000000001],[98.02,12.680000000000001],[98.02,12.600000000000001]]],[[[98.1,12.600000000000001],[98.17999999999999,12.600000000000001],[98.17999999999999,12.680000000000001],[98.1,12.680000000000001],[98.1,12.600000000000001]]],[[[98.18,12.600000000000001],[98.26,12.600000000000001],[98.26,12.680000000000001],[98.18,12.680000000000001],[98.18,12.600000000000001]]],[[[98.26,12.600000000000001],[98.34,12.600000000000001],[98.34,12.680000000000001],[98.26,12.680000000000001],[98.26,12.600000000000001]]],[[[98.34,12.600000000000001],[98.42,12.600000000000001],[98.42,12.680000000000001],[98.34,12.680000000000001],[98.34,12.600000000000001]]],[[[98.42,12.600000000000001],[98.5,12.600000000000001],[98.5,12.680000000000001],[98.42,12.680000000000001],[98.42,12.600000000000001]]],[[[98.5,12.600000000000001],[98.58,12.600000000000001],[98.58,12.680000000000001],[98.5,12.680000000000001],[98.5,12.600000000000001]]],[[[98.58,12.600000000000001],[98.66,12.600000000000001],[98.66,12.680000000000001],[98.58,12.680000000000001],[98.58,12.600000000000001]]],[[[98.66,12.600000000000001],[98.74,12.600000000000001],[98.74,12.680000000000001],[98.66,12.680000000000001],[98.66,12.600000000000001]]],[[[98.74,12.600000000000001],[98.82,12.600000000000001],[98.82,12.680000000000001],[98.74,12.680000000000001],[98.74,12.600000000000001]]],[[[98.82,12.600000000000001],[98.89999999999999,12.600000000000001],[98.89999999999999,12.680000000000001],[98.82,12.680000000000001],[98.82,12.600000000000001]]],[[[98.9,12.600000000000001],[98.98,12.600000000000001],[98.98,12.680000000000001],[98.9,12.680000000000001],[98.9,12.600000000000001]]],[[[98.98,12.600000000000001],[99.06,12.600000000000001],[99.06,12.680000000000001],[98.98,12.680000000000001],[98.98,12.600000000000001]]],[[[99.06,12.600000000000001],[99.14,12.600000000000001],[99.14,12.680000000000001],[99.06,12.680000000000001],[99.06,12.600000000000001]]],[[[99.14,12.600000000000001],[99.22,12.600000000000001],[99.22,12.680000000000001],[99.14,12.680000000000001],[99.14,12.600000000000001]]],[[[99.22,12.600000000000001],[99.3,12.600000000000001],[99.3,12.680000000000001],[99.22,12.680000000000001],[99.22,12.600000000000001]]],[[[99.3,12.600000000000001],[99.38,12.600000000000001],[99.38,12.680000000000001],[99.3,12.680000000000001],[99.3,12.600000000000001]]],[[[99.94,12.600000000000001],[100.02,12.600000000000001],[100.02,12.680000000000001],[99.94,12.680000000000001],[99.94,12.600000000000001]]],[[[100.02,12.600000000000001],[100.1,12.600000000000001],[100.1,12.680000000000001],[100.02,12.680000000000001],[100.02,12.600000000000001]]],[[[100.1,12.600000000000001],[100.17999999999999,12.600000000000001],[100.17999999999999,12.680000000000001],[100.1,12.680000000000001],[100.1,12.600000000000001]]],[[[100.18,12.600000000000001],[100.26,12.600000000000001],[100.26,12.680000000000001],[100.18,12.680000000000001],[100.18,12.600000000000001]]],[[[96.5,12.68],[96.58,12.68],[96.58,12.76],[96.5,12.76],[96.5,12.68]]],[[[96.58,12.68],[96.66,12.68],[96.66,12.76],[96.58,12.76],[96.58,12.68]]],[[[96.66,12.68],[96.74,12.68],[96.74,12.76],[96.66,12.76],[96.66,12.68]]],[[[96.74,12.68],[96.82,12.68],[96.82,12.76],[96.74,12.76],[96.74,12.68]]],[[[96.82,12.68],[96.89999999999999,12.68],[96.89999999999999,12.76],[96.82,12.76],[96.82,12.68]]],[[[96.9,12.68],[96.98,12.68],[96.98,12.76],[96.9,12.76],[96.9,12.68]]],[[[96.98,12.68],[97.06,12.68],[97.06,12.76],[96.98,12.76],[96.98,12.68]]],[[[97.06,12.68],[97.14,12.68],[97.14,12.76],[97.06,12.76],[97.06,12.68]]],[[[97.14,12.68],[97.22,12.68],[97.22,12.76],[97.14,12.76],[97.14,12.68]]],[[[97.22,12.68],[97.3,12.68],[97.3,12.76],[97.22,12.76],[97.22,12.68]]],[[[97.3,12.68],[97.38,12.68],[97.38,12.76],[97.3,12.76],[97.3,12.68]]],[[[97.38,12.68],[97.46,12.68],[97.46,12.76],[97.38,12.76],[97.38,12.68]]],[[[97.46,12.68],[97.53999999999999,12.68],[97.53999999999999,12.76],[97.46,12.76],[97.46,12.68]]],[[[97.54,12.68],[97.62,12.68],[97.62,12.76],[97.54,12.76],[97.54,12.68]]],[[[97.62,12.68],[97.7,12.68],[97.7,12.76],[97.62,12.76],[97.62,12.68]]],[[[97.7,12.68],[97.78,12.68],[97.78,12.76],[97.7,12.76],[97.7,12.68]]],[[[97.78,12.68],[97.86,12.68],[97.86,12.76],[97.78,12.76],[97.78,12.68]]],[[[97.86,12.68],[97.94,12.68],[97.94,12.76],[97.86,12.76],[97.86,12.68]]],[[[97.94,12.68],[98.02,12.68],[98.02,12.76],[97.94,12.76],[97.94,12.68]]],[[[98.02,12.68],[98.1,12.68],[98.1,12.76],[98.02,12.76],[98.02,12.68]]],[[[98.1,12.68],[98.17999999999999,12.68],[98.17999999999999,12.76],[98.1,12.76],[98.1,12.68]]],[[[98.18,12.68],[98.26,12.68],[98.26,12.76],[98.18,12.76],[98.18,12.68]]],[[[98.26,12.68],[98.34,12.68],[98.34,12.76],[98.26,12.76],[98.26,12.68]]],[[[98.34,12.68],[98.42,12.68],[98.42,12.76],[98.34,12.76],[98.34,12.68]]],[[[98.42,12.68],[98.5,12.68],[98.5,12.76],[98.42,12.76],[98.42,12.68]]],[[[98.5,12.68],[98.58,12.68],[98.58,12.76],[98.5,12.76],[98.5,12.68]]],[[[98.58,12.68],[98.66,12.68],[98.66,12.76],[98.58,12.76],[98.58,12.68]]],[[[98.66,12.68],[98.74,12.68],[98.74,12.76],[98.66,12.76],[98.66,12.68]]],[[[98.74,12.68],[98.82,12.68],[98.82,12.76],[98.74,12.76],[98.74,12.68]]],[[[98.82,12.68],[98.89999999999999,12.68],[98.89999999999999,12.76],[98.82,12.76],[98.82,12.68]]],[[[98.9,12.68],[98.98,12.68],[98.98,12.76],[98.9,12.76],[98.9,12.68]]],[[[98.98,12.68],[99.06,12.68],[99.06,12.76],[98.98,12.76],[98.98,12.68]]],[[[99.06,12.68],[99.14,12.68],[99.14,12.76],[99.06,12.76],[99.06,12.68]]],[[[99.14,12.68],[99.22,12.68],[99.22,12.76],[99.14,12.76],[99.14,12.68]]],[[[99.22,12.68],[99.3,12.68],[99.3,12.76],[99.22,12.76],[99.22,12.68]]],[[[99.94,12.68],[100.02,12.68],[100.02,12.76],[99.94,12.76],[99.94,12.68]]],[[[100.02,12.68],[100.1,12.68],[100.1,12.76],[100.02,12.76],[100.02,12.68]]],[[[100.1,12.68],[100.17999999999999,12.68],[100.17999999999999,12.76],[100.1,12.76],[100.1,12.68]]],[[[100.18,12.68],[100.26,12.68],[100.26,12.76],[100.18,12.76],[100.18,12.68]]],[[[100.26,12.68],[100.34,12.68],[100.34,12.76],[100.26,12.76],[100.26,12.68]]],[[[96.5,12.76],[96.58,12.76],[96.58,12.84],[96.5,12.84],[96.5,12.76]]],[[[96.58,12.76],[96.66,12.76],[96.66,12.84],[96.58,12.84],[96.58,12.76]]],[[[96.66,12.76],[96.74,12.76],[96.74,12.84],[96.66,12.84],[96.66,12.76]]],[[[96.74,12.76],[96.82,12.76],[96.82,12.84],[96.74,12.84],[96.74,12.76]]],[[[96.82,12.76],[96.89999999999999,12.76],[96.89999999999999,12.84],[96.82,12.84],[96.82,12.76]]],[[[96.9,12.76],[96.98,12.76],[96.98,12.84],[96.9,12.84],[96.9,12.76]]],[[[96.98,12.76],[97.06,12.76],[97.06,12.84],[96.98,12.84],[96.98,12.76]]],[[[97.06,12.76],[97.14,12.76],[97.14,12.84],[97.06,12.84],[97.06,12.76]]],[[[97.14,12.76],[97.22,12.76],[97.22,12.84],[97.14,12.84],[97.14,12.76]]],[[[97.22,12.76],[97.3,12.76],[97.3,12.84],[97.22,12.84],[97.22,12.76]]],[[[97.3,12.76],[97.38,12.76],[97.38,12.84],[97.3,12.84],[97.3,12.76]]],[[[97.38,12.76],[97.46,12.76],[97.46,12.84],[97.38,12.84],[97.38,12.76]]],[[[97.46,12.76],[97.53999999999999,12.76],[97.53999999999999,12.84],[97.46,12.84],[97.46,12.76]]],[[[97.54,12.76],[97.62,12.76],[97.62,12.84],[97.54,12.84],[97.54,12.76]]],[[[97.62,12.76],[97.7,12.76],[97.7,12.84],[97.62,12.84],[97.62,12.76]]],[[[97.7,12.76],[97.78,12.76],[97.78,12.84],[97.7,12.84],[97.7,12.76]]],[[[97.78,12.76],[97.86,12.76],[97.86,12.84],[97.78,12.84],[97.78,12.76]]],[[[97.86,12.76],[97.94,12.76],[97.94,12.84],[97.86,12.84],[97.86,12.76]]],[[[97.94,12.76],[98.02,12.76],[98.02,12.84],[97.94,12.84],[97.94,12.76]]],[[[98.02,12.76],[98.1,12.76],[98.1,12.84],[98.02,12.84],[98.02,12.76]]],[[[98.1,12.76],[98.17999999999999,12.76],[98.17999999999999,12.84],[98.1,12.84],[98.1,12.76]]],[[[98.18,12.76],[98.26,12.76],[98.26,12.84],[98.18,12.84],[98.18,12.76]]],[[[98.26,12.76],[98.34,12.76],[98.34,12.84],[98.26,12.84],[98.26,12.76]]],[[[98.34,12.76],[98.42,12.76],[98.42,12.84],[98.34,12.84],[98.34,12.76]]],[[[98.42,12.76],[98.5,12.76],[98.5,12.84],[98.42,12.84],[98.42,12.76]]],[[[98.5,12.76],[98.58,12.76],[98.58,12.84],[98.5,12.84],[98.5,12.76]]],[[[98.58,12.76],[98.66,12.76],[98.66,12.84],[98.58,12.84],[98.58,12.76]]],[[[98.66,12.76],[98.74,12.76],[98.74,12.84],[98.66,12.84],[98.66,12.76]]],[[[98.74,12.76],[98.82,12.76],[98.82,12.84],[98.74,12.84],[98.74,12.76]]],[[[98.82,12.76],[98.89999999999999,12.76],[98.89999999999999,12.84],[98.82,12.84],[98.82,12.76]]],[[[98.9,12.76],[98.98,12.76],[98.98,12.84],[98.9,12.84],[98.9,12.76]]],[[[98.98,12.76],[99.06,12.76],[99.06,12.84],[98.98,12.84],[98.98,12.76]]],[[[99.06,12.76],[99.14,12.76],[99.14,12.84],[99.06,12.84],[99.06,12.76]]],[[[99.14,12.76],[99.22,12.76],[99.22,12.84],[99.14,12.84],[99.14,12.76]]],[[[100.02,12.76],[100.1,12.76],[100.1,12.84],[100.02,12.84],[100.02,12.76]]],[[[100.1,12.76],[100.17999999999999,12.76],[100.17999999999999,12.84],[100.1,12.84],[100.1,12.76]]],[[[100.18,12.76],[100.26,12.76],[100.26,12.84],[100.18,12.84],[100.18,12.76]]],[[[100.26,12.76],[100.34,12.76],[100.34,12.84],[100.26,12.84],[100.26,12.76]]],[[[96.5,12.84],[96.58,12.84],[96.58,12.92],[96.5,12.92],[96.5,12.84]]],[[[96.58,12.84],[96.66,12.84],[96.66,12.92],[96.58,12.92],[96.58,12.84]]],[[[96.66,12.84],[96.74,12.84],[96.74,12.92],[96.66,12.92],[96.66,12.84]]],[[[96.74,12.84],[96.82,12.84],[96.82,12.92],[96.74,12.92],[96.74,12.84]]],[[[96.82,12.84],[96.89999999999999,12.84],[96.89999999999999,12.92],[96.82,12.92],[96.82,12.84]]],[[[96.9,12.84],[96.98,12.84],[96.98,12.92],[96.9,12.92],[96.9,12.84]]],[[[96.98,12.84],[97.06,12.84],[97.06,12.92],[96.98,12.92],[96.98,12.84]]],[[[97.06,12.84],[97.14,12.84],[97.14,12.92],[97.06,12.92],[97.06,12.84]]],[[[97.14,12.84],[97.22,12.84],[97.22,12.92],[97.14,12.92],[97.14,12.84]]],[[[97.22,12.84],[97.3,12.84],[97.3,12.92],[97.22,12.92],[97.22,12.84]]],[[[97.3,12.84],[97.38,12.84],[97.38,12.92],[97.3,12.92],[97.3,12.84]]],[[[97.38,12.84],[97.46,12.84],[97.46,12.92],[97.38,12.92],[97.38,12.84]]],[[[97.46,12.84],[97.53999999999999,12.84],[97.53999999999999,12.92],[97.46,12.92],[97.46,12.84]]],[[[97.54,12.84],[97.62,12.84],[97.62,12.92],[97.54,12.92],[97.54,12.84]]],[[[97.62,12.84],[97.7,12.84],[97.7,12.92],[97.62,12.92],[97.62,12.84]]],[[[97.7,12.84],[97.78,12.84],[97.78,12.92],[97.7,12.92],[97.7,12.84]]],[[[97.78,12.84],[97.86,12.84],[97.86,12.92],[97.78,12.92],[97.78,12.84]]],[[[97.86,12.84],[97.94,12.84],[97.94,12.92],[97.86,12.92],[97.86,12.84]]],[[[97.94,12.84],[98.02,12.84],[98.02,12.92],[97.94,12.92],[97.94,12.84]]],[[[98.02,12.84],[98.1,12.84],[98.1,12.92],[98.02,12.92],[98.02,12.84]]],[[[98.1,12.84],[98.17999999999999,12.84],[98.17999999999999,12.92],[98.1,12.92],[98.1,12.84]]],[[[98.18,12.84],[98.26,12.84],[98.26,12.92],[98.18,12.92],[98.18,12.84]]],[[[98.26,12.84],[98.34,12.84],[98.34,12.92],[98.26,12.92],[98.26,12.84]]],[[[98.34,12.84],[98.42,12.84],[98.42,12.92],[98.34,12.92],[98.34,12.84]]],[[[98.42,12.84],[98.5,12.84],[98.5,12.92],[98.42,12.92],[98.42,12.84]]],[[[98.5,12.84],[98.58,12.84],[98.58,12.92],[98.5,12.92],[98.5,12.84]]],[[[98.58,12.84],[98.66,12.84],[98.66,12.92],[98.58,12.92],[98.58,12.84]]],[[[98.66,12.84],[98.74,12.84],[98.74,12.92],[98.66,12.92],[98.66,12.84]]],[[[98.74,12.84],[98.82,12.84],[98.82,12.92],[98.74,12.92],[98.74,12.84]]],[[[98.82,12.84],[98.89999999999999,12.84],[98.89999999999999,12.92],[98.82,12.92],[98.82,12.84]]],[[[98.9,12.84],[98.98,12.84],[98.98,12.92],[98.9,12.92],[98.9,12.84]]],[[[98.98,12.84],[99.06,12.84],[99.06,12.92],[98.98,12.92],[98.98,12.84]]],[[[99.06,12.84],[99.14,12.84],[99.14,12.92],[99.06,12.92],[99.06,12.84]]],[[[99.14,12.84],[99.22,12.84],[99.22,12.92],[99.14,12.92],[99.14,12.84]]],[[[100.02,12.84],[100.1,12.84],[100.1,12.92],[100.02,12.92],[100.02,12.84]]],[[[100.1,12.84],[100.17999999999999,12.84],[100.17999999999999,12.92],[100.1,12.92],[100.1,12.84]]],[[[100.18,12.84],[100.26,12.84],[100.26,12.92],[100.18,12.92],[100.18,12.84]]],[[[100.26,12.84],[100.34,12.84],[100.34,12.92],[100.26,12.92],[100.26,12.84]]],[[[96.5,12.92],[96.58,12.92],[96.58,13],[96.5,13],[96.5,12.92]]],[[[96.58,12.92],[96.66,12.92],[96.66,13],[96.58,13],[96.58,12.92]]],[[[96.66,12.92],[96.74,12.92],[96.74,13],[96.66,13],[96.66,12.92]]],[[[96.74,12.92],[96.82,12.92],[96.82,13],[96.74,13],[96.74,12.92]]],[[[96.82,12.92],[96.89999999999999,12.92],[96.89999999999999,13],[96.82,13],[96.82,12.92]]],[[[96.9,12.92],[96.98,12.92],[96.98,13],[96.9,13],[96.9,12.92]]],[[[96.98,12.92],[97.06,12.92],[97.06,13],[96.98,13],[96.98,12.92]]],[[[97.06,12.92],[97.14,12.92],[97.14,13],[97.06,13],[97.06,12.92]]],[[[97.14,12.92],[97.22,12.92],[97.22,13],[97.14,13],[97.14,12.92]]],[[[97.22,12.92],[97.3,12.92],[97.3,13],[97.22,13],[97.22,12.92]]],[[[97.3,12.92],[97.38,12.92],[97.38,13],[97.3,13],[97.3,12.92]]],[[[97.38,12.92],[97.46,12.92],[97.46,13],[97.38,13],[97.38,12.92]]],[[[97.46,12.92],[97.53999999999999,12.92],[97.53999999999999,13],[97.46,13],[97.46,12.92]]],[[[97.54,12.92],[97.62,12.92],[97.62,13],[97.54,13],[97.54,12.92]]],[[[97.62,12.92],[97.7,12.92],[97.7,13],[97.62,13],[97.62,12.92]]],[[[97.7,12.92],[97.78,12.92],[97.78,13],[97.7,13],[97.7,12.92]]],[[[97.78,12.92],[97.86,12.92],[97.86,13],[97.78,13],[97.78,12.92]]],[[[97.86,12.92],[97.94,12.92],[97.94,13],[97.86,13],[97.86,12.92]]],[[[97.94,12.92],[98.02,12.92],[98.02,13],[97.94,13],[97.94,12.92]]],[[[98.02,12.92],[98.1,12.92],[98.1,13],[98.02,13],[98.02,12.92]]],[[[98.1,12.92],[98.17999999999999,12.92],[98.17999999999999,13],[98.1,13],[98.1,12.92]]],[[[98.18,12.92],[98.26,12.92],[98.26,13],[98.18,13],[98.18,12.92]]],[[[98.26,12.92],[98.34,12.92],[98.34,13],[98.26,13],[98.26,12.92]]],[[[98.34,12.92],[98.42,12.92],[98.42,13],[98.34,13],[98.34,12.92]]],[[[98.42,12.92],[98.5,12.92],[98.5,13],[98.42,13],[98.42,12.92]]],[[[98.5,12.92],[98.58,12.92],[98.58,13],[98.5,13],[98.5,12.92]]],[[[98.58,12.92],[98.66,12.92],[98.66,13],[98.58,13],[98.58,12.92]]],[[[98.66,12.92],[98.74,12.92],[98.74,13],[98.66,13],[98.66,12.92]]],[[[98.74,12.92],[98.82,12.92],[98.82,13],[98.74,13],[98.74,12.92]]],[[[98.82,12.92],[98.89999999999999,12.92],[98.89999999999999,13],[98.82,13],[98.82,12.92]]],[[[98.9,12.92],[98.98,12.92],[98.98,13],[98.9,13],[98.9,12.92]]],[[[98.98,12.92],[99.06,12.92],[99.06,13],[98.98,13],[98.98,12.92]]],[[[99.06,12.92],[99.14,12.92],[99.14,13],[99.06,13],[99.06,12.92]]],[[[99.14,12.92],[99.22,12.92],[99.22,13],[99.14,13],[99.14,12.92]]],[[[100.02,12.92],[100.1,12.92],[100.1,13],[100.02,13],[100.02,12.92]]],[[[100.1,12.92],[100.17999999999999,12.92],[100.17999999999999,13],[100.1,13],[100.1,12.92]]],[[[100.18,12.92],[100.26,12.92],[100.26,13],[100.18,13],[100.18,12.92]]],[[[100.26,12.92],[100.34,12.92],[100.34,13],[100.26,13],[100.26,12.92]]],[[[96.5,13],[96.58,13],[96.58,13.08],[96.5,13.08],[96.5,13]]],[[[96.58,13],[96.66,13],[96.66,13.08],[96.58,13.08],[96.58,13]]],[[[96.66,13],[96.74,13],[96.74,13.08],[96.66,13.08],[96.66,13]]],[[[96.74,13],[96.82,13],[96.82,13.08],[96.74,13.08],[96.74,13]]],[[[96.82,13],[96.89999999999999,13],[96.89999999999999,13.08],[96.82,13.08],[96.82,13]]],[[[96.9,13],[96.98,13],[96.98,13.08],[96.9,13.08],[96.9,13]]],[[[96.98,13],[97.06,13],[97.06,13.08],[96.98,13.08],[96.98,13]]],[[[97.06,13],[97.14,13],[97.14,13.08],[97.06,13.08],[97.06,13]]],[[[97.14,13],[97.22,13],[97.22,13.08],[97.14,13.08],[97.14,13]]],[[[97.22,13],[97.3,13],[97.3,13.08],[97.22,13.08],[97.22,13]]],[[[97.3,13],[97.38,13],[97.38,13.08],[97.3,13.08],[97.3,13]]],[[[97.38,13],[97.46,13],[97.46,13.08],[97.38,13.08],[97.38,13]]],[[[97.46,13],[97.53999999999999,13],[97.53999999999999,13.08],[97.46,13.08],[97.46,13]]],[[[97.54,13],[97.62,13],[97.62,13.08],[97.54,13.08],[97.54,13]]],[[[97.62,13],[97.7,13],[97.7,13.08],[97.62,13.08],[97.62,13]]],[[[97.7,13],[97.78,13],[97.78,13.08],[97.7,13.08],[97.7,13]]],[[[97.78,13],[97.86,13],[97.86,13.08],[97.78,13.08],[97.78,13]]],[[[97.86,13],[97.94,13],[97.94,13.08],[97.86,13.08],[97.86,13]]],[[[97.94,13],[98.02,13],[98.02,13.08],[97.94,13.08],[97.94,13]]],[[[98.02,13],[98.1,13],[98.1,13.08],[98.02,13.08],[98.02,13]]],[[[98.1,13],[98.17999999999999,13],[98.17999999999999,13.08],[98.1,13.08],[98.1,13]]],[[[98.18,13],[98.26,13],[98.26,13.08],[98.18,13.08],[98.18,13]]],[[[98.26,13],[98.34,13],[98.34,13.08],[98.26,13.08],[98.26,13]]],[[[98.34,13],[98.42,13],[98.42,13.08],[98.34,13.08],[98.34,13]]],[[[98.42,13],[98.5,13],[98.5,13.08],[98.42,13.08],[98.42,13]]],[[[98.5,13],[98.58,13],[98.58,13.08],[98.5,13.08],[98.5,13]]],[[[98.58,13],[98.66,13],[98.66,13.08],[98.58,13.08],[98.58,13]]],[[[98.66,13],[98.74,13],[98.74,13.08],[98.66,13.08],[98.66,13]]],[[[98.74,13],[98.82,13],[98.82,13.08],[98.74,13.08],[98.74,13]]],[[[98.82,13],[98.89999999999999,13],[98.89999999999999,13.08],[98.82,13.08],[98.82,13]]],[[[98.9,13],[98.98,13],[98.98,13.08],[98.9,13.08],[98.9,13]]],[[[98.98,13],[99.06,13],[99.06,13.08],[98.98,13.08],[98.98,13]]],[[[99.06,13],[99.14,13],[99.14,13.08],[99.06,13.08],[99.06,13]]],[[[100.1,13],[100.17999999999999,13],[100.17999999999999,13.08],[100.1,13.08],[100.1,13]]],[[[100.18,13],[100.26,13],[100.26,13.08],[100.18,13.08],[100.18,13]]],[[[100.26,13],[100.34,13],[100.34,13.08],[100.26,13.08],[100.26,13]]],[[[100.34,13],[100.42,13],[100.42,13.08],[100.34,13.08],[100.34,13]]],[[[96.5,13.08],[96.58,13.08],[96.58,13.16],[96.5,13.16],[96.5,13.08]]],[[[96.58,13.08],[96.66,13.08],[96.66,13.16],[96.58,13.16],[96.58,13.08]]],[[[96.66,13.08],[96.74,13.08],[96.74,13.16],[96.66,13.16],[96.66,13.08]]],[[[96.74,13.08],[96.82,13.08],[96.82,13.16],[96.74,13.16],[96.74,13.08]]],[[[96.82,13.08],[96.89999999999999,13.08],[96.89999999999999,13.16],[96.82,13.16],[96.82,13.08]]],[[[96.9,13.08],[96.98,13.08],[96.98,13.16],[96.9,13.16],[96.9,13.08]]],[[[96.98,13.08],[97.06,13.08],[97.06,13.16],[96.98,13.16],[96.98,13.08]]],[[[97.06,13.08],[97.14,13.08],[97.14,13.16],[97.06,13.16],[97.06,13.08]]],[[[97.14,13.08],[97.22,13.08],[97.22,13.16],[97.14,13.16],[97.14,13.08]]],[[[97.22,13.08],[97.3,13.08],[97.3,13.16],[97.22,13.16],[97.22,13.08]]],[[[97.3,13.08],[97.38,13.08],[97.38,13.16],[97.3,13.16],[97.3,13.08]]],[[[97.38,13.08],[97.46,13.08],[97.46,13.16],[97.38,13.16],[97.38,13.08]]],[[[97.46,13.08],[97.53999999999999,13.08],[97.53999999999999,13.16],[97.46,13.16],[97.46,13.08]]],[[[97.54,13.08],[97.62,13.08],[97.62,13.16],[97.54,13.16],[97.54,13.08]]],[[[97.62,13.08],[97.7,13.08],[97.7,13.16],[97.62,13.16],[97.62,13.08]]],[[[97.7,13.08],[97.78,13.08],[97.78,13.16],[97.7,13.16],[97.7,13.08]]],[[[97.78,13.08],[97.86,13.08],[97.86,13.16],[97.78,13.16],[97.78,13.08]]],[[[97.86,13.08],[97.94,13.08],[97.94,13.16],[97.86,13.16],[97.86,13.08]]],[[[97.94,13.08],[98.02,13.08],[98.02,13.16],[97.94,13.16],[97.94,13.08]]],[[[98.02,13.08],[98.1,13.08],[98.1,13.16],[98.02,13.16],[98.02,13.08]]],[[[98.1,13.08],[98.17999999999999,13.08],[98.17999999999999,13.16],[98.1,13.16],[98.1,13.08]]],[[[98.18,13.08],[98.26,13.08],[98.26,13.16],[98.18,13.16],[98.18,13.08]]],[[[98.26,13.08],[98.34,13.08],[98.34,13.16],[98.26,13.16],[98.26,13.08]]],[[[98.34,13.08],[98.42,13.08],[98.42,13.16],[98.34,13.16],[98.34,13.08]]],[[[98.42,13.08],[98.5,13.08],[98.5,13.16],[98.42,13.16],[98.42,13.08]]],[[[98.5,13.08],[98.58,13.08],[98.58,13.16],[98.5,13.16],[98.5,13.08]]],[[[98.58,13.08],[98.66,13.08],[98.66,13.16],[98.58,13.16],[98.58,13.08]]],[[[98.66,13.08],[98.74,13.08],[98.74,13.16],[98.66,13.16],[98.66,13.08]]],[[[98.74,13.08],[98.82,13.08],[98.82,13.16],[98.74,13.16],[98.74,13.08]]],[[[98.82,13.08],[98.89999999999999,13.08],[98.89999999999999,13.16],[98.82,13.16],[98.82,13.08]]],[[[98.9,13.08],[98.98,13.08],[98.98,13.16],[98.9,13.16],[98.9,13.08]]],[[[98.98,13.08],[99.06,13.08],[99.06,13.16],[98.98,13.16],[98.98,13.08]]],[[[99.06,13.08],[99.14,13.08],[99.14,13.16],[99.06,13.16],[99.06,13.08]]],[[[100.1,13.08],[100.17999999999999,13.08],[100.17999999999999,13.16],[100.1,13.16],[100.1,13.08]]],[[[100.18,13.08],[100.26,13.08],[100.26,13.16],[100.18,13.16],[100.18,13.08]]],[[[100.26,13.08],[100.34,13.08],[100.34,13.16],[100.26,13.16],[100.26,13.08]]],[[[100.34,13.08],[100.42,13.08],[100.42,13.16],[100.34,13.16],[100.34,13.08]]],[[[96.5,13.16],[96.58,13.16],[96.58,13.24],[96.5,13.24],[96.5,13.16]]],[[[96.58,13.16],[96.66,13.16],[96.66,13.24],[96.58,13.24],[96.58,13.16]]],[[[96.66,13.16],[96.74,13.16],[96.74,13.24],[96.66,13.24],[96.66,13.16]]],[[[96.74,13.16],[96.82,13.16],[96.82,13.24],[96.74,13.24],[96.74,13.16]]],[[[96.82,13.16],[96.89999999999999,13.16],[96.89999999999999,13.24],[96.82,13.24],[96.82,13.16]]],[[[96.9,13.16],[96.98,13.16],[96.98,13.24],[96.9,13.24],[96.9,13.16]]],[[[96.98,13.16],[97.06,13.16],[97.06,13.24],[96.98,13.24],[96.98,13.16]]],[[[97.06,13.16],[97.14,13.16],[97.14,13.24],[97.06,13.24],[97.06,13.16]]],[[[97.14,13.16],[97.22,13.16],[97.22,13.24],[97.14,13.24],[97.14,13.16]]],[[[97.22,13.16],[97.3,13.16],[97.3,13.24],[97.22,13.24],[97.22,13.16]]],[[[97.3,13.16],[97.38,13.16],[97.38,13.24],[97.3,13.24],[97.3,13.16]]],[[[97.38,13.16],[97.46,13.16],[97.46,13.24],[97.38,13.24],[97.38,13.16]]],[[[97.46,13.16],[97.53999999999999,13.16],[97.53999999999999,13.24],[97.46,13.24],[97.46,13.16]]],[[[97.54,13.16],[97.62,13.16],[97.62,13.24],[97.54,13.24],[97.54,13.16]]],[[[97.62,13.16],[97.7,13.16],[97.7,13.24],[97.62,13.24],[97.62,13.16]]],[[[97.7,13.16],[97.78,13.16],[97.78,13.24],[97.7,13.24],[97.7,13.16]]],[[[97.78,13.16],[97.86,13.16],[97.86,13.24],[97.78,13.24],[97.78,13.16]]],[[[97.86,13.16],[97.94,13.16],[97.94,13.24],[97.86,13.24],[97.86,13.16]]],[[[97.94,13.16],[98.02,13.16],[98.02,13.24],[97.94,13.24],[97.94,13.16]]],[[[98.02,13.16],[98.1,13.16],[98.1,13.24],[98.02,13.24],[98.02,13.16]]],[[[98.1,13.16],[98.17999999999999,13.16],[98.17999999999999,13.24],[98.1,13.24],[98.1,13.16]]],[[[98.18,13.16],[98.26,13.16],[98.26,13.24],[98.18,13.24],[98.18,13.16]]],[[[98.26,13.16],[98.34,13.16],[98.34,13.24],[98.26,13.24],[98.26,13.16]]],[[[98.34,13.16],[98.42,13.16],[98.42,13.24],[98.34,13.24],[98.34,13.16]]],[[[98.42,13.16],[98.5,13.16],[98.5,13.24],[98.42,13.24],[98.42,13.16]]],[[[98.5,13.16],[98.58,13.16],[98.58,13.24],[98.5,13.24],[98.5,13.16]]],[[[98.58,13.16],[98.66,13.16],[98.66,13.24],[98.58,13.24],[98.58,13.16]]],[[[98.66,13.16],[98.74,13.16],[98.74,13.24],[98.66,13.24],[98.66,13.16]]],[[[98.74,13.16],[98.82,13.16],[98.82,13.24],[98.74,13.24],[98.74,13.16]]],[[[98.82,13.16],[98.89999999999999,13.16],[98.89999999999999,13.24],[98.82,13.24],[98.82,13.16]]],[[[98.9,13.16],[98.98,13.16],[98.98,13.24],[98.9,13.24],[98.9,13.16]]],[[[98.98,13.16],[99.06,13.16],[99.06,13.24],[98.98,13.24],[98.98,13.16]]],[[[99.06,13.16],[99.14,13.16],[99.14,13.24],[99.06,13.24],[99.06,13.16]]],[[[99.14,13.16],[99.22,13.16],[99.22,13.24],[99.14,13.24],[99.14,13.16]]],[[[99.22,13.16],[99.3,13.16],[99.3,13.24],[99.22,13.24],[99.22,13.16]]],[[[99.38,13.16],[99.46,13.16],[99.46,13.24],[99.38,13.24],[99.38,13.16]]],[[[99.46,13.16],[99.53999999999999,13.16],[99.53999999999999,13.24],[99.46,13.24],[99.46,13.16]]],[[[99.54,13.16],[99.62,13.16],[99.62,13.24],[99.54,13.24],[99.54,13.16]]],[[[100.02,13.16],[100.1,13.16],[100.1,13.24],[100.02,13.24],[100.02,13.16]]],[[[100.1,13.16],[100.17999999999999,13.16],[100.17999999999999,13.24],[100.1,13.24],[100.1,13.16]]],[[[100.18,13.16],[100.26,13.16],[100.26,13.24],[100.18,13.24],[100.18,13.16]]],[[[100.26,13.16],[100.34,13.16],[100.34,13.24],[100.26,13.24],[100.26,13.16]]],[[[96.5,13.24],[96.58,13.24],[96.58,13.32],[96.5,13.32],[96.5,13.24]]],[[[96.58,13.24],[96.66,13.24],[96.66,13.32],[96.58,13.32],[96.58,13.24]]],[[[96.66,13.24],[96.74,13.24],[96.74,13.32],[96.66,13.32],[96.66,13.24]]],[[[96.74,13.24],[96.82,13.24],[96.82,13.32],[96.74,13.32],[96.74,13.24]]],[[[96.82,13.24],[96.89999999999999,13.24],[96.89999999999999,13.32],[96.82,13.32],[96.82,13.24]]],[[[96.9,13.24],[96.98,13.24],[96.98,13.32],[96.9,13.32],[96.9,13.24]]],[[[96.98,13.24],[97.06,13.24],[97.06,13.32],[96.98,13.32],[96.98,13.24]]],[[[97.06,13.24],[97.14,13.24],[97.14,13.32],[97.06,13.32],[97.06,13.24]]],[[[97.14,13.24],[97.22,13.24],[97.22,13.32],[97.14,13.32],[97.14,13.24]]],[[[97.22,13.24],[97.3,13.24],[97.3,13.32],[97.22,13.32],[97.22,13.24]]],[[[97.3,13.24],[97.38,13.24],[97.38,13.32],[97.3,13.32],[97.3,13.24]]],[[[97.38,13.24],[97.46,13.24],[97.46,13.32],[97.38,13.32],[97.38,13.24]]],[[[97.46,13.24],[97.53999999999999,13.24],[97.53999999999999,13.32],[97.46,13.32],[97.46,13.24]]],[[[97.54,13.24],[97.62,13.24],[97.62,13.32],[97.54,13.32],[97.54,13.24]]],[[[97.62,13.24],[97.7,13.24],[97.7,13.32],[97.62,13.32],[97.62,13.24]]],[[[97.7,13.24],[97.78,13.24],[97.78,13.32],[97.7,13.32],[97.7,13.24]]],[[[97.78,13.24],[97.86,13.24],[97.86,13.32],[97.78,13.32],[97.78,13.24]]],[[[97.86,13.24],[97.94,13.24],[97.94,13.32],[97.86,13.32],[97.86,13.24]]],[[[97.94,13.24],[98.02,13.24],[98.02,13.32],[97.94,13.32],[97.94,13.24]]],[[[98.02,13.24],[98.1,13.24],[98.1,13.32],[98.02,13.32],[98.02,13.24]]],[[[98.1,13.24],[98.17999999999999,13.24],[98.17999999999999,13.32],[98.1,13.32],[98.1,13.24]]],[[[98.18,13.24],[98.26,13.24],[98.26,13.32],[98.18,13.32],[98.18,13.24]]],[[[98.26,13.24],[98.34,13.24],[98.34,13.32],[98.26,13.32],[98.26,13.24]]],[[[98.34,13.24],[98.42,13.24],[98.42,13.32],[98.34,13.32],[98.34,13.24]]],[[[98.42,13.24],[98.5,13.24],[98.5,13.32],[98.42,13.32],[98.42,13.24]]],[[[98.5,13.24],[98.58,13.24],[98.58,13.32],[98.5,13.32],[98.5,13.24]]],[[[98.58,13.24],[98.66,13.24],[98.66,13.32],[98.58,13.32],[98.58,13.24]]],[[[98.66,13.24],[98.74,13.24],[98.74,13.32],[98.66,13.32],[98.66,13.24]]],[[[98.74,13.24],[98.82,13.24],[98.82,13.32],[98.74,13.32],[98.74,13.24]]],[[[98.82,13.24],[98.89999999999999,13.24],[98.89999999999999,13.32],[98.82,13.32],[98.82,13.24]]],[[[98.9,13.24],[98.98,13.24],[98.98,13.32],[98.9,13.32],[98.9,13.24]]],[[[98.98,13.24],[99.06,13.24],[99.06,13.32],[98.98,13.32],[98.98,13.24]]],[[[99.06,13.24],[99.14,13.24],[99.14,13.32],[99.06,13.32],[99.06,13.24]]],[[[99.14,13.24],[99.22,13.24],[99.22,13.32],[99.14,13.32],[99.14,13.24]]],[[[99.22,13.24],[99.3,13.24],[99.3,13.32],[99.22,13.32],[99.22,13.24]]],[[[99.3,13.24],[99.38,13.24],[99.38,13.32],[99.3,13.32],[99.3,13.24]]],[[[99.38,13.24],[99.46,13.24],[99.46,13.32],[99.38,13.32],[99.38,13.24]]],[[[99.46,13.24],[99.53999999999999,13.24],[99.53999999999999,13.32],[99.46,13.32],[99.46,13.24]]],[[[99.54,13.24],[99.62,13.24],[99.62,13.32],[99.54,13.32],[99.54,13.24]]],[[[99.62,13.24],[99.7,13.24],[99.7,13.32],[99.62,13.32],[99.62,13.24]]],[[[99.94,13.24],[100.02,13.24],[100.02,13.32],[99.94,13.32],[99.94,13.24]]],[[[96.5,13.32],[96.58,13.32],[96.58,13.4],[96.5,13.4],[96.5,13.32]]],[[[96.58,13.32],[96.66,13.32],[96.66,13.4],[96.58,13.4],[96.58,13.32]]],[[[96.66,13.32],[96.74,13.32],[96.74,13.4],[96.66,13.4],[96.66,13.32]]],[[[96.74,13.32],[96.82,13.32],[96.82,13.4],[96.74,13.4],[96.74,13.32]]],[[[96.82,13.32],[96.89999999999999,13.32],[96.89999999999999,13.4],[96.82,13.4],[96.82,13.32]]],[[[96.9,13.32],[96.98,13.32],[96.98,13.4],[96.9,13.4],[96.9,13.32]]],[[[96.98,13.32],[97.06,13.32],[97.06,13.4],[96.98,13.4],[96.98,13.32]]],[[[97.06,13.32],[97.14,13.32],[97.14,13.4],[97.06,13.4],[97.06,13.32]]],[[[97.14,13.32],[97.22,13.32],[97.22,13.4],[97.14,13.4],[97.14,13.32]]],[[[97.22,13.32],[97.3,13.32],[97.3,13.4],[97.22,13.4],[97.22,13.32]]],[[[97.3,13.32],[97.38,13.32],[97.38,13.4],[97.3,13.4],[97.3,13.32]]],[[[97.38,13.32],[97.46,13.32],[97.46,13.4],[97.38,13.4],[97.38,13.32]]],[[[97.46,13.32],[97.53999999999999,13.32],[97.53999999999999,13.4],[97.46,13.4],[97.46,13.32]]],[[[97.54,13.32],[97.62,13.32],[97.62,13.4],[97.54,13.4],[97.54,13.32]]],[[[97.62,13.32],[97.7,13.32],[97.7,13.4],[97.62,13.4],[97.62,13.32]]],[[[97.7,13.32],[97.78,13.32],[97.78,13.4],[97.7,13.4],[97.7,13.32]]],[[[97.78,13.32],[97.86,13.32],[97.86,13.4],[97.78,13.4],[97.78,13.32]]],[[[97.86,13.32],[97.94,13.32],[97.94,13.4],[97.86,13.4],[97.86,13.32]]],[[[97.94,13.32],[98.02,13.32],[98.02,13.4],[97.94,13.4],[97.94,13.32]]],[[[98.02,13.32],[98.1,13.32],[98.1,13.4],[98.02,13.4],[98.02,13.32]]],[[[98.1,13.32],[98.17999999999999,13.32],[98.17999999999999,13.4],[98.1,13.4],[98.1,13.32]]],[[[98.18,13.32],[98.26,13.32],[98.26,13.4],[98.18,13.4],[98.18,13.32]]],[[[98.26,13.32],[98.34,13.32],[98.34,13.4],[98.26,13.4],[98.26,13.32]]],[[[98.34,13.32],[98.42,13.32],[98.42,13.4],[98.34,13.4],[98.34,13.32]]],[[[98.42,13.32],[98.5,13.32],[98.5,13.4],[98.42,13.4],[98.42,13.32]]],[[[98.5,13.32],[98.58,13.32],[98.58,13.4],[98.5,13.4],[98.5,13.32]]],[[[98.58,13.32],[98.66,13.32],[98.66,13.4],[98.58,13.4],[98.58,13.32]]],[[[98.66,13.32],[98.74,13.32],[98.74,13.4],[98.66,13.4],[98.66,13.32]]],[[[98.74,13.32],[98.82,13.32],[98.82,13.4],[98.74,13.4],[98.74,13.32]]],[[[98.82,13.32],[98.89999999999999,13.32],[98.89999999999999,13.4],[98.82,13.4],[98.82,13.32]]],[[[98.9,13.32],[98.98,13.32],[98.98,13.4],[98.9,13.4],[98.9,13.32]]],[[[98.98,13.32],[99.06,13.32],[99.06,13.4],[98.98,13.4],[98.98,13.32]]],[[[99.06,13.32],[99.14,13.32],[99.14,13.4],[99.06,13.4],[99.06,13.32]]],[[[99.14,13.32],[99.22,13.32],[99.22,13.4],[99.14,13.4],[99.14,13.32]]],[[[99.22,13.32],[99.3,13.32],[99.3,13.4],[99.22,13.4],[99.22,13.32]]],[[[99.3,13.32],[99.38,13.32],[99.38,13.4],[99.3,13.4],[99.3,13.32]]],[[[99.38,13.32],[99.46,13.32],[99.46,13.4],[99.38,13.4],[99.38,13.32]]],[[[99.46,13.32],[99.53999999999999,13.32],[99.53999999999999,13.4],[99.46,13.4],[99.46,13.32]]],[[[99.54,13.32],[99.62,13.32],[99.62,13.4],[99.54,13.4],[99.54,13.32]]],[[[99.62,13.32],[99.7,13.32],[99.7,13.4],[99.62,13.4],[99.62,13.32]]],[[[99.7,13.32],[99.78,13.32],[99.78,13.4],[99.7,13.4],[99.7,13.32]]],[[[99.78,13.32],[99.86,13.32],[99.86,13.4],[99.78,13.4],[99.78,13.32]]],[[[96.5,13.4],[96.58,13.4],[96.58,13.48],[96.5,13.48],[96.5,13.4]]],[[[96.58,13.4],[96.66,13.4],[96.66,13.48],[96.58,13.48],[96.58,13.4]]],[[[96.66,13.4],[96.74,13.4],[96.74,13.48],[96.66,13.48],[96.66,13.4]]],[[[96.74,13.4],[96.82,13.4],[96.82,13.48],[96.74,13.48],[96.74,13.4]]],[[[96.82,13.4],[96.89999999999999,13.4],[96.89999999999999,13.48],[96.82,13.48],[96.82,13.4]]],[[[96.9,13.4],[96.98,13.4],[96.98,13.48],[96.9,13.48],[96.9,13.4]]],[[[96.98,13.4],[97.06,13.4],[97.06,13.48],[96.98,13.48],[96.98,13.4]]],[[[97.06,13.4],[97.14,13.4],[97.14,13.48],[97.06,13.48],[97.06,13.4]]],[[[97.14,13.4],[97.22,13.4],[97.22,13.48],[97.14,13.48],[97.14,13.4]]],[[[97.22,13.4],[97.3,13.4],[97.3,13.48],[97.22,13.48],[97.22,13.4]]],[[[97.3,13.4],[97.38,13.4],[97.38,13.48],[97.3,13.48],[97.3,13.4]]],[[[97.38,13.4],[97.46,13.4],[97.46,13.48],[97.38,13.48],[97.38,13.4]]],[[[97.46,13.4],[97.53999999999999,13.4],[97.53999999999999,13.48],[97.46,13.48],[97.46,13.4]]],[[[97.54,13.4],[97.62,13.4],[97.62,13.48],[97.54,13.48],[97.54,13.4]]],[[[97.62,13.4],[97.7,13.4],[97.7,13.48],[97.62,13.48],[97.62,13.4]]],[[[97.7,13.4],[97.78,13.4],[97.78,13.48],[97.7,13.48],[97.7,13.4]]],[[[97.78,13.4],[97.86,13.4],[97.86,13.48],[97.78,13.48],[97.78,13.4]]],[[[97.86,13.4],[97.94,13.4],[97.94,13.48],[97.86,13.48],[97.86,13.4]]],[[[97.94,13.4],[98.02,13.4],[98.02,13.48],[97.94,13.48],[97.94,13.4]]],[[[98.02,13.4],[98.1,13.4],[98.1,13.48],[98.02,13.48],[98.02,13.4]]],[[[98.1,13.4],[98.17999999999999,13.4],[98.17999999999999,13.48],[98.1,13.48],[98.1,13.4]]],[[[98.18,13.4],[98.26,13.4],[98.26,13.48],[98.18,13.48],[98.18,13.4]]],[[[98.26,13.4],[98.34,13.4],[98.34,13.48],[98.26,13.48],[98.26,13.4]]],[[[98.34,13.4],[98.42,13.4],[98.42,13.48],[98.34,13.48],[98.34,13.4]]],[[[98.42,13.4],[98.5,13.4],[98.5,13.48],[98.42,13.48],[98.42,13.4]]],[[[98.5,13.4],[98.58,13.4],[98.58,13.48],[98.5,13.48],[98.5,13.4]]],[[[98.58,13.4],[98.66,13.4],[98.66,13.48],[98.58,13.48],[98.58,13.4]]],[[[98.66,13.4],[98.74,13.4],[98.74,13.48],[98.66,13.48],[98.66,13.4]]],[[[98.74,13.4],[98.82,13.4],[98.82,13.48],[98.74,13.48],[98.74,13.4]]],[[[98.82,13.4],[98.89999999999999,13.4],[98.89999999999999,13.48],[98.82,13.48],[98.82,13.4]]],[[[98.9,13.4],[98.98,13.4],[98.98,13.48],[98.9,13.48],[98.9,13.4]]],[[[98.98,13.4],[99.06,13.4],[99.06,13.48],[98.98,13.48],[98.98,13.4]]],[[[99.06,13.4],[99.14,13.4],[99.14,13.48],[99.06,13.48],[99.06,13.4]]],[[[99.14,13.4],[99.22,13.4],[99.22,13.48],[99.14,13.48],[99.14,13.4]]],[[[99.22,13.4],[99.3,13.4],[99.3,13.48],[99.22,13.48],[99.22,13.4]]],[[[99.3,13.4],[99.38,13.4],[99.38,13.48],[99.3,13.48],[99.3,13.4]]],[[[99.38,13.4],[99.46,13.4],[99.46,13.48],[99.38,13.48],[99.38,13.4]]],[[[99.46,13.4],[99.53999999999999,13.4],[99.53999999999999,13.48],[99.46,13.48],[99.46,13.4]]],[[[99.54,13.4],[99.62,13.4],[99.62,13.48],[99.54,13.48],[99.54,13.4]]],[[[99.62,13.4],[99.7,13.4],[99.7,13.48],[99.62,13.48],[99.62,13.4]]],[[[99.7,13.4],[99.78,13.4],[99.78,13.48],[99.7,13.48],[99.7,13.4]]],[[[96.5,13.48],[96.58,13.48],[96.58,13.56],[96.5,13.56],[96.5,13.48]]],[[[96.58,13.48],[96.66,13.48],[96.66,13.56],[96.58,13.56],[96.58,13.48]]],[[[96.66,13.48],[96.74,13.48],[96.74,13.56],[96.66,13.56],[96.66,13.48]]],[[[96.74,13.48],[96.82,13.48],[96.82,13.56],[96.74,13.56],[96.74,13.48]]],[[[96.82,13.48],[96.89999999999999,13.48],[96.89999999999999,13.56],[96.82,13.56],[96.82,13.48]]],[[[96.9,13.48],[96.98,13.48],[96.98,13.56],[96.9,13.56],[96.9,13.48]]],[[[96.98,13.48],[97.06,13.48],[97.06,13.56],[96.98,13.56],[96.98,13.48]]],[[[97.06,13.48],[97.14,13.48],[97.14,13.56],[97.06,13.56],[97.06,13.48]]],[[[97.14,13.48],[97.22,13.48],[97.22,13.56],[97.14,13.56],[97.14,13.48]]],[[[97.22,13.48],[97.3,13.48],[97.3,13.56],[97.22,13.56],[97.22,13.48]]],[[[97.3,13.48],[97.38,13.48],[97.38,13.56],[97.3,13.56],[97.3,13.48]]],[[[97.38,13.48],[97.46,13.48],[97.46,13.56],[97.38,13.56],[97.38,13.48]]],[[[97.46,13.48],[97.53999999999999,13.48],[97.53999999999999,13.56],[97.46,13.56],[97.46,13.48]]],[[[97.54,13.48],[97.62,13.48],[97.62,13.56],[97.54,13.56],[97.54,13.48]]],[[[97.62,13.48],[97.7,13.48],[97.7,13.56],[97.62,13.56],[97.62,13.48]]],[[[97.7,13.48],[97.78,13.48],[97.78,13.56],[97.7,13.56],[97.7,13.48]]],[[[97.78,13.48],[97.86,13.48],[97.86,13.56],[97.78,13.56],[97.78,13.48]]],[[[97.86,13.48],[97.94,13.48],[97.94,13.56],[97.86,13.56],[97.86,13.48]]],[[[97.94,13.48],[98.02,13.48],[98.02,13.56],[97.94,13.56],[97.94,13.48]]],[[[98.02,13.48],[98.1,13.48],[98.1,13.56],[98.02,13.56],[98.02,13.48]]],[[[98.1,13.48],[98.17999999999999,13.48],[98.17999999999999,13.56],[98.1,13.56],[98.1,13.48]]],[[[98.18,13.48],[98.26,13.48],[98.26,13.56],[98.18,13.56],[98.18,13.48]]],[[[98.26,13.48],[98.34,13.48],[98.34,13.56],[98.26,13.56],[98.26,13.48]]],[[[98.34,13.48],[98.42,13.48],[98.42,13.56],[98.34,13.56],[98.34,13.48]]],[[[98.42,13.48],[98.5,13.48],[98.5,13.56],[98.42,13.56],[98.42,13.48]]],[[[98.5,13.48],[98.58,13.48],[98.58,13.56],[98.5,13.56],[98.5,13.48]]],[[[98.58,13.48],[98.66,13.48],[98.66,13.56],[98.58,13.56],[98.58,13.48]]],[[[98.66,13.48],[98.74,13.48],[98.74,13.56],[98.66,13.56],[98.66,13.48]]],[[[98.74,13.48],[98.82,13.48],[98.82,13.56],[98.74,13.56],[98.74,13.48]]],[[[98.82,13.48],[98.89999999999999,13.48],[98.89999999999999,13.56],[98.82,13.56],[98.82,13.48]]],[[[98.9,13.48],[98.98,13.48],[98.98,13.56],[98.9,13.56],[98.9,13.48]]],[[[98.98,13.48],[99.06,13.48],[99.06,13.56],[98.98,13.56],[98.98,13.48]]],[[[99.06,13.48],[99.14,13.48],[99.14,13.56],[99.06,13.56],[99.06,13.48]]],[[[99.14,13.48],[99.22,13.48],[99.22,13.56],[99.14,13.56],[99.14,13.48]]],[[[99.22,13.48],[99.3,13.48],[99.3,13.56],[99.22,13.56],[99.22,13.48]]],[[[99.3,13.48],[99.38,13.48],[99.38,13.56],[99.3,13.56],[99.3,13.48]]],[[[99.38,13.48],[99.46,13.48],[99.46,13.56],[99.38,13.56],[99.38,13.48]]],[[[99.46,13.48],[99.53999999999999,13.48],[99.53999999999999,13.56],[99.46,13.56],[99.46,13.48]]],[[[99.54,13.48],[99.62,13.48],[99.62,13.56],[99.54,13.56],[99.54,13.48]]],[[[99.62,13.48],[99.7,13.48],[99.7,13.56],[99.62,13.56],[99.62,13.48]]],[[[96.5,13.56],[96.58,13.56],[96.58,13.64],[96.5,13.64],[96.5,13.56]]],[[[96.58,13.56],[96.66,13.56],[96.66,13.64],[96.58,13.64],[96.58,13.56]]],[[[96.66,13.56],[96.74,13.56],[96.74,13.64],[96.66,13.64],[96.66,13.56]]],[[[96.74,13.56],[96.82,13.56],[96.82,13.64],[96.74,13.64],[96.74,13.56]]],[[[96.82,13.56],[96.89999999999999,13.56],[96.89999999999999,13.64],[96.82,13.64],[96.82,13.56]]],[[[96.9,13.56],[96.98,13.56],[96.98,13.64],[96.9,13.64],[96.9,13.56]]],[[[96.98,13.56],[97.06,13.56],[97.06,13.64],[96.98,13.64],[96.98,13.56]]],[[[97.06,13.56],[97.14,13.56],[97.14,13.64],[97.06,13.64],[97.06,13.56]]],[[[97.14,13.56],[97.22,13.56],[97.22,13.64],[97.14,13.64],[97.14,13.56]]],[[[97.22,13.56],[97.3,13.56],[97.3,13.64],[97.22,13.64],[97.22,13.56]]],[[[97.3,13.56],[97.38,13.56],[97.38,13.64],[97.3,13.64],[97.3,13.56]]],[[[97.38,13.56],[97.46,13.56],[97.46,13.64],[97.38,13.64],[97.38,13.56]]],[[[97.46,13.56],[97.53999999999999,13.56],[97.53999999999999,13.64],[97.46,13.64],[97.46,13.56]]],[[[97.54,13.56],[97.62,13.56],[97.62,13.64],[97.54,13.64],[97.54,13.56]]],[[[97.62,13.56],[97.7,13.56],[97.7,13.64],[97.62,13.64],[97.62,13.56]]],[[[97.7,13.56],[97.78,13.56],[97.78,13.64],[97.7,13.64],[97.7,13.56]]],[[[97.78,13.56],[97.86,13.56],[97.86,13.64],[97.78,13.64],[97.78,13.56]]],[[[97.86,13.56],[97.94,13.56],[97.94,13.64],[97.86,13.64],[97.86,13.56]]],[[[97.94,13.56],[98.02,13.56],[98.02,13.64],[97.94,13.64],[97.94,13.56]]],[[[98.02,13.56],[98.1,13.56],[98.1,13.64],[98.02,13.64],[98.02,13.56]]],[[[98.1,13.56],[98.17999999999999,13.56],[98.17999999999999,13.64],[98.1,13.64],[98.1,13.56]]],[[[98.18,13.56],[98.26,13.56],[98.26,13.64],[98.18,13.64],[98.18,13.56]]],[[[98.26,13.56],[98.34,13.56],[98.34,13.64],[98.26,13.64],[98.26,13.56]]],[[[98.34,13.56],[98.42,13.56],[98.42,13.64],[98.34,13.64],[98.34,13.56]]],[[[98.42,13.56],[98.5,13.56],[98.5,13.64],[98.42,13.64],[98.42,13.56]]],[[[98.5,13.56],[98.58,13.56],[98.58,13.64],[98.5,13.64],[98.5,13.56]]],[[[98.58,13.56],[98.66,13.56],[98.66,13.64],[98.58,13.64],[98.58,13.56]]],[[[98.66,13.56],[98.74,13.56],[98.74,13.64],[98.66,13.64],[98.66,13.56]]],[[[98.74,13.56],[98.82,13.56],[98.82,13.64],[98.74,13.64],[98.74,13.56]]],[[[98.82,13.56],[98.89999999999999,13.56],[98.89999999999999,13.64],[98.82,13.64],[98.82,13.56]]],[[[98.9,13.56],[98.98,13.56],[98.98,13.64],[98.9,13.64],[98.9,13.56]]],[[[98.98,13.56],[99.06,13.56],[99.06,13.64],[98.98,13.64],[98.98,13.56]]],[[[99.06,13.56],[99.14,13.56],[99.14,13.64],[99.06,13.64],[99.06,13.56]]],[[[99.14,13.56],[99.22,13.56],[99.22,13.64],[99.14,13.64],[99.14,13.56]]],[[[99.22,13.56],[99.3,13.56],[99.3,13.64],[99.22,13.64],[99.22,13.56]]],[[[99.3,13.56],[99.38,13.56],[99.38,13.64],[99.3,13.64],[99.3,13.56]]],[[[99.38,13.56],[99.46,13.56],[99.46,13.64],[99.38,13.64],[99.38,13.56]]],[[[99.46,13.56],[99.53999999999999,13.56],[99.53999999999999,13.64],[99.46,13.64],[99.46,13.56]]],[[[99.54,13.56],[99.62,13.56],[99.62,13.64],[99.54,13.64],[99.54,13.56]]],[[[96.5,13.64],[96.58,13.64],[96.58,13.72],[96.5,13.72],[96.5,13.64]]],[[[96.58,13.64],[96.66,13.64],[96.66,13.72],[96.58,13.72],[96.58,13.64]]],[[[96.66,13.64],[96.74,13.64],[96.74,13.72],[96.66,13.72],[96.66,13.64]]],[[[96.74,13.64],[96.82,13.64],[96.82,13.72],[96.74,13.72],[96.74,13.64]]],[[[96.82,13.64],[96.89999999999999,13.64],[96.89999999999999,13.72],[96.82,13.72],[96.82,13.64]]],[[[96.9,13.64],[96.98,13.64],[96.98,13.72],[96.9,13.72],[96.9,13.64]]],[[[96.98,13.64],[97.06,13.64],[97.06,13.72],[96.98,13.72],[96.98,13.64]]],[[[97.06,13.64],[97.14,13.64],[97.14,13.72],[97.06,13.72],[97.06,13.64]]],[[[97.14,13.64],[97.22,13.64],[97.22,13.72],[97.14,13.72],[97.14,13.64]]],[[[97.22,13.64],[97.3,13.64],[97.3,13.72],[97.22,13.72],[97.22,13.64]]],[[[97.3,13.64],[97.38,13.64],[97.38,13.72],[97.3,13.72],[97.3,13.64]]],[[[97.38,13.64],[97.46,13.64],[97.46,13.72],[97.38,13.72],[97.38,13.64]]],[[[97.46,13.64],[97.53999999999999,13.64],[97.53999999999999,13.72],[97.46,13.72],[97.46,13.64]]],[[[97.54,13.64],[97.62,13.64],[97.62,13.72],[97.54,13.72],[97.54,13.64]]],[[[97.62,13.64],[97.7,13.64],[97.7,13.72],[97.62,13.72],[97.62,13.64]]],[[[97.7,13.64],[97.78,13.64],[97.78,13.72],[97.7,13.72],[97.7,13.64]]],[[[97.78,13.64],[97.86,13.64],[97.86,13.72],[97.78,13.72],[97.78,13.64]]],[[[97.86,13.64],[97.94,13.64],[97.94,13.72],[97.86,13.72],[97.86,13.64]]],[[[97.94,13.64],[98.02,13.64],[98.02,13.72],[97.94,13.72],[97.94,13.64]]],[[[98.02,13.64],[98.1,13.64],[98.1,13.72],[98.02,13.72],[98.02,13.64]]],[[[98.1,13.64],[98.17999999999999,13.64],[98.17999999999999,13.72],[98.1,13.72],[98.1,13.64]]],[[[98.18,13.64],[98.26,13.64],[98.26,13.72],[98.18,13.72],[98.18,13.64]]],[[[98.26,13.64],[98.34,13.64],[98.34,13.72],[98.26,13.72],[98.26,13.64]]],[[[98.34,13.64],[98.42,13.64],[98.42,13.72],[98.34,13.72],[98.34,13.64]]],[[[98.42,13.64],[98.5,13.64],[98.5,13.72],[98.42,13.72],[98.42,13.64]]],[[[98.5,13.64],[98.58,13.64],[98.58,13.72],[98.5,13.72],[98.5,13.64]]],[[[98.58,13.64],[98.66,13.64],[98.66,13.72],[98.58,13.72],[98.58,13.64]]],[[[98.66,13.64],[98.74,13.64],[98.74,13.72],[98.66,13.72],[98.66,13.64]]],[[[98.74,13.64],[98.82,13.64],[98.82,13.72],[98.74,13.72],[98.74,13.64]]],[[[98.82,13.64],[98.89999999999999,13.64],[98.89999999999999,13.72],[98.82,13.72],[98.82,13.64]]],[[[98.9,13.64],[98.98,13.64],[98.98,13.72],[98.9,13.72],[98.9,13.64]]],[[[98.98,13.64],[99.06,13.64],[99.06,13.72],[98.98,13.72],[98.98,13.64]]],[[[99.06,13.64],[99.14,13.64],[99.14,13.72],[99.06,13.72],[99.06,13.64]]],[[[99.14,13.64],[99.22,13.64],[99.22,13.72],[99.14,13.72],[99.14,13.64]]],[[[99.22,13.64],[99.3,13.64],[99.3,13.72],[99.22,13.72],[99.22,13.64]]],[[[99.3,13.64],[99.38,13.64],[99.38,13.72],[99.3,13.72],[99.3,13.64]]],[[[99.38,13.64],[99.46,13.64],[99.46,13.72],[99.38,13.72],[99.38,13.64]]],[[[99.46,13.64],[99.53999999999999,13.64],[99.53999999999999,13.72],[99.46,13.72],[99.46,13.64]]],[[[96.5,13.72],[96.58,13.72],[96.58,13.8],[96.5,13.8],[96.5,13.72]]],[[[96.58,13.72],[96.66,13.72],[96.66,13.8],[96.58,13.8],[96.58,13.72]]],[[[96.66,13.72],[96.74,13.72],[96.74,13.8],[96.66,13.8],[96.66,13.72]]],[[[96.74,13.72],[96.82,13.72],[96.82,13.8],[96.74,13.8],[96.74,13.72]]],[[[96.82,13.72],[96.89999999999999,13.72],[96.89999999999999,13.8],[96.82,13.8],[96.82,13.72]]],[[[96.9,13.72],[96.98,13.72],[96.98,13.8],[96.9,13.8],[96.9,13.72]]],[[[96.98,13.72],[97.06,13.72],[97.06,13.8],[96.98,13.8],[96.98,13.72]]],[[[97.06,13.72],[97.14,13.72],[97.14,13.8],[97.06,13.8],[97.06,13.72]]],[[[97.14,13.72],[97.22,13.72],[97.22,13.8],[97.14,13.8],[97.14,13.72]]],[[[97.22,13.72],[97.3,13.72],[97.3,13.8],[97.22,13.8],[97.22,13.72]]],[[[97.3,13.72],[97.38,13.72],[97.38,13.8],[97.3,13.8],[97.3,13.72]]],[[[97.38,13.72],[97.46,13.72],[97.46,13.8],[97.38,13.8],[97.38,13.72]]],[[[97.46,13.72],[97.53999999999999,13.72],[97.53999999999999,13.8],[97.46,13.8],[97.46,13.72]]],[[[97.54,13.72],[97.62,13.72],[97.62,13.8],[97.54,13.8],[97.54,13.72]]],[[[97.62,13.72],[97.7,13.72],[97.7,13.8],[97.62,13.8],[97.62,13.72]]],[[[97.7,13.72],[97.78,13.72],[97.78,13.8],[97.7,13.8],[97.7,13.72]]],[[[97.78,13.72],[97.86,13.72],[97.86,13.8],[97.78,13.8],[97.78,13.72]]],[[[97.86,13.72],[97.94,13.72],[97.94,13.8],[97.86,13.8],[97.86,13.72]]],[[[97.94,13.72],[98.02,13.72],[98.02,13.8],[97.94,13.8],[97.94,13.72]]],[[[98.02,13.72],[98.1,13.72],[98.1,13.8],[98.02,13.8],[98.02,13.72]]],[[[98.1,13.72],[98.17999999999999,13.72],[98.17999999999999,13.8],[98.1,13.8],[98.1,13.72]]],[[[98.18,13.72],[98.26,13.72],[98.26,13.8],[98.18,13.8],[98.18,13.72]]],[[[98.26,13.72],[98.34,13.72],[98.34,13.8],[98.26,13.8],[98.26,13.72]]],[[[98.34,13.72],[98.42,13.72],[98.42,13.8],[98.34,13.8],[98.34,13.72]]],[[[98.42,13.72],[98.5,13.72],[98.5,13.8],[98.42,13.8],[98.42,13.72]]],[[[98.5,13.72],[98.58,13.72],[98.58,13.8],[98.5,13.8],[98.5,13.72]]],[[[98.58,13.72],[98.66,13.72],[98.66,13.8],[98.58,13.8],[98.58,13.72]]],[[[98.66,13.72],[98.74,13.72],[98.74,13.8],[98.66,13.8],[98.66,13.72]]],[[[98.74,13.72],[98.82,13.72],[98.82,13.8],[98.74,13.8],[98.74,13.72]]],[[[98.82,13.72],[98.89999999999999,13.72],[98.89999999999999,13.8],[98.82,13.8],[98.82,13.72]]],[[[98.9,13.72],[98.98,13.72],[98.98,13.8],[98.9,13.8],[98.9,13.72]]],[[[98.98,13.72],[99.06,13.72],[99.06,13.8],[98.98,13.8],[98.98,13.72]]],[[[99.06,13.72],[99.14,13.72],[99.14,13.8],[99.06,13.8],[99.06,13.72]]],[[[99.14,13.72],[99.22,13.72],[99.22,13.8],[99.14,13.8],[99.14,13.72]]],[[[99.22,13.72],[99.3,13.72],[99.3,13.8],[99.22,13.8],[99.22,13.72]]],[[[99.3,13.72],[99.38,13.72],[99.38,13.8],[99.3,13.8],[99.3,13.72]]],[[[99.38,13.72],[99.46,13.72],[99.46,13.8],[99.38,13.8],[99.38,13.72]]],[[[96.5,13.8],[96.58,13.8],[96.58,13.88],[96.5,13.88],[96.5,13.8]]],[[[96.58,13.8],[96.66,13.8],[96.66,13.88],[96.58,13.88],[96.58,13.8]]],[[[96.66,13.8],[96.74,13.8],[96.74,13.88],[96.66,13.88],[96.66,13.8]]],[[[96.74,13.8],[96.82,13.8],[96.82,13.88],[96.74,13.88],[96.74,13.8]]],[[[96.82,13.8],[96.89999999999999,13.8],[96.89999999999999,13.88],[96.82,13.88],[96.82,13.8]]],[[[96.9,13.8],[96.98,13.8],[96.98,13.88],[96.9,13.88],[96.9,13.8]]],[[[96.98,13.8],[97.06,13.8],[97.06,13.88],[96.98,13.88],[96.98,13.8]]],[[[97.06,13.8],[97.14,13.8],[97.14,13.88],[97.06,13.88],[97.06,13.8]]],[[[97.14,13.8],[97.22,13.8],[97.22,13.88],[97.14,13.88],[97.14,13.8]]],[[[97.22,13.8],[97.3,13.8],[97.3,13.88],[97.22,13.88],[97.22,13.8]]],[[[97.3,13.8],[97.38,13.8],[97.38,13.88],[97.3,13.88],[97.3,13.8]]],[[[97.38,13.8],[97.46,13.8],[97.46,13.88],[97.38,13.88],[97.38,13.8]]],[[[97.46,13.8],[97.53999999999999,13.8],[97.53999999999999,13.88],[97.46,13.88],[97.46,13.8]]],[[[97.54,13.8],[97.62,13.8],[97.62,13.88],[97.54,13.88],[97.54,13.8]]],[[[97.62,13.8],[97.7,13.8],[97.7,13.88],[97.62,13.88],[97.62,13.8]]],[[[97.7,13.8],[97.78,13.8],[97.78,13.88],[97.7,13.88],[97.7,13.8]]],[[[97.78,13.8],[97.86,13.8],[97.86,13.88],[97.78,13.88],[97.78,13.8]]],[[[97.86,13.8],[97.94,13.8],[97.94,13.88],[97.86,13.88],[97.86,13.8]]],[[[97.94,13.8],[98.02,13.8],[98.02,13.88],[97.94,13.88],[97.94,13.8]]],[[[98.02,13.8],[98.1,13.8],[98.1,13.88],[98.02,13.88],[98.02,13.8]]],[[[98.1,13.8],[98.17999999999999,13.8],[98.17999999999999,13.88],[98.1,13.88],[98.1,13.8]]],[[[98.18,13.8],[98.26,13.8],[98.26,13.88],[98.18,13.88],[98.18,13.8]]],[[[98.26,13.8],[98.34,13.8],[98.34,13.88],[98.26,13.88],[98.26,13.8]]],[[[98.34,13.8],[98.42,13.8],[98.42,13.88],[98.34,13.88],[98.34,13.8]]],[[[98.42,13.8],[98.5,13.8],[98.5,13.88],[98.42,13.88],[98.42,13.8]]],[[[98.5,13.8],[98.58,13.8],[98.58,13.88],[98.5,13.88],[98.5,13.8]]],[[[98.58,13.8],[98.66,13.8],[98.66,13.88],[98.58,13.88],[98.58,13.8]]],[[[98.66,13.8],[98.74,13.8],[98.74,13.88],[98.66,13.88],[98.66,13.8]]],[[[98.74,13.8],[98.82,13.8],[98.82,13.88],[98.74,13.88],[98.74,13.8]]],[[[98.82,13.8],[98.89999999999999,13.8],[98.89999999999999,13.88],[98.82,13.88],[98.82,13.8]]],[[[98.9,13.8],[98.98,13.8],[98.98,13.88],[98.9,13.88],[98.9,13.8]]],[[[98.98,13.8],[99.06,13.8],[99.06,13.88],[98.98,13.88],[98.98,13.8]]],[[[99.06,13.8],[99.14,13.8],[99.14,13.88],[99.06,13.88],[99.06,13.8]]],[[[99.14,13.8],[99.22,13.8],[99.22,13.88],[99.14,13.88],[99.14,13.8]]],[[[99.22,13.8],[99.3,13.8],[99.3,13.88],[99.22,13.88],[99.22,13.8]]],[[[99.3,13.8],[99.38,13.8],[99.38,13.88],[99.3,13.88],[99.3,13.8]]],[[[99.38,13.8],[99.46,13.8],[99.46,13.88],[99.38,13.88],[99.38,13.8]]],[[[96.5,13.88],[96.58,13.88],[96.58,13.96],[96.5,13.96],[96.5,13.88]]],[[[96.58,13.88],[96.66,13.88],[96.66,13.96],[96.58,13.96],[96.58,13.88]]],[[[96.66,13.88],[96.74,13.88],[96.74,13.96],[96.66,13.96],[96.66,13.88]]],[[[96.74,13.88],[96.82,13.88],[96.82,13.96],[96.74,13.96],[96.74,13.88]]],[[[96.82,13.88],[96.89999999999999,13.88],[96.89999999999999,13.96],[96.82,13.96],[96.82,13.88]]],[[[96.9,13.88],[96.98,13.88],[96.98,13.96],[96.9,13.96],[96.9,13.88]]],[[[96.98,13.88],[97.06,13.88],[97.06,13.96],[96.98,13.96],[96.98,13.88]]],[[[97.06,13.88],[97.14,13.88],[97.14,13.96],[97.06,13.96],[97.06,13.88]]],[[[97.14,13.88],[97.22,13.88],[97.22,13.96],[97.14,13.96],[97.14,13.88]]],[[[97.22,13.88],[97.3,13.88],[97.3,13.96],[97.22,13.96],[97.22,13.88]]],[[[97.3,13.88],[97.38,13.88],[97.38,13.96],[97.3,13.96],[97.3,13.88]]],[[[97.38,13.88],[97.46,13.88],[97.46,13.96],[97.38,13.96],[97.38,13.88]]],[[[97.46,13.88],[97.53999999999999,13.88],[97.53999999999999,13.96],[97.46,13.96],[97.46,13.88]]],[[[97.54,13.88],[97.62,13.88],[97.62,13.96],[97.54,13.96],[97.54,13.88]]],[[[97.62,13.88],[97.7,13.88],[97.7,13.96],[97.62,13.96],[97.62,13.88]]],[[[97.7,13.88],[97.78,13.88],[97.78,13.96],[97.7,13.96],[97.7,13.88]]],[[[97.78,13.88],[97.86,13.88],[97.86,13.96],[97.78,13.96],[97.78,13.88]]],[[[97.86,13.88],[97.94,13.88],[97.94,13.96],[97.86,13.96],[97.86,13.88]]],[[[97.94,13.88],[98.02,13.88],[98.02,13.96],[97.94,13.96],[97.94,13.88]]],[[[98.02,13.88],[98.1,13.88],[98.1,13.96],[98.02,13.96],[98.02,13.88]]],[[[98.1,13.88],[98.17999999999999,13.88],[98.17999999999999,13.96],[98.1,13.96],[98.1,13.88]]],[[[98.18,13.88],[98.26,13.88],[98.26,13.96],[98.18,13.96],[98.18,13.88]]],[[[98.26,13.88],[98.34,13.88],[98.34,13.96],[98.26,13.96],[98.26,13.88]]],[[[98.34,13.88],[98.42,13.88],[98.42,13.96],[98.34,13.96],[98.34,13.88]]],[[[98.42,13.88],[98.5,13.88],[98.5,13.96],[98.42,13.96],[98.42,13.88]]],[[[98.5,13.88],[98.58,13.88],[98.58,13.96],[98.5,13.96],[98.5,13.88]]],[[[98.58,13.88],[98.66,13.88],[98.66,13.96],[98.58,13.96],[98.58,13.88]]],[[[98.66,13.88],[98.74,13.88],[98.74,13.96],[98.66,13.96],[98.66,13.88]]],[[[98.74,13.88],[98.82,13.88],[98.82,13.96],[98.74,13.96],[98.74,13.88]]],[[[98.82,13.88],[98.89999999999999,13.88],[98.89999999999999,13.96],[98.82,13.96],[98.82,13.88]]],[[[98.9,13.88],[98.98,13.88],[98.98,13.96],[98.9,13.96],[98.9,13.88]]],[[[98.98,13.88],[99.06,13.88],[99.06,13.96],[98.98,13.96],[98.98,13.88]]],[[[99.06,13.88],[99.14,13.88],[99.14,13.96],[99.06,13.96],[99.06,13.88]]],[[[99.14,13.88],[99.22,13.88],[99.22,13.96],[99.14,13.96],[99.14,13.88]]],[[[99.22,13.88],[99.3,13.88],[99.3,13.96],[99.22,13.96],[99.22,13.88]]],[[[99.3,13.88],[99.38,13.88],[99.38,13.96],[99.3,13.96],[99.3,13.88]]],[[[96.5,13.96],[96.58,13.96],[96.58,14.040000000000001],[96.5,14.040000000000001],[96.5,13.96]]],[[[96.58,13.96],[96.66,13.96],[96.66,14.040000000000001],[96.58,14.040000000000001],[96.58,13.96]]],[[[96.66,13.96],[96.74,13.96],[96.74,14.040000000000001],[96.66,14.040000000000001],[96.66,13.96]]],[[[96.74,13.96],[96.82,13.96],[96.82,14.040000000000001],[96.74,14.040000000000001],[96.74,13.96]]],[[[96.82,13.96],[96.89999999999999,13.96],[96.89999999999999,14.040000000000001],[96.82,14.040000000000001],[96.82,13.96]]],[[[96.9,13.96],[96.98,13.96],[96.98,14.040000000000001],[96.9,14.040000000000001],[96.9,13.96]]],[[[96.98,13.96],[97.06,13.96],[97.06,14.040000000000001],[96.98,14.040000000000001],[96.98,13.96]]],[[[97.06,13.96],[97.14,13.96],[97.14,14.040000000000001],[97.06,14.040000000000001],[97.06,13.96]]],[[[97.14,13.96],[97.22,13.96],[97.22,14.040000000000001],[97.14,14.040000000000001],[97.14,13.96]]],[[[97.22,13.96],[97.3,13.96],[97.3,14.040000000000001],[97.22,14.040000000000001],[97.22,13.96]]],[[[97.3,13.96],[97.38,13.96],[97.38,14.040000000000001],[97.3,14.040000000000001],[97.3,13.96]]],[[[97.38,13.96],[97.46,13.96],[97.46,14.040000000000001],[97.38,14.040000000000001],[97.38,13.96]]],[[[97.46,13.96],[97.53999999999999,13.96],[97.53999999999999,14.040000000000001],[97.46,14.040000000000001],[97.46,13.96]]],[[[97.54,13.96],[97.62,13.96],[97.62,14.040000000000001],[97.54,14.040000000000001],[97.54,13.96]]],[[[97.62,13.96],[97.7,13.96],[97.7,14.040000000000001],[97.62,14.040000000000001],[97.62,13.96]]],[[[97.7,13.96],[97.78,13.96],[97.78,14.040000000000001],[97.7,14.040000000000001],[97.7,13.96]]],[[[97.78,13.96],[97.86,13.96],[97.86,14.040000000000001],[97.78,14.040000000000001],[97.78,13.96]]],[[[97.86,13.96],[97.94,13.96],[97.94,14.040000000000001],[97.86,14.040000000000001],[97.86,13.96]]],[[[97.94,13.96],[98.02,13.96],[98.02,14.040000000000001],[97.94,14.040000000000001],[97.94,13.96]]],[[[98.02,13.96],[98.1,13.96],[98.1,14.040000000000001],[98.02,14.040000000000001],[98.02,13.96]]],[[[98.1,13.96],[98.17999999999999,13.96],[98.17999999999999,14.040000000000001],[98.1,14.040000000000001],[98.1,13.96]]],[[[98.18,13.96],[98.26,13.96],[98.26,14.040000000000001],[98.18,14.040000000000001],[98.18,13.96]]],[[[98.26,13.96],[98.34,13.96],[98.34,14.040000000000001],[98.26,14.040000000000001],[98.26,13.96]]],[[[98.34,13.96],[98.42,13.96],[98.42,14.040000000000001],[98.34,14.040000000000001],[98.34,13.96]]],[[[98.42,13.96],[98.5,13.96],[98.5,14.040000000000001],[98.42,14.040000000000001],[98.42,13.96]]],[[[98.5,13.96],[98.58,13.96],[98.58,14.040000000000001],[98.5,14.040000000000001],[98.5,13.96]]],[[[98.58,13.96],[98.66,13.96],[98.66,14.040000000000001],[98.58,14.040000000000001],[98.58,13.96]]],[[[98.66,13.96],[98.74,13.96],[98.74,14.040000000000001],[98.66,14.040000000000001],[98.66,13.96]]],[[[98.74,13.96],[98.82,13.96],[98.82,14.040000000000001],[98.74,14.040000000000001],[98.74,13.96]]],[[[98.82,13.96],[98.89999999999999,13.96],[98.89999999999999,14.040000000000001],[98.82,14.040000000000001],[98.82,13.96]]],[[[98.9,13.96],[98.98,13.96],[98.98,14.040000000000001],[98.9,14.040000000000001],[98.9,13.96]]],[[[98.98,13.96],[99.06,13.96],[99.06,14.040000000000001],[98.98,14.040000000000001],[98.98,13.96]]],[[[99.06,13.96],[99.14,13.96],[99.14,14.040000000000001],[99.06,14.040000000000001],[99.06,13.96]]],[[[99.14,13.96],[99.22,13.96],[99.22,14.040000000000001],[99.14,14.040000000000001],[99.14,13.96]]],[[[99.22,13.96],[99.3,13.96],[99.3,14.040000000000001],[99.22,14.040000000000001],[99.22,13.96]]]]}},{"type":"Feature","properties":{"region_id":"TH-83","region_iso":"TH-83","region_shape_id":"36821470B89498504013794","region_name":"Phuket","region_name_local":"Phuket","adm_level":"ADM1","zone_hint":"ADM","geometry_kind":"derived_marine_admin_polygon","derivation":"nearest_coastal_province_on_regular_sea_grid","cell_count":578,"cell_size_deg":0.08},"geometry":{"type":"MultiPolygon","coordinates":[[[[96.5,5],[96.58,5],[96.58,5.08],[96.5,5.08],[96.5,5]]],[[[96.5,5.08],[96.58,5.08],[96.58,5.16],[96.5,5.16],[96.5,5.08]]],[[[96.58,5.08],[96.66,5.08],[96.66,5.16],[96.58,5.16],[96.58,5.08]]],[[[96.5,5.16],[96.58,5.16],[96.58,5.24],[96.5,5.24],[96.5,5.16]]],[[[96.58,5.16],[96.66,5.16],[96.66,5.24],[96.58,5.24],[96.58,5.16]]],[[[96.66,5.16],[96.74,5.16],[96.74,5.24],[96.66,5.24],[96.66,5.16]]],[[[96.5,5.24],[96.58,5.24],[96.58,5.32],[96.5,5.32],[96.5,5.24]]],[[[96.58,5.24],[96.66,5.24],[96.66,5.32],[96.58,5.32],[96.58,5.24]]],[[[96.66,5.24],[96.74,5.24],[96.74,5.32],[96.66,5.32],[96.66,5.24]]],[[[96.74,5.24],[96.82,5.24],[96.82,5.32],[96.74,5.32],[96.74,5.24]]],[[[96.5,5.32],[96.58,5.32],[96.58,5.4],[96.5,5.4],[96.5,5.32]]],[[[96.58,5.32],[96.66,5.32],[96.66,5.4],[96.58,5.4],[96.58,5.32]]],[[[96.66,5.32],[96.74,5.32],[96.74,5.4],[96.66,5.4],[96.66,5.32]]],[[[96.74,5.32],[96.82,5.32],[96.82,5.4],[96.74,5.4],[96.74,5.32]]],[[[96.82,5.32],[96.89999999999999,5.32],[96.89999999999999,5.4],[96.82,5.4],[96.82,5.32]]],[[[96.5,5.4],[96.58,5.4],[96.58,5.48],[96.5,5.48],[96.5,5.4]]],[[[96.58,5.4],[96.66,5.4],[96.66,5.48],[96.58,5.48],[96.58,5.4]]],[[[96.66,5.4],[96.74,5.4],[96.74,5.48],[96.66,5.48],[96.66,5.4]]],[[[96.74,5.4],[96.82,5.4],[96.82,5.48],[96.74,5.48],[96.74,5.4]]],[[[96.82,5.4],[96.89999999999999,5.4],[96.89999999999999,5.48],[96.82,5.48],[96.82,5.4]]],[[[96.9,5.4],[96.98,5.4],[96.98,5.48],[96.9,5.48],[96.9,5.4]]],[[[96.98,5.4],[97.06,5.4],[97.06,5.48],[96.98,5.48],[96.98,5.4]]],[[[96.5,5.48],[96.58,5.48],[96.58,5.5600000000000005],[96.5,5.5600000000000005],[96.5,5.48]]],[[[96.58,5.48],[96.66,5.48],[96.66,5.5600000000000005],[96.58,5.5600000000000005],[96.58,5.48]]],[[[96.66,5.48],[96.74,5.48],[96.74,5.5600000000000005],[96.66,5.5600000000000005],[96.66,5.48]]],[[[96.74,5.48],[96.82,5.48],[96.82,5.5600000000000005],[96.74,5.5600000000000005],[96.74,5.48]]],[[[96.82,5.48],[96.89999999999999,5.48],[96.89999999999999,5.5600000000000005],[96.82,5.5600000000000005],[96.82,5.48]]],[[[96.9,5.48],[96.98,5.48],[96.98,5.5600000000000005],[96.9,5.5600000000000005],[96.9,5.48]]],[[[96.98,5.48],[97.06,5.48],[97.06,5.5600000000000005],[96.98,5.5600000000000005],[96.98,5.48]]],[[[97.06,5.48],[97.14,5.48],[97.14,5.5600000000000005],[97.06,5.5600000000000005],[97.06,5.48]]],[[[96.5,5.5600000000000005],[96.58,5.5600000000000005],[96.58,5.640000000000001],[96.5,5.640000000000001],[96.5,5.5600000000000005]]],[[[96.58,5.5600000000000005],[96.66,5.5600000000000005],[96.66,5.640000000000001],[96.58,5.640000000000001],[96.58,5.5600000000000005]]],[[[96.66,5.5600000000000005],[96.74,5.5600000000000005],[96.74,5.640000000000001],[96.66,5.640000000000001],[96.66,5.5600000000000005]]],[[[96.74,5.5600000000000005],[96.82,5.5600000000000005],[96.82,5.640000000000001],[96.74,5.640000000000001],[96.74,5.5600000000000005]]],[[[96.82,5.5600000000000005],[96.89999999999999,5.5600000000000005],[96.89999999999999,5.640000000000001],[96.82,5.640000000000001],[96.82,5.5600000000000005]]],[[[96.9,5.5600000000000005],[96.98,5.5600000000000005],[96.98,5.640000000000001],[96.9,5.640000000000001],[96.9,5.5600000000000005]]],[[[96.98,5.5600000000000005],[97.06,5.5600000000000005],[97.06,5.640000000000001],[96.98,5.640000000000001],[96.98,5.5600000000000005]]],[[[97.06,5.5600000000000005],[97.14,5.5600000000000005],[97.14,5.640000000000001],[97.06,5.640000000000001],[97.06,5.5600000000000005]]],[[[97.14,5.5600000000000005],[97.22,5.5600000000000005],[97.22,5.640000000000001],[97.14,5.640000000000001],[97.14,5.5600000000000005]]],[[[96.5,5.64],[96.58,5.64],[96.58,5.72],[96.5,5.72],[96.5,5.64]]],[[[96.58,5.64],[96.66,5.64],[96.66,5.72],[96.58,5.72],[96.58,5.64]]],[[[96.66,5.64],[96.74,5.64],[96.74,5.72],[96.66,5.72],[96.66,5.64]]],[[[96.74,5.64],[96.82,5.64],[96.82,5.72],[96.74,5.72],[96.74,5.64]]],[[[96.82,5.64],[96.89999999999999,5.64],[96.89999999999999,5.72],[96.82,5.72],[96.82,5.64]]],[[[96.9,5.64],[96.98,5.64],[96.98,5.72],[96.9,5.72],[96.9,5.64]]],[[[96.98,5.64],[97.06,5.64],[97.06,5.72],[96.98,5.72],[96.98,5.64]]],[[[97.06,5.64],[97.14,5.64],[97.14,5.72],[97.06,5.72],[97.06,5.64]]],[[[97.14,5.64],[97.22,5.64],[97.22,5.72],[97.14,5.72],[97.14,5.64]]],[[[97.22,5.64],[97.3,5.64],[97.3,5.72],[97.22,5.72],[97.22,5.64]]],[[[96.5,5.72],[96.58,5.72],[96.58,5.8],[96.5,5.8],[96.5,5.72]]],[[[96.58,5.72],[96.66,5.72],[96.66,5.8],[96.58,5.8],[96.58,5.72]]],[[[96.66,5.72],[96.74,5.72],[96.74,5.8],[96.66,5.8],[96.66,5.72]]],[[[96.74,5.72],[96.82,5.72],[96.82,5.8],[96.74,5.8],[96.74,5.72]]],[[[96.82,5.72],[96.89999999999999,5.72],[96.89999999999999,5.8],[96.82,5.8],[96.82,5.72]]],[[[96.9,5.72],[96.98,5.72],[96.98,5.8],[96.9,5.8],[96.9,5.72]]],[[[96.98,5.72],[97.06,5.72],[97.06,5.8],[96.98,5.8],[96.98,5.72]]],[[[97.06,5.72],[97.14,5.72],[97.14,5.8],[97.06,5.8],[97.06,5.72]]],[[[97.14,5.72],[97.22,5.72],[97.22,5.8],[97.14,5.8],[97.14,5.72]]],[[[97.22,5.72],[97.3,5.72],[97.3,5.8],[97.22,5.8],[97.22,5.72]]],[[[97.3,5.72],[97.38,5.72],[97.38,5.8],[97.3,5.8],[97.3,5.72]]],[[[96.5,5.8],[96.58,5.8],[96.58,5.88],[96.5,5.88],[96.5,5.8]]],[[[96.58,5.8],[96.66,5.8],[96.66,5.88],[96.58,5.88],[96.58,5.8]]],[[[96.66,5.8],[96.74,5.8],[96.74,5.88],[96.66,5.88],[96.66,5.8]]],[[[96.74,5.8],[96.82,5.8],[96.82,5.88],[96.74,5.88],[96.74,5.8]]],[[[96.82,5.8],[96.89999999999999,5.8],[96.89999999999999,5.88],[96.82,5.88],[96.82,5.8]]],[[[96.9,5.8],[96.98,5.8],[96.98,5.88],[96.9,5.88],[96.9,5.8]]],[[[96.98,5.8],[97.06,5.8],[97.06,5.88],[96.98,5.88],[96.98,5.8]]],[[[97.06,5.8],[97.14,5.8],[97.14,5.88],[97.06,5.88],[97.06,5.8]]],[[[97.14,5.8],[97.22,5.8],[97.22,5.88],[97.14,5.88],[97.14,5.8]]],[[[97.22,5.8],[97.3,5.8],[97.3,5.88],[97.22,5.88],[97.22,5.8]]],[[[97.3,5.8],[97.38,5.8],[97.38,5.88],[97.3,5.88],[97.3,5.8]]],[[[97.38,5.8],[97.46,5.8],[97.46,5.88],[97.38,5.88],[97.38,5.8]]],[[[96.5,5.88],[96.58,5.88],[96.58,5.96],[96.5,5.96],[96.5,5.88]]],[[[96.58,5.88],[96.66,5.88],[96.66,5.96],[96.58,5.96],[96.58,5.88]]],[[[96.66,5.88],[96.74,5.88],[96.74,5.96],[96.66,5.96],[96.66,5.88]]],[[[96.74,5.88],[96.82,5.88],[96.82,5.96],[96.74,5.96],[96.74,5.88]]],[[[96.82,5.88],[96.89999999999999,5.88],[96.89999999999999,5.96],[96.82,5.96],[96.82,5.88]]],[[[96.9,5.88],[96.98,5.88],[96.98,5.96],[96.9,5.96],[96.9,5.88]]],[[[96.98,5.88],[97.06,5.88],[97.06,5.96],[96.98,5.96],[96.98,5.88]]],[[[97.06,5.88],[97.14,5.88],[97.14,5.96],[97.06,5.96],[97.06,5.88]]],[[[97.14,5.88],[97.22,5.88],[97.22,5.96],[97.14,5.96],[97.14,5.88]]],[[[97.22,5.88],[97.3,5.88],[97.3,5.96],[97.22,5.96],[97.22,5.88]]],[[[97.3,5.88],[97.38,5.88],[97.38,5.96],[97.3,5.96],[97.3,5.88]]],[[[97.38,5.88],[97.46,5.88],[97.46,5.96],[97.38,5.96],[97.38,5.88]]],[[[97.46,5.88],[97.53999999999999,5.88],[97.53999999999999,5.96],[97.46,5.96],[97.46,5.88]]],[[[96.5,5.96],[96.58,5.96],[96.58,6.04],[96.5,6.04],[96.5,5.96]]],[[[96.58,5.96],[96.66,5.96],[96.66,6.04],[96.58,6.04],[96.58,5.96]]],[[[96.66,5.96],[96.74,5.96],[96.74,6.04],[96.66,6.04],[96.66,5.96]]],[[[96.74,5.96],[96.82,5.96],[96.82,6.04],[96.74,6.04],[96.74,5.96]]],[[[96.82,5.96],[96.89999999999999,5.96],[96.89999999999999,6.04],[96.82,6.04],[96.82,5.96]]],[[[96.9,5.96],[96.98,5.96],[96.98,6.04],[96.9,6.04],[96.9,5.96]]],[[[96.98,5.96],[97.06,5.96],[97.06,6.04],[96.98,6.04],[96.98,5.96]]],[[[97.06,5.96],[97.14,5.96],[97.14,6.04],[97.06,6.04],[97.06,5.96]]],[[[97.14,5.96],[97.22,5.96],[97.22,6.04],[97.14,6.04],[97.14,5.96]]],[[[97.22,5.96],[97.3,5.96],[97.3,6.04],[97.22,6.04],[97.22,5.96]]],[[[97.3,5.96],[97.38,5.96],[97.38,6.04],[97.3,6.04],[97.3,5.96]]],[[[97.38,5.96],[97.46,5.96],[97.46,6.04],[97.38,6.04],[97.38,5.96]]],[[[97.46,5.96],[97.53999999999999,5.96],[97.53999999999999,6.04],[97.46,6.04],[97.46,5.96]]],[[[97.54,5.96],[97.62,5.96],[97.62,6.04],[97.54,6.04],[97.54,5.96]]],[[[96.5,6.04],[96.58,6.04],[96.58,6.12],[96.5,6.12],[96.5,6.04]]],[[[96.58,6.04],[96.66,6.04],[96.66,6.12],[96.58,6.12],[96.58,6.04]]],[[[96.66,6.04],[96.74,6.04],[96.74,6.12],[96.66,6.12],[96.66,6.04]]],[[[96.74,6.04],[96.82,6.04],[96.82,6.12],[96.74,6.12],[96.74,6.04]]],[[[96.82,6.04],[96.89999999999999,6.04],[96.89999999999999,6.12],[96.82,6.12],[96.82,6.04]]],[[[96.9,6.04],[96.98,6.04],[96.98,6.12],[96.9,6.12],[96.9,6.04]]],[[[96.98,6.04],[97.06,6.04],[97.06,6.12],[96.98,6.12],[96.98,6.04]]],[[[97.06,6.04],[97.14,6.04],[97.14,6.12],[97.06,6.12],[97.06,6.04]]],[[[97.14,6.04],[97.22,6.04],[97.22,6.12],[97.14,6.12],[97.14,6.04]]],[[[97.22,6.04],[97.3,6.04],[97.3,6.12],[97.22,6.12],[97.22,6.04]]],[[[97.3,6.04],[97.38,6.04],[97.38,6.12],[97.3,6.12],[97.3,6.04]]],[[[97.38,6.04],[97.46,6.04],[97.46,6.12],[97.38,6.12],[97.38,6.04]]],[[[97.46,6.04],[97.53999999999999,6.04],[97.53999999999999,6.12],[97.46,6.12],[97.46,6.04]]],[[[97.54,6.04],[97.62,6.04],[97.62,6.12],[97.54,6.12],[97.54,6.04]]],[[[97.62,6.04],[97.7,6.04],[97.7,6.12],[97.62,6.12],[97.62,6.04]]],[[[96.5,6.12],[96.58,6.12],[96.58,6.2],[96.5,6.2],[96.5,6.12]]],[[[96.58,6.12],[96.66,6.12],[96.66,6.2],[96.58,6.2],[96.58,6.12]]],[[[96.66,6.12],[96.74,6.12],[96.74,6.2],[96.66,6.2],[96.66,6.12]]],[[[96.74,6.12],[96.82,6.12],[96.82,6.2],[96.74,6.2],[96.74,6.12]]],[[[96.82,6.12],[96.89999999999999,6.12],[96.89999999999999,6.2],[96.82,6.2],[96.82,6.12]]],[[[96.9,6.12],[96.98,6.12],[96.98,6.2],[96.9,6.2],[96.9,6.12]]],[[[96.98,6.12],[97.06,6.12],[97.06,6.2],[96.98,6.2],[96.98,6.12]]],[[[97.06,6.12],[97.14,6.12],[97.14,6.2],[97.06,6.2],[97.06,6.12]]],[[[97.14,6.12],[97.22,6.12],[97.22,6.2],[97.14,6.2],[97.14,6.12]]],[[[97.22,6.12],[97.3,6.12],[97.3,6.2],[97.22,6.2],[97.22,6.12]]],[[[97.3,6.12],[97.38,6.12],[97.38,6.2],[97.3,6.2],[97.3,6.12]]],[[[97.38,6.12],[97.46,6.12],[97.46,6.2],[97.38,6.2],[97.38,6.12]]],[[[97.46,6.12],[97.53999999999999,6.12],[97.53999999999999,6.2],[97.46,6.2],[97.46,6.12]]],[[[97.54,6.12],[97.62,6.12],[97.62,6.2],[97.54,6.2],[97.54,6.12]]],[[[97.62,6.12],[97.7,6.12],[97.7,6.2],[97.62,6.2],[97.62,6.12]]],[[[97.7,6.12],[97.78,6.12],[97.78,6.2],[97.7,6.2],[97.7,6.12]]],[[[96.5,6.2],[96.58,6.2],[96.58,6.28],[96.5,6.28],[96.5,6.2]]],[[[96.58,6.2],[96.66,6.2],[96.66,6.28],[96.58,6.28],[96.58,6.2]]],[[[96.66,6.2],[96.74,6.2],[96.74,6.28],[96.66,6.28],[96.66,6.2]]],[[[96.74,6.2],[96.82,6.2],[96.82,6.28],[96.74,6.28],[96.74,6.2]]],[[[96.82,6.2],[96.89999999999999,6.2],[96.89999999999999,6.28],[96.82,6.28],[96.82,6.2]]],[[[96.9,6.2],[96.98,6.2],[96.98,6.28],[96.9,6.28],[96.9,6.2]]],[[[96.98,6.2],[97.06,6.2],[97.06,6.28],[96.98,6.28],[96.98,6.2]]],[[[97.06,6.2],[97.14,6.2],[97.14,6.28],[97.06,6.28],[97.06,6.2]]],[[[97.14,6.2],[97.22,6.2],[97.22,6.28],[97.14,6.28],[97.14,6.2]]],[[[97.22,6.2],[97.3,6.2],[97.3,6.28],[97.22,6.28],[97.22,6.2]]],[[[97.3,6.2],[97.38,6.2],[97.38,6.28],[97.3,6.28],[97.3,6.2]]],[[[97.38,6.2],[97.46,6.2],[97.46,6.28],[97.38,6.28],[97.38,6.2]]],[[[97.46,6.2],[97.53999999999999,6.2],[97.53999999999999,6.28],[97.46,6.28],[97.46,6.2]]],[[[97.54,6.2],[97.62,6.2],[97.62,6.28],[97.54,6.28],[97.54,6.2]]],[[[97.62,6.2],[97.7,6.2],[97.7,6.28],[97.62,6.28],[97.62,6.2]]],[[[97.7,6.2],[97.78,6.2],[97.78,6.28],[97.7,6.28],[97.7,6.2]]],[[[97.78,6.2],[97.86,6.2],[97.86,6.28],[97.78,6.28],[97.78,6.2]]],[[[97.86,6.2],[97.94,6.2],[97.94,6.28],[97.86,6.28],[97.86,6.2]]],[[[96.5,6.28],[96.58,6.28],[96.58,6.36],[96.5,6.36],[96.5,6.28]]],[[[96.58,6.28],[96.66,6.28],[96.66,6.36],[96.58,6.36],[96.58,6.28]]],[[[96.66,6.28],[96.74,6.28],[96.74,6.36],[96.66,6.36],[96.66,6.28]]],[[[96.74,6.28],[96.82,6.28],[96.82,6.36],[96.74,6.36],[96.74,6.28]]],[[[96.82,6.28],[96.89999999999999,6.28],[96.89999999999999,6.36],[96.82,6.36],[96.82,6.28]]],[[[96.9,6.28],[96.98,6.28],[96.98,6.36],[96.9,6.36],[96.9,6.28]]],[[[96.98,6.28],[97.06,6.28],[97.06,6.36],[96.98,6.36],[96.98,6.28]]],[[[97.06,6.28],[97.14,6.28],[97.14,6.36],[97.06,6.36],[97.06,6.28]]],[[[97.14,6.28],[97.22,6.28],[97.22,6.36],[97.14,6.36],[97.14,6.28]]],[[[97.22,6.28],[97.3,6.28],[97.3,6.36],[97.22,6.36],[97.22,6.28]]],[[[97.3,6.28],[97.38,6.28],[97.38,6.36],[97.3,6.36],[97.3,6.28]]],[[[97.38,6.28],[97.46,6.28],[97.46,6.36],[97.38,6.36],[97.38,6.28]]],[[[97.46,6.28],[97.53999999999999,6.28],[97.53999999999999,6.36],[97.46,6.36],[97.46,6.28]]],[[[97.54,6.28],[97.62,6.28],[97.62,6.36],[97.54,6.36],[97.54,6.28]]],[[[97.62,6.28],[97.7,6.28],[97.7,6.36],[97.62,6.36],[97.62,6.28]]],[[[97.7,6.28],[97.78,6.28],[97.78,6.36],[97.7,6.36],[97.7,6.28]]],[[[97.78,6.28],[97.86,6.28],[97.86,6.36],[97.78,6.36],[97.78,6.28]]],[[[97.86,6.28],[97.94,6.28],[97.94,6.36],[97.86,6.36],[97.86,6.28]]],[[[97.94,6.28],[98.02,6.28],[98.02,6.36],[97.94,6.36],[97.94,6.28]]],[[[96.5,6.36],[96.58,6.36],[96.58,6.44],[96.5,6.44],[96.5,6.36]]],[[[96.58,6.36],[96.66,6.36],[96.66,6.44],[96.58,6.44],[96.58,6.36]]],[[[96.66,6.36],[96.74,6.36],[96.74,6.44],[96.66,6.44],[96.66,6.36]]],[[[96.74,6.36],[96.82,6.36],[96.82,6.44],[96.74,6.44],[96.74,6.36]]],[[[96.82,6.36],[96.89999999999999,6.36],[96.89999999999999,6.44],[96.82,6.44],[96.82,6.36]]],[[[96.9,6.36],[96.98,6.36],[96.98,6.44],[96.9,6.44],[96.9,6.36]]],[[[96.98,6.36],[97.06,6.36],[97.06,6.44],[96.98,6.44],[96.98,6.36]]],[[[97.06,6.36],[97.14,6.36],[97.14,6.44],[97.06,6.44],[97.06,6.36]]],[[[97.14,6.36],[97.22,6.36],[97.22,6.44],[97.14,6.44],[97.14,6.36]]],[[[97.22,6.36],[97.3,6.36],[97.3,6.44],[97.22,6.44],[97.22,6.36]]],[[[97.3,6.36],[97.38,6.36],[97.38,6.44],[97.3,6.44],[97.3,6.36]]],[[[97.38,6.36],[97.46,6.36],[97.46,6.44],[97.38,6.44],[97.38,6.36]]],[[[97.46,6.36],[97.53999999999999,6.36],[97.53999999999999,6.44],[97.46,6.44],[97.46,6.36]]],[[[97.54,6.36],[97.62,6.36],[97.62,6.44],[97.54,6.44],[97.54,6.36]]],[[[97.62,6.36],[97.7,6.36],[97.7,6.44],[97.62,6.44],[97.62,6.36]]],[[[97.7,6.36],[97.78,6.36],[97.78,6.44],[97.7,6.44],[97.7,6.36]]],[[[97.78,6.36],[97.86,6.36],[97.86,6.44],[97.78,6.44],[97.78,6.36]]],[[[97.86,6.36],[97.94,6.36],[97.94,6.44],[97.86,6.44],[97.86,6.36]]],[[[97.94,6.36],[98.02,6.36],[98.02,6.44],[97.94,6.44],[97.94,6.36]]],[[[98.02,6.36],[98.1,6.36],[98.1,6.44],[98.02,6.44],[98.02,6.36]]],[[[96.5,6.4399999999999995],[96.58,6.4399999999999995],[96.58,6.52],[96.5,6.52],[96.5,6.4399999999999995]]],[[[96.58,6.4399999999999995],[96.66,6.4399999999999995],[96.66,6.52],[96.58,6.52],[96.58,6.4399999999999995]]],[[[96.66,6.4399999999999995],[96.74,6.4399999999999995],[96.74,6.52],[96.66,6.52],[96.66,6.4399999999999995]]],[[[96.74,6.4399999999999995],[96.82,6.4399999999999995],[96.82,6.52],[96.74,6.52],[96.74,6.4399999999999995]]],[[[96.82,6.4399999999999995],[96.89999999999999,6.4399999999999995],[96.89999999999999,6.52],[96.82,6.52],[96.82,6.4399999999999995]]],[[[96.9,6.4399999999999995],[96.98,6.4399999999999995],[96.98,6.52],[96.9,6.52],[96.9,6.4399999999999995]]],[[[96.98,6.4399999999999995],[97.06,6.4399999999999995],[97.06,6.52],[96.98,6.52],[96.98,6.4399999999999995]]],[[[97.06,6.4399999999999995],[97.14,6.4399999999999995],[97.14,6.52],[97.06,6.52],[97.06,6.4399999999999995]]],[[[97.14,6.4399999999999995],[97.22,6.4399999999999995],[97.22,6.52],[97.14,6.52],[97.14,6.4399999999999995]]],[[[97.22,6.4399999999999995],[97.3,6.4399999999999995],[97.3,6.52],[97.22,6.52],[97.22,6.4399999999999995]]],[[[97.3,6.4399999999999995],[97.38,6.4399999999999995],[97.38,6.52],[97.3,6.52],[97.3,6.4399999999999995]]],[[[97.38,6.4399999999999995],[97.46,6.4399999999999995],[97.46,6.52],[97.38,6.52],[97.38,6.4399999999999995]]],[[[97.46,6.4399999999999995],[97.53999999999999,6.4399999999999995],[97.53999999999999,6.52],[97.46,6.52],[97.46,6.4399999999999995]]],[[[97.54,6.4399999999999995],[97.62,6.4399999999999995],[97.62,6.52],[97.54,6.52],[97.54,6.4399999999999995]]],[[[97.62,6.4399999999999995],[97.7,6.4399999999999995],[97.7,6.52],[97.62,6.52],[97.62,6.4399999999999995]]],[[[97.7,6.4399999999999995],[97.78,6.4399999999999995],[97.78,6.52],[97.7,6.52],[97.7,6.4399999999999995]]],[[[97.78,6.4399999999999995],[97.86,6.4399999999999995],[97.86,6.52],[97.78,6.52],[97.78,6.4399999999999995]]],[[[97.86,6.4399999999999995],[97.94,6.4399999999999995],[97.94,6.52],[97.86,6.52],[97.86,6.4399999999999995]]],[[[97.94,6.4399999999999995],[98.02,6.4399999999999995],[98.02,6.52],[97.94,6.52],[97.94,6.4399999999999995]]],[[[98.02,6.4399999999999995],[98.1,6.4399999999999995],[98.1,6.52],[98.02,6.52],[98.02,6.4399999999999995]]],[[[98.1,6.4399999999999995],[98.17999999999999,6.4399999999999995],[98.17999999999999,6.52],[98.1,6.52],[98.1,6.4399999999999995]]],[[[96.5,6.52],[96.58,6.52],[96.58,6.6],[96.5,6.6],[96.5,6.52]]],[[[96.58,6.52],[96.66,6.52],[96.66,6.6],[96.58,6.6],[96.58,6.52]]],[[[96.66,6.52],[96.74,6.52],[96.74,6.6],[96.66,6.6],[96.66,6.52]]],[[[96.74,6.52],[96.82,6.52],[96.82,6.6],[96.74,6.6],[96.74,6.52]]],[[[96.82,6.52],[96.89999999999999,6.52],[96.89999999999999,6.6],[96.82,6.6],[96.82,6.52]]],[[[96.9,6.52],[96.98,6.52],[96.98,6.6],[96.9,6.6],[96.9,6.52]]],[[[96.98,6.52],[97.06,6.52],[97.06,6.6],[96.98,6.6],[96.98,6.52]]],[[[97.06,6.52],[97.14,6.52],[97.14,6.6],[97.06,6.6],[97.06,6.52]]],[[[97.14,6.52],[97.22,6.52],[97.22,6.6],[97.14,6.6],[97.14,6.52]]],[[[97.22,6.52],[97.3,6.52],[97.3,6.6],[97.22,6.6],[97.22,6.52]]],[[[97.3,6.52],[97.38,6.52],[97.38,6.6],[97.3,6.6],[97.3,6.52]]],[[[97.38,6.52],[97.46,6.52],[97.46,6.6],[97.38,6.6],[97.38,6.52]]],[[[97.46,6.52],[97.53999999999999,6.52],[97.53999999999999,6.6],[97.46,6.6],[97.46,6.52]]],[[[97.54,6.52],[97.62,6.52],[97.62,6.6],[97.54,6.6],[97.54,6.52]]],[[[97.62,6.52],[97.7,6.52],[97.7,6.6],[97.62,6.6],[97.62,6.52]]],[[[97.7,6.52],[97.78,6.52],[97.78,6.6],[97.7,6.6],[97.7,6.52]]],[[[97.78,6.52],[97.86,6.52],[97.86,6.6],[97.78,6.6],[97.78,6.52]]],[[[97.86,6.52],[97.94,6.52],[97.94,6.6],[97.86,6.6],[97.86,6.52]]],[[[97.94,6.52],[98.02,6.52],[98.02,6.6],[97.94,6.6],[97.94,6.52]]],[[[98.02,6.52],[98.1,6.52],[98.1,6.6],[98.02,6.6],[98.02,6.52]]],[[[98.1,6.52],[98.17999999999999,6.52],[98.17999999999999,6.6],[98.1,6.6],[98.1,6.52]]],[[[98.18,6.52],[98.26,6.52],[98.26,6.6],[98.18,6.6],[98.18,6.52]]],[[[96.5,6.6],[96.58,6.6],[96.58,6.68],[96.5,6.68],[96.5,6.6]]],[[[96.58,6.6],[96.66,6.6],[96.66,6.68],[96.58,6.68],[96.58,6.6]]],[[[96.66,6.6],[96.74,6.6],[96.74,6.68],[96.66,6.68],[96.66,6.6]]],[[[96.74,6.6],[96.82,6.6],[96.82,6.68],[96.74,6.68],[96.74,6.6]]],[[[96.82,6.6],[96.89999999999999,6.6],[96.89999999999999,6.68],[96.82,6.68],[96.82,6.6]]],[[[96.9,6.6],[96.98,6.6],[96.98,6.68],[96.9,6.68],[96.9,6.6]]],[[[96.98,6.6],[97.06,6.6],[97.06,6.68],[96.98,6.68],[96.98,6.6]]],[[[97.06,6.6],[97.14,6.6],[97.14,6.68],[97.06,6.68],[97.06,6.6]]],[[[97.14,6.6],[97.22,6.6],[97.22,6.68],[97.14,6.68],[97.14,6.6]]],[[[97.22,6.6],[97.3,6.6],[97.3,6.68],[97.22,6.68],[97.22,6.6]]],[[[97.3,6.6],[97.38,6.6],[97.38,6.68],[97.3,6.68],[97.3,6.6]]],[[[97.38,6.6],[97.46,6.6],[97.46,6.68],[97.38,6.68],[97.38,6.6]]],[[[97.46,6.6],[97.53999999999999,6.6],[97.53999999999999,6.68],[97.46,6.68],[97.46,6.6]]],[[[97.54,6.6],[97.62,6.6],[97.62,6.68],[97.54,6.68],[97.54,6.6]]],[[[97.62,6.6],[97.7,6.6],[97.7,6.68],[97.62,6.68],[97.62,6.6]]],[[[97.7,6.6],[97.78,6.6],[97.78,6.68],[97.7,6.68],[97.7,6.6]]],[[[97.78,6.6],[97.86,6.6],[97.86,6.68],[97.78,6.68],[97.78,6.6]]],[[[97.86,6.6],[97.94,6.6],[97.94,6.68],[97.86,6.68],[97.86,6.6]]],[[[97.94,6.6],[98.02,6.6],[98.02,6.68],[97.94,6.68],[97.94,6.6]]],[[[98.02,6.6],[98.1,6.6],[98.1,6.68],[98.02,6.68],[98.02,6.6]]],[[[98.1,6.6],[98.17999999999999,6.6],[98.17999999999999,6.68],[98.1,6.68],[98.1,6.6]]],[[[98.18,6.6],[98.26,6.6],[98.26,6.68],[98.18,6.68],[98.18,6.6]]],[[[98.26,6.6],[98.34,6.6],[98.34,6.68],[98.26,6.68],[98.26,6.6]]],[[[96.5,6.68],[96.58,6.68],[96.58,6.76],[96.5,6.76],[96.5,6.68]]],[[[96.58,6.68],[96.66,6.68],[96.66,6.76],[96.58,6.76],[96.58,6.68]]],[[[96.66,6.68],[96.74,6.68],[96.74,6.76],[96.66,6.76],[96.66,6.68]]],[[[96.74,6.68],[96.82,6.68],[96.82,6.76],[96.74,6.76],[96.74,6.68]]],[[[96.82,6.68],[96.89999999999999,6.68],[96.89999999999999,6.76],[96.82,6.76],[96.82,6.68]]],[[[96.9,6.68],[96.98,6.68],[96.98,6.76],[96.9,6.76],[96.9,6.68]]],[[[96.98,6.68],[97.06,6.68],[97.06,6.76],[96.98,6.76],[96.98,6.68]]],[[[97.06,6.68],[97.14,6.68],[97.14,6.76],[97.06,6.76],[97.06,6.68]]],[[[97.14,6.68],[97.22,6.68],[97.22,6.76],[97.14,6.76],[97.14,6.68]]],[[[97.22,6.68],[97.3,6.68],[97.3,6.76],[97.22,6.76],[97.22,6.68]]],[[[97.3,6.68],[97.38,6.68],[97.38,6.76],[97.3,6.76],[97.3,6.68]]],[[[97.38,6.68],[97.46,6.68],[97.46,6.76],[97.38,6.76],[97.38,6.68]]],[[[97.46,6.68],[97.53999999999999,6.68],[97.53999999999999,6.76],[97.46,6.76],[97.46,6.68]]],[[[97.54,6.68],[97.62,6.68],[97.62,6.76],[97.54,6.76],[97.54,6.68]]],[[[97.62,6.68],[97.7,6.68],[97.7,6.76],[97.62,6.76],[97.62,6.68]]],[[[97.7,6.68],[97.78,6.68],[97.78,6.76],[97.7,6.76],[97.7,6.68]]],[[[97.78,6.68],[97.86,6.68],[97.86,6.76],[97.78,6.76],[97.78,6.68]]],[[[97.86,6.68],[97.94,6.68],[97.94,6.76],[97.86,6.76],[97.86,6.68]]],[[[97.94,6.68],[98.02,6.68],[98.02,6.76],[97.94,6.76],[97.94,6.68]]],[[[98.02,6.68],[98.1,6.68],[98.1,6.76],[98.02,6.76],[98.02,6.68]]],[[[98.1,6.68],[98.17999999999999,6.68],[98.17999999999999,6.76],[98.1,6.76],[98.1,6.68]]],[[[98.18,6.68],[98.26,6.68],[98.26,6.76],[98.18,6.76],[98.18,6.68]]],[[[98.26,6.68],[98.34,6.68],[98.34,6.76],[98.26,6.76],[98.26,6.68]]],[[[98.34,6.68],[98.42,6.68],[98.42,6.76],[98.34,6.76],[98.34,6.68]]],[[[96.5,6.76],[96.58,6.76],[96.58,6.84],[96.5,6.84],[96.5,6.76]]],[[[96.58,6.76],[96.66,6.76],[96.66,6.84],[96.58,6.84],[96.58,6.76]]],[[[96.66,6.76],[96.74,6.76],[96.74,6.84],[96.66,6.84],[96.66,6.76]]],[[[96.74,6.76],[96.82,6.76],[96.82,6.84],[96.74,6.84],[96.74,6.76]]],[[[96.82,6.76],[96.89999999999999,6.76],[96.89999999999999,6.84],[96.82,6.84],[96.82,6.76]]],[[[96.9,6.76],[96.98,6.76],[96.98,6.84],[96.9,6.84],[96.9,6.76]]],[[[96.98,6.76],[97.06,6.76],[97.06,6.84],[96.98,6.84],[96.98,6.76]]],[[[97.06,6.76],[97.14,6.76],[97.14,6.84],[97.06,6.84],[97.06,6.76]]],[[[97.14,6.76],[97.22,6.76],[97.22,6.84],[97.14,6.84],[97.14,6.76]]],[[[97.22,6.76],[97.3,6.76],[97.3,6.84],[97.22,6.84],[97.22,6.76]]],[[[97.3,6.76],[97.38,6.76],[97.38,6.84],[97.3,6.84],[97.3,6.76]]],[[[97.38,6.76],[97.46,6.76],[97.46,6.84],[97.38,6.84],[97.38,6.76]]],[[[97.46,6.76],[97.53999999999999,6.76],[97.53999999999999,6.84],[97.46,6.84],[97.46,6.76]]],[[[97.54,6.76],[97.62,6.76],[97.62,6.84],[97.54,6.84],[97.54,6.76]]],[[[97.62,6.76],[97.7,6.76],[97.7,6.84],[97.62,6.84],[97.62,6.76]]],[[[97.7,6.76],[97.78,6.76],[97.78,6.84],[97.7,6.84],[97.7,6.76]]],[[[97.78,6.76],[97.86,6.76],[97.86,6.84],[97.78,6.84],[97.78,6.76]]],[[[97.86,6.76],[97.94,6.76],[97.94,6.84],[97.86,6.84],[97.86,6.76]]],[[[97.94,6.76],[98.02,6.76],[98.02,6.84],[97.94,6.84],[97.94,6.76]]],[[[98.02,6.76],[98.1,6.76],[98.1,6.84],[98.02,6.84],[98.02,6.76]]],[[[98.1,6.76],[98.17999999999999,6.76],[98.17999999999999,6.84],[98.1,6.84],[98.1,6.76]]],[[[98.18,6.76],[98.26,6.76],[98.26,6.84],[98.18,6.84],[98.18,6.76]]],[[[98.26,6.76],[98.34,6.76],[98.34,6.84],[98.26,6.84],[98.26,6.76]]],[[[98.34,6.76],[98.42,6.76],[98.42,6.84],[98.34,6.84],[98.34,6.76]]],[[[98.42,6.76],[98.5,6.76],[98.5,6.84],[98.42,6.84],[98.42,6.76]]],[[[96.5,6.84],[96.58,6.84],[96.58,6.92],[96.5,6.92],[96.5,6.84]]],[[[96.58,6.84],[96.66,6.84],[96.66,6.92],[96.58,6.92],[96.58,6.84]]],[[[96.66,6.84],[96.74,6.84],[96.74,6.92],[96.66,6.92],[96.66,6.84]]],[[[96.74,6.84],[96.82,6.84],[96.82,6.92],[96.74,6.92],[96.74,6.84]]],[[[96.82,6.84],[96.89999999999999,6.84],[96.89999999999999,6.92],[96.82,6.92],[96.82,6.84]]],[[[96.9,6.84],[96.98,6.84],[96.98,6.92],[96.9,6.92],[96.9,6.84]]],[[[96.98,6.84],[97.06,6.84],[97.06,6.92],[96.98,6.92],[96.98,6.84]]],[[[97.06,6.84],[97.14,6.84],[97.14,6.92],[97.06,6.92],[97.06,6.84]]],[[[97.14,6.84],[97.22,6.84],[97.22,6.92],[97.14,6.92],[97.14,6.84]]],[[[97.22,6.84],[97.3,6.84],[97.3,6.92],[97.22,6.92],[97.22,6.84]]],[[[97.3,6.84],[97.38,6.84],[97.38,6.92],[97.3,6.92],[97.3,6.84]]],[[[97.38,6.84],[97.46,6.84],[97.46,6.92],[97.38,6.92],[97.38,6.84]]],[[[97.46,6.84],[97.53999999999999,6.84],[97.53999999999999,6.92],[97.46,6.92],[97.46,6.84]]],[[[97.54,6.84],[97.62,6.84],[97.62,6.92],[97.54,6.92],[97.54,6.84]]],[[[97.62,6.84],[97.7,6.84],[97.7,6.92],[97.62,6.92],[97.62,6.84]]],[[[97.7,6.84],[97.78,6.84],[97.78,6.92],[97.7,6.92],[97.7,6.84]]],[[[97.78,6.84],[97.86,6.84],[97.86,6.92],[97.78,6.92],[97.78,6.84]]],[[[97.86,6.84],[97.94,6.84],[97.94,6.92],[97.86,6.92],[97.86,6.84]]],[[[97.94,6.84],[98.02,6.84],[98.02,6.92],[97.94,6.92],[97.94,6.84]]],[[[98.02,6.84],[98.1,6.84],[98.1,6.92],[98.02,6.92],[98.02,6.84]]],[[[98.1,6.84],[98.17999999999999,6.84],[98.17999999999999,6.92],[98.1,6.92],[98.1,6.84]]],[[[98.18,6.84],[98.26,6.84],[98.26,6.92],[98.18,6.92],[98.18,6.84]]],[[[98.26,6.84],[98.34,6.84],[98.34,6.92],[98.26,6.92],[98.26,6.84]]],[[[98.34,6.84],[98.42,6.84],[98.42,6.92],[98.34,6.92],[98.34,6.84]]],[[[98.42,6.84],[98.5,6.84],[98.5,6.92],[98.42,6.92],[98.42,6.84]]],[[[96.5,6.92],[96.58,6.92],[96.58,7],[96.5,7],[96.5,6.92]]],[[[96.58,6.92],[96.66,6.92],[96.66,7],[96.58,7],[96.58,6.92]]],[[[96.66,6.92],[96.74,6.92],[96.74,7],[96.66,7],[96.66,6.92]]],[[[96.74,6.92],[96.82,6.92],[96.82,7],[96.74,7],[96.74,6.92]]],[[[96.82,6.92],[96.89999999999999,6.92],[96.89999999999999,7],[96.82,7],[96.82,6.92]]],[[[96.9,6.92],[96.98,6.92],[96.98,7],[96.9,7],[96.9,6.92]]],[[[96.98,6.92],[97.06,6.92],[97.06,7],[96.98,7],[96.98,6.92]]],[[[97.06,6.92],[97.14,6.92],[97.14,7],[97.06,7],[97.06,6.92]]],[[[97.14,6.92],[97.22,6.92],[97.22,7],[97.14,7],[97.14,6.92]]],[[[97.22,6.92],[97.3,6.92],[97.3,7],[97.22,7],[97.22,6.92]]],[[[97.3,6.92],[97.38,6.92],[97.38,7],[97.3,7],[97.3,6.92]]],[[[97.38,6.92],[97.46,6.92],[97.46,7],[97.38,7],[97.38,6.92]]],[[[97.46,6.92],[97.53999999999999,6.92],[97.53999999999999,7],[97.46,7],[97.46,6.92]]],[[[97.54,6.92],[97.62,6.92],[97.62,7],[97.54,7],[97.54,6.92]]],[[[97.62,6.92],[97.7,6.92],[97.7,7],[97.62,7],[97.62,6.92]]],[[[97.7,6.92],[97.78,6.92],[97.78,7],[97.7,7],[97.7,6.92]]],[[[97.78,6.92],[97.86,6.92],[97.86,7],[97.78,7],[97.78,6.92]]],[[[97.86,6.92],[97.94,6.92],[97.94,7],[97.86,7],[97.86,6.92]]],[[[97.94,6.92],[98.02,6.92],[98.02,7],[97.94,7],[97.94,6.92]]],[[[98.02,6.92],[98.1,6.92],[98.1,7],[98.02,7],[98.02,6.92]]],[[[98.1,6.92],[98.17999999999999,6.92],[98.17999999999999,7],[98.1,7],[98.1,6.92]]],[[[98.18,6.92],[98.26,6.92],[98.26,7],[98.18,7],[98.18,6.92]]],[[[98.26,6.92],[98.34,6.92],[98.34,7],[98.26,7],[98.26,6.92]]],[[[98.34,6.92],[98.42,6.92],[98.42,7],[98.34,7],[98.34,6.92]]],[[[98.42,6.92],[98.5,6.92],[98.5,7],[98.42,7],[98.42,6.92]]],[[[98.5,6.92],[98.58,6.92],[98.58,7],[98.5,7],[98.5,6.92]]],[[[96.58,7],[96.66,7],[96.66,7.08],[96.58,7.08],[96.58,7]]],[[[96.66,7],[96.74,7],[96.74,7.08],[96.66,7.08],[96.66,7]]],[[[96.74,7],[96.82,7],[96.82,7.08],[96.74,7.08],[96.74,7]]],[[[96.82,7],[96.89999999999999,7],[96.89999999999999,7.08],[96.82,7.08],[96.82,7]]],[[[96.9,7],[96.98,7],[96.98,7.08],[96.9,7.08],[96.9,7]]],[[[96.98,7],[97.06,7],[97.06,7.08],[96.98,7.08],[96.98,7]]],[[[97.06,7],[97.14,7],[97.14,7.08],[97.06,7.08],[97.06,7]]],[[[97.14,7],[97.22,7],[97.22,7.08],[97.14,7.08],[97.14,7]]],[[[97.22,7],[97.3,7],[97.3,7.08],[97.22,7.08],[97.22,7]]],[[[97.3,7],[97.38,7],[97.38,7.08],[97.3,7.08],[97.3,7]]],[[[97.38,7],[97.46,7],[97.46,7.08],[97.38,7.08],[97.38,7]]],[[[97.46,7],[97.53999999999999,7],[97.53999999999999,7.08],[97.46,7.08],[97.46,7]]],[[[97.54,7],[97.62,7],[97.62,7.08],[97.54,7.08],[97.54,7]]],[[[97.62,7],[97.7,7],[97.7,7.08],[97.62,7.08],[97.62,7]]],[[[97.7,7],[97.78,7],[97.78,7.08],[97.7,7.08],[97.7,7]]],[[[97.78,7],[97.86,7],[97.86,7.08],[97.78,7.08],[97.78,7]]],[[[97.86,7],[97.94,7],[97.94,7.08],[97.86,7.08],[97.86,7]]],[[[97.94,7],[98.02,7],[98.02,7.08],[97.94,7.08],[97.94,7]]],[[[98.02,7],[98.1,7],[98.1,7.08],[98.02,7.08],[98.02,7]]],[[[98.1,7],[98.17999999999999,7],[98.17999999999999,7.08],[98.1,7.08],[98.1,7]]],[[[98.18,7],[98.26,7],[98.26,7.08],[98.18,7.08],[98.18,7]]],[[[98.26,7],[98.34,7],[98.34,7.08],[98.26,7.08],[98.26,7]]],[[[98.34,7],[98.42,7],[98.42,7.08],[98.34,7.08],[98.34,7]]],[[[98.42,7],[98.5,7],[98.5,7.08],[98.42,7.08],[98.42,7]]],[[[98.5,7],[98.58,7],[98.58,7.08],[98.5,7.08],[98.5,7]]],[[[96.66,7.08],[96.74,7.08],[96.74,7.16],[96.66,7.16],[96.66,7.08]]],[[[96.74,7.08],[96.82,7.08],[96.82,7.16],[96.74,7.16],[96.74,7.08]]],[[[96.82,7.08],[96.89999999999999,7.08],[96.89999999999999,7.16],[96.82,7.16],[96.82,7.08]]],[[[96.9,7.08],[96.98,7.08],[96.98,7.16],[96.9,7.16],[96.9,7.08]]],[[[96.98,7.08],[97.06,7.08],[97.06,7.16],[96.98,7.16],[96.98,7.08]]],[[[97.06,7.08],[97.14,7.08],[97.14,7.16],[97.06,7.16],[97.06,7.08]]],[[[97.14,7.08],[97.22,7.08],[97.22,7.16],[97.14,7.16],[97.14,7.08]]],[[[97.22,7.08],[97.3,7.08],[97.3,7.16],[97.22,7.16],[97.22,7.08]]],[[[97.3,7.08],[97.38,7.08],[97.38,7.16],[97.3,7.16],[97.3,7.08]]],[[[97.38,7.08],[97.46,7.08],[97.46,7.16],[97.38,7.16],[97.38,7.08]]],[[[97.46,7.08],[97.53999999999999,7.08],[97.53999999999999,7.16],[97.46,7.16],[97.46,7.08]]],[[[97.54,7.08],[97.62,7.08],[97.62,7.16],[97.54,7.16],[97.54,7.08]]],[[[97.62,7.08],[97.7,7.08],[97.7,7.16],[97.62,7.16],[97.62,7.08]]],[[[97.7,7.08],[97.78,7.08],[97.78,7.16],[97.7,7.16],[97.7,7.08]]],[[[97.78,7.08],[97.86,7.08],[97.86,7.16],[97.78,7.16],[97.78,7.08]]],[[[97.86,7.08],[97.94,7.08],[97.94,7.16],[97.86,7.16],[97.86,7.08]]],[[[97.94,7.08],[98.02,7.08],[98.02,7.16],[97.94,7.16],[97.94,7.08]]],[[[98.02,7.08],[98.1,7.08],[98.1,7.16],[98.02,7.16],[98.02,7.08]]],[[[98.1,7.08],[98.17999999999999,7.08],[98.17999999999999,7.16],[98.1,7.16],[98.1,7.08]]],[[[98.18,7.08],[98.26,7.08],[98.26,7.16],[98.18,7.16],[98.18,7.08]]],[[[98.26,7.08],[98.34,7.08],[98.34,7.16],[98.26,7.16],[98.26,7.08]]],[[[98.34,7.08],[98.42,7.08],[98.42,7.16],[98.34,7.16],[98.34,7.08]]],[[[98.42,7.08],[98.5,7.08],[98.5,7.16],[98.42,7.16],[98.42,7.08]]],[[[98.5,7.08],[98.58,7.08],[98.58,7.16],[98.5,7.16],[98.5,7.08]]],[[[96.82,7.16],[96.89999999999999,7.16],[96.89999999999999,7.24],[96.82,7.24],[96.82,7.16]]],[[[96.9,7.16],[96.98,7.16],[96.98,7.24],[96.9,7.24],[96.9,7.16]]],[[[96.98,7.16],[97.06,7.16],[97.06,7.24],[96.98,7.24],[96.98,7.16]]],[[[97.06,7.16],[97.14,7.16],[97.14,7.24],[97.06,7.24],[97.06,7.16]]],[[[97.14,7.16],[97.22,7.16],[97.22,7.24],[97.14,7.24],[97.14,7.16]]],[[[97.22,7.16],[97.3,7.16],[97.3,7.24],[97.22,7.24],[97.22,7.16]]],[[[97.3,7.16],[97.38,7.16],[97.38,7.24],[97.3,7.24],[97.3,7.16]]],[[[97.38,7.16],[97.46,7.16],[97.46,7.24],[97.38,7.24],[97.38,7.16]]],[[[97.46,7.16],[97.53999999999999,7.16],[97.53999999999999,7.24],[97.46,7.24],[97.46,7.16]]],[[[97.54,7.16],[97.62,7.16],[97.62,7.24],[97.54,7.24],[97.54,7.16]]],[[[97.62,7.16],[97.7,7.16],[97.7,7.24],[97.62,7.24],[97.62,7.16]]],[[[97.7,7.16],[97.78,7.16],[97.78,7.24],[97.7,7.24],[97.7,7.16]]],[[[97.78,7.16],[97.86,7.16],[97.86,7.24],[97.78,7.24],[97.78,7.16]]],[[[97.86,7.16],[97.94,7.16],[97.94,7.24],[97.86,7.24],[97.86,7.16]]],[[[97.94,7.16],[98.02,7.16],[98.02,7.24],[97.94,7.24],[97.94,7.16]]],[[[98.02,7.16],[98.1,7.16],[98.1,7.24],[98.02,7.24],[98.02,7.16]]],[[[98.1,7.16],[98.17999999999999,7.16],[98.17999999999999,7.24],[98.1,7.24],[98.1,7.16]]],[[[98.18,7.16],[98.26,7.16],[98.26,7.24],[98.18,7.24],[98.18,7.16]]],[[[98.26,7.16],[98.34,7.16],[98.34,7.24],[98.26,7.24],[98.26,7.16]]],[[[98.34,7.16],[98.42,7.16],[98.42,7.24],[98.34,7.24],[98.34,7.16]]],[[[98.42,7.16],[98.5,7.16],[98.5,7.24],[98.42,7.24],[98.42,7.16]]],[[[98.5,7.16],[98.58,7.16],[98.58,7.24],[98.5,7.24],[98.5,7.16]]],[[[96.9,7.24],[96.98,7.24],[96.98,7.32],[96.9,7.32],[96.9,7.24]]],[[[96.98,7.24],[97.06,7.24],[97.06,7.32],[96.98,7.32],[96.98,7.24]]],[[[97.06,7.24],[97.14,7.24],[97.14,7.32],[97.06,7.32],[97.06,7.24]]],[[[97.14,7.24],[97.22,7.24],[97.22,7.32],[97.14,7.32],[97.14,7.24]]],[[[97.22,7.24],[97.3,7.24],[97.3,7.32],[97.22,7.32],[97.22,7.24]]],[[[97.3,7.24],[97.38,7.24],[97.38,7.32],[97.3,7.32],[97.3,7.24]]],[[[97.38,7.24],[97.46,7.24],[97.46,7.32],[97.38,7.32],[97.38,7.24]]],[[[97.46,7.24],[97.53999999999999,7.24],[97.53999999999999,7.32],[97.46,7.32],[97.46,7.24]]],[[[97.54,7.24],[97.62,7.24],[97.62,7.32],[97.54,7.32],[97.54,7.24]]],[[[97.62,7.24],[97.7,7.24],[97.7,7.32],[97.62,7.32],[97.62,7.24]]],[[[97.7,7.24],[97.78,7.24],[97.78,7.32],[97.7,7.32],[97.7,7.24]]],[[[97.78,7.24],[97.86,7.24],[97.86,7.32],[97.78,7.32],[97.78,7.24]]],[[[97.86,7.24],[97.94,7.24],[97.94,7.32],[97.86,7.32],[97.86,7.24]]],[[[97.94,7.24],[98.02,7.24],[98.02,7.32],[97.94,7.32],[97.94,7.24]]],[[[98.02,7.24],[98.1,7.24],[98.1,7.32],[98.02,7.32],[98.02,7.24]]],[[[98.1,7.24],[98.17999999999999,7.24],[98.17999999999999,7.32],[98.1,7.32],[98.1,7.24]]],[[[98.18,7.24],[98.26,7.24],[98.26,7.32],[98.18,7.32],[98.18,7.24]]],[[[98.26,7.24],[98.34,7.24],[98.34,7.32],[98.26,7.32],[98.26,7.24]]],[[[98.34,7.24],[98.42,7.24],[98.42,7.32],[98.34,7.32],[98.34,7.24]]],[[[98.42,7.24],[98.5,7.24],[98.5,7.32],[98.42,7.32],[98.42,7.24]]],[[[98.5,7.24],[98.58,7.24],[98.58,7.32],[98.5,7.32],[98.5,7.24]]],[[[97.06,7.32],[97.14,7.32],[97.14,7.4],[97.06,7.4],[97.06,7.32]]],[[[97.14,7.32],[97.22,7.32],[97.22,7.4],[97.14,7.4],[97.14,7.32]]],[[[97.22,7.32],[97.3,7.32],[97.3,7.4],[97.22,7.4],[97.22,7.32]]],[[[97.3,7.32],[97.38,7.32],[97.38,7.4],[97.3,7.4],[97.3,7.32]]],[[[97.38,7.32],[97.46,7.32],[97.46,7.4],[97.38,7.4],[97.38,7.32]]],[[[97.46,7.32],[97.53999999999999,7.32],[97.53999999999999,7.4],[97.46,7.4],[97.46,7.32]]],[[[97.54,7.32],[97.62,7.32],[97.62,7.4],[97.54,7.4],[97.54,7.32]]],[[[97.62,7.32],[97.7,7.32],[97.7,7.4],[97.62,7.4],[97.62,7.32]]],[[[97.7,7.32],[97.78,7.32],[97.78,7.4],[97.7,7.4],[97.7,7.32]]],[[[97.78,7.32],[97.86,7.32],[97.86,7.4],[97.78,7.4],[97.78,7.32]]],[[[97.86,7.32],[97.94,7.32],[97.94,7.4],[97.86,7.4],[97.86,7.32]]],[[[97.94,7.32],[98.02,7.32],[98.02,7.4],[97.94,7.4],[97.94,7.32]]],[[[98.02,7.32],[98.1,7.32],[98.1,7.4],[98.02,7.4],[98.02,7.32]]],[[[98.1,7.32],[98.17999999999999,7.32],[98.17999999999999,7.4],[98.1,7.4],[98.1,7.32]]],[[[98.18,7.32],[98.26,7.32],[98.26,7.4],[98.18,7.4],[98.18,7.32]]],[[[98.26,7.32],[98.34,7.32],[98.34,7.4],[98.26,7.4],[98.26,7.32]]],[[[98.34,7.32],[98.42,7.32],[98.42,7.4],[98.34,7.4],[98.34,7.32]]],[[[98.42,7.32],[98.5,7.32],[98.5,7.4],[98.42,7.4],[98.42,7.32]]],[[[98.5,7.32],[98.58,7.32],[98.58,7.4],[98.5,7.4],[98.5,7.32]]],[[[97.14,7.4],[97.22,7.4],[97.22,7.48],[97.14,7.48],[97.14,7.4]]],[[[97.22,7.4],[97.3,7.4],[97.3,7.48],[97.22,7.48],[97.22,7.4]]],[[[97.3,7.4],[97.38,7.4],[97.38,7.48],[97.3,7.48],[97.3,7.4]]],[[[97.38,7.4],[97.46,7.4],[97.46,7.48],[97.38,7.48],[97.38,7.4]]],[[[97.46,7.4],[97.53999999999999,7.4],[97.53999999999999,7.48],[97.46,7.48],[97.46,7.4]]],[[[97.54,7.4],[97.62,7.4],[97.62,7.48],[97.54,7.48],[97.54,7.4]]],[[[97.62,7.4],[97.7,7.4],[97.7,7.48],[97.62,7.48],[97.62,7.4]]],[[[97.7,7.4],[97.78,7.4],[97.78,7.48],[97.7,7.48],[97.7,7.4]]],[[[97.78,7.4],[97.86,7.4],[97.86,7.48],[97.78,7.48],[97.78,7.4]]],[[[97.86,7.4],[97.94,7.4],[97.94,7.48],[97.86,7.48],[97.86,7.4]]],[[[97.94,7.4],[98.02,7.4],[98.02,7.48],[97.94,7.48],[97.94,7.4]]],[[[98.02,7.4],[98.1,7.4],[98.1,7.48],[98.02,7.48],[98.02,7.4]]],[[[98.1,7.4],[98.17999999999999,7.4],[98.17999999999999,7.48],[98.1,7.48],[98.1,7.4]]],[[[98.18,7.4],[98.26,7.4],[98.26,7.48],[98.18,7.48],[98.18,7.4]]],[[[98.26,7.4],[98.34,7.4],[98.34,7.48],[98.26,7.48],[98.26,7.4]]],[[[98.34,7.4],[98.42,7.4],[98.42,7.48],[98.34,7.48],[98.34,7.4]]],[[[98.42,7.4],[98.5,7.4],[98.5,7.48],[98.42,7.48],[98.42,7.4]]],[[[98.5,7.4],[98.58,7.4],[98.58,7.48],[98.5,7.48],[98.5,7.4]]],[[[97.3,7.48],[97.38,7.48],[97.38,7.5600000000000005],[97.3,7.5600000000000005],[97.3,7.48]]],[[[97.38,7.48],[97.46,7.48],[97.46,7.5600000000000005],[97.38,7.5600000000000005],[97.38,7.48]]],[[[97.46,7.48],[97.53999999999999,7.48],[97.53999999999999,7.5600000000000005],[97.46,7.5600000000000005],[97.46,7.48]]],[[[97.54,7.48],[97.62,7.48],[97.62,7.5600000000000005],[97.54,7.5600000000000005],[97.54,7.48]]],[[[97.62,7.48],[97.7,7.48],[97.7,7.5600000000000005],[97.62,7.5600000000000005],[97.62,7.48]]],[[[97.7,7.48],[97.78,7.48],[97.78,7.5600000000000005],[97.7,7.5600000000000005],[97.7,7.48]]],[[[97.78,7.48],[97.86,7.48],[97.86,7.5600000000000005],[97.78,7.5600000000000005],[97.78,7.48]]],[[[97.86,7.48],[97.94,7.48],[97.94,7.5600000000000005],[97.86,7.5600000000000005],[97.86,7.48]]],[[[97.94,7.48],[98.02,7.48],[98.02,7.5600000000000005],[97.94,7.5600000000000005],[97.94,7.48]]],[[[98.02,7.48],[98.1,7.48],[98.1,7.5600000000000005],[98.02,7.5600000000000005],[98.02,7.48]]],[[[98.1,7.48],[98.17999999999999,7.48],[98.17999999999999,7.5600000000000005],[98.1,7.5600000000000005],[98.1,7.48]]],[[[98.18,7.48],[98.26,7.48],[98.26,7.5600000000000005],[98.18,7.5600000000000005],[98.18,7.48]]],[[[98.26,7.48],[98.34,7.48],[98.34,7.5600000000000005],[98.26,7.5600000000000005],[98.26,7.48]]],[[[98.34,7.48],[98.42,7.48],[98.42,7.5600000000000005],[98.34,7.5600000000000005],[98.34,7.48]]],[[[98.42,7.48],[98.5,7.48],[98.5,7.5600000000000005],[98.42,7.5600000000000005],[98.42,7.48]]],[[[98.5,7.48],[98.58,7.48],[98.58,7.5600000000000005],[98.5,7.5600000000000005],[98.5,7.48]]],[[[97.38,7.5600000000000005],[97.46,7.5600000000000005],[97.46,7.640000000000001],[97.38,7.640000000000001],[97.38,7.5600000000000005]]],[[[97.46,7.5600000000000005],[97.53999999999999,7.5600000000000005],[97.53999999999999,7.640000000000001],[97.46,7.640000000000001],[97.46,7.5600000000000005]]],[[[97.54,7.5600000000000005],[97.62,7.5600000000000005],[97.62,7.640000000000001],[97.54,7.640000000000001],[97.54,7.5600000000000005]]],[[[97.62,7.5600000000000005],[97.7,7.5600000000000005],[97.7,7.640000000000001],[97.62,7.640000000000001],[97.62,7.5600000000000005]]],[[[97.7,7.5600000000000005],[97.78,7.5600000000000005],[97.78,7.640000000000001],[97.7,7.640000000000001],[97.7,7.5600000000000005]]],[[[97.78,7.5600000000000005],[97.86,7.5600000000000005],[97.86,7.640000000000001],[97.78,7.640000000000001],[97.78,7.5600000000000005]]],[[[97.86,7.5600000000000005],[97.94,7.5600000000000005],[97.94,7.640000000000001],[97.86,7.640000000000001],[97.86,7.5600000000000005]]],[[[97.94,7.5600000000000005],[98.02,7.5600000000000005],[98.02,7.640000000000001],[97.94,7.640000000000001],[97.94,7.5600000000000005]]],[[[98.02,7.5600000000000005],[98.1,7.5600000000000005],[98.1,7.640000000000001],[98.02,7.640000000000001],[98.02,7.5600000000000005]]],[[[98.1,7.5600000000000005],[98.17999999999999,7.5600000000000005],[98.17999999999999,7.640000000000001],[98.1,7.640000000000001],[98.1,7.5600000000000005]]],[[[98.18,7.5600000000000005],[98.26,7.5600000000000005],[98.26,7.640000000000001],[98.18,7.640000000000001],[98.18,7.5600000000000005]]],[[[98.26,7.5600000000000005],[98.34,7.5600000000000005],[98.34,7.640000000000001],[98.26,7.640000000000001],[98.26,7.5600000000000005]]],[[[98.34,7.5600000000000005],[98.42,7.5600000000000005],[98.42,7.640000000000001],[98.34,7.640000000000001],[98.34,7.5600000000000005]]],[[[98.42,7.5600000000000005],[98.5,7.5600000000000005],[98.5,7.640000000000001],[98.42,7.640000000000001],[98.42,7.5600000000000005]]],[[[98.5,7.5600000000000005],[98.58,7.5600000000000005],[98.58,7.640000000000001],[98.5,7.640000000000001],[98.5,7.5600000000000005]]],[[[98.58,7.5600000000000005],[98.66,7.5600000000000005],[98.66,7.640000000000001],[98.58,7.640000000000001],[98.58,7.5600000000000005]]],[[[97.46,7.640000000000001],[97.53999999999999,7.640000000000001],[97.53999999999999,7.720000000000001],[97.46,7.720000000000001],[97.46,7.640000000000001]]],[[[97.54,7.640000000000001],[97.62,7.640000000000001],[97.62,7.720000000000001],[97.54,7.720000000000001],[97.54,7.640000000000001]]],[[[97.62,7.640000000000001],[97.7,7.640000000000001],[97.7,7.720000000000001],[97.62,7.720000000000001],[97.62,7.640000000000001]]],[[[97.7,7.640000000000001],[97.78,7.640000000000001],[97.78,7.720000000000001],[97.7,7.720000000000001],[97.7,7.640000000000001]]],[[[97.78,7.640000000000001],[97.86,7.640000000000001],[97.86,7.720000000000001],[97.78,7.720000000000001],[97.78,7.640000000000001]]],[[[97.86,7.640000000000001],[97.94,7.640000000000001],[97.94,7.720000000000001],[97.86,7.720000000000001],[97.86,7.640000000000001]]],[[[97.94,7.640000000000001],[98.02,7.640000000000001],[98.02,7.720000000000001],[97.94,7.720000000000001],[97.94,7.640000000000001]]],[[[98.02,7.640000000000001],[98.1,7.640000000000001],[98.1,7.720000000000001],[98.02,7.720000000000001],[98.02,7.640000000000001]]],[[[98.1,7.640000000000001],[98.17999999999999,7.640000000000001],[98.17999999999999,7.720000000000001],[98.1,7.720000000000001],[98.1,7.640000000000001]]],[[[98.18,7.640000000000001],[98.26,7.640000000000001],[98.26,7.720000000000001],[98.18,7.720000000000001],[98.18,7.640000000000001]]],[[[98.26,7.640000000000001],[98.34,7.640000000000001],[98.34,7.720000000000001],[98.26,7.720000000000001],[98.26,7.640000000000001]]],[[[98.34,7.640000000000001],[98.42,7.640000000000001],[98.42,7.720000000000001],[98.34,7.720000000000001],[98.34,7.640000000000001]]],[[[98.42,7.640000000000001],[98.5,7.640000000000001],[98.5,7.720000000000001],[98.42,7.720000000000001],[98.42,7.640000000000001]]],[[[98.5,7.640000000000001],[98.58,7.640000000000001],[98.58,7.720000000000001],[98.5,7.720000000000001],[98.5,7.640000000000001]]],[[[98.58,7.640000000000001],[98.66,7.640000000000001],[98.66,7.720000000000001],[98.58,7.720000000000001],[98.58,7.640000000000001]]],[[[97.54,7.720000000000001],[97.62,7.720000000000001],[97.62,7.800000000000001],[97.54,7.800000000000001],[97.54,7.720000000000001]]],[[[97.62,7.720000000000001],[97.7,7.720000000000001],[97.7,7.800000000000001],[97.62,7.800000000000001],[97.62,7.720000000000001]]],[[[97.7,7.720000000000001],[97.78,7.720000000000001],[97.78,7.800000000000001],[97.7,7.800000000000001],[97.7,7.720000000000001]]],[[[97.78,7.720000000000001],[97.86,7.720000000000001],[97.86,7.800000000000001],[97.78,7.800000000000001],[97.78,7.720000000000001]]],[[[97.86,7.720000000000001],[97.94,7.720000000000001],[97.94,7.800000000000001],[97.86,7.800000000000001],[97.86,7.720000000000001]]],[[[97.94,7.720000000000001],[98.02,7.720000000000001],[98.02,7.800000000000001],[97.94,7.800000000000001],[97.94,7.720000000000001]]],[[[98.02,7.720000000000001],[98.1,7.720000000000001],[98.1,7.800000000000001],[98.02,7.800000000000001],[98.02,7.720000000000001]]],[[[98.1,7.720000000000001],[98.17999999999999,7.720000000000001],[98.17999999999999,7.800000000000001],[98.1,7.800000000000001],[98.1,7.720000000000001]]],[[[98.18,7.720000000000001],[98.26,7.720000000000001],[98.26,7.800000000000001],[98.18,7.800000000000001],[98.18,7.720000000000001]]],[[[98.26,7.720000000000001],[98.34,7.720000000000001],[98.34,7.800000000000001],[98.26,7.800000000000001],[98.26,7.720000000000001]]],[[[98.34,7.720000000000001],[98.42,7.720000000000001],[98.42,7.800000000000001],[98.34,7.800000000000001],[98.34,7.720000000000001]]],[[[98.42,7.720000000000001],[98.5,7.720000000000001],[98.5,7.800000000000001],[98.42,7.800000000000001],[98.42,7.720000000000001]]],[[[98.5,7.720000000000001],[98.58,7.720000000000001],[98.58,7.800000000000001],[98.5,7.800000000000001],[98.5,7.720000000000001]]],[[[98.58,7.720000000000001],[98.66,7.720000000000001],[98.66,7.800000000000001],[98.58,7.800000000000001],[98.58,7.720000000000001]]],[[[97.62,7.800000000000001],[97.7,7.800000000000001],[97.7,7.880000000000001],[97.62,7.880000000000001],[97.62,7.800000000000001]]],[[[97.7,7.800000000000001],[97.78,7.800000000000001],[97.78,7.880000000000001],[97.7,7.880000000000001],[97.7,7.800000000000001]]],[[[97.78,7.800000000000001],[97.86,7.800000000000001],[97.86,7.880000000000001],[97.78,7.880000000000001],[97.78,7.800000000000001]]],[[[97.86,7.800000000000001],[97.94,7.800000000000001],[97.94,7.880000000000001],[97.86,7.880000000000001],[97.86,7.800000000000001]]],[[[97.94,7.800000000000001],[98.02,7.800000000000001],[98.02,7.880000000000001],[97.94,7.880000000000001],[97.94,7.800000000000001]]],[[[98.02,7.800000000000001],[98.1,7.800000000000001],[98.1,7.880000000000001],[98.02,7.880000000000001],[98.02,7.800000000000001]]],[[[98.1,7.800000000000001],[98.17999999999999,7.800000000000001],[98.17999999999999,7.880000000000001],[98.1,7.880000000000001],[98.1,7.800000000000001]]],[[[98.18,7.800000000000001],[98.26,7.800000000000001],[98.26,7.880000000000001],[98.18,7.880000000000001],[98.18,7.800000000000001]]],[[[98.42,7.800000000000001],[98.5,7.800000000000001],[98.5,7.880000000000001],[98.42,7.880000000000001],[98.42,7.800000000000001]]],[[[98.5,7.800000000000001],[98.58,7.800000000000001],[98.58,7.880000000000001],[98.5,7.880000000000001],[98.5,7.800000000000001]]],[[[97.7,7.88],[97.78,7.88],[97.78,7.96],[97.7,7.96],[97.7,7.88]]],[[[97.78,7.88],[97.86,7.88],[97.86,7.96],[97.78,7.96],[97.78,7.88]]],[[[97.86,7.88],[97.94,7.88],[97.94,7.96],[97.86,7.96],[97.86,7.88]]],[[[97.94,7.88],[98.02,7.88],[98.02,7.96],[97.94,7.96],[97.94,7.88]]],[[[98.02,7.88],[98.1,7.88],[98.1,7.96],[98.02,7.96],[98.02,7.88]]],[[[98.1,7.88],[98.17999999999999,7.88],[98.17999999999999,7.96],[98.1,7.96],[98.1,7.88]]],[[[98.18,7.88],[98.26,7.88],[98.26,7.96],[98.18,7.96],[98.18,7.88]]],[[[98.42,7.88],[98.5,7.88],[98.5,7.96],[98.42,7.96],[98.42,7.88]]],[[[97.78,7.96],[97.86,7.96],[97.86,8.04],[97.78,8.04],[97.78,7.96]]],[[[97.86,7.96],[97.94,7.96],[97.94,8.04],[97.86,8.04],[97.86,7.96]]],[[[97.94,7.96],[98.02,7.96],[98.02,8.04],[97.94,8.04],[97.94,7.96]]],[[[98.02,7.96],[98.1,7.96],[98.1,8.04],[98.02,8.04],[98.02,7.96]]],[[[98.1,7.96],[98.17999999999999,7.96],[98.17999999999999,8.04],[98.1,8.04],[98.1,7.96]]],[[[98.18,7.96],[98.26,7.96],[98.26,8.04],[98.18,8.04],[98.18,7.96]]],[[[98.42,7.96],[98.5,7.96],[98.5,8.04],[98.42,8.04],[98.42,7.96]]],[[[97.86,8.04],[97.94,8.04],[97.94,8.12],[97.86,8.12],[97.86,8.04]]],[[[97.94,8.04],[98.02,8.04],[98.02,8.12],[97.94,8.12],[97.94,8.04]]],[[[98.02,8.04],[98.1,8.04],[98.1,8.12],[98.02,8.12],[98.02,8.04]]],[[[98.1,8.04],[98.17999999999999,8.04],[98.17999999999999,8.12],[98.1,8.12],[98.1,8.04]]],[[[98.18,8.04],[98.26,8.04],[98.26,8.12],[98.18,8.12],[98.18,8.04]]],[[[98.42,8.04],[98.5,8.04],[98.5,8.12],[98.42,8.12],[98.42,8.04]]],[[[97.86,8.120000000000001],[97.94,8.120000000000001],[97.94,8.200000000000001],[97.86,8.200000000000001],[97.86,8.120000000000001]]],[[[97.94,8.120000000000001],[98.02,8.120000000000001],[98.02,8.200000000000001],[97.94,8.200000000000001],[97.94,8.120000000000001]]],[[[98.1,8.120000000000001],[98.17999999999999,8.120000000000001],[98.17999999999999,8.200000000000001],[98.1,8.200000000000001],[98.1,8.120000000000001]]],[[[98.18,8.120000000000001],[98.26,8.120000000000001],[98.26,8.200000000000001],[98.18,8.200000000000001],[98.18,8.120000000000001]]]]}},{"type":"Feature","properties":{"region_id":"TH-77","region_iso":"TH-77","region_shape_id":"36821470B69255687394343","region_name":"Prachuap Khiri Khan","region_name_local":"Prachuap Khiri Khan","adm_level":"ADM1","zone_hint":"GOT","geometry_kind":"derived_marine_admin_polygon","derivation":"nearest_coastal_province_on_regular_sea_grid","cell_count":436,"cell_size_deg":0.08},"geometry":{"type":"MultiPolygon","coordinates":[[[[100.26,10.76],[100.34,10.76],[100.34,10.84],[100.26,10.84],[100.26,10.76]]],[[[100.34,10.76],[100.42,10.76],[100.42,10.84],[100.34,10.84],[100.34,10.76]]],[[[99.94,10.84],[100.02,10.84],[100.02,10.92],[99.94,10.92],[99.94,10.84]]],[[[100.02,10.84],[100.1,10.84],[100.1,10.92],[100.02,10.92],[100.02,10.84]]],[[[100.1,10.84],[100.17999999999999,10.84],[100.17999999999999,10.92],[100.1,10.92],[100.1,10.84]]],[[[100.18,10.84],[100.26,10.84],[100.26,10.92],[100.18,10.92],[100.18,10.84]]],[[[100.26,10.84],[100.34,10.84],[100.34,10.92],[100.26,10.92],[100.26,10.84]]],[[[100.34,10.84],[100.42,10.84],[100.42,10.92],[100.34,10.92],[100.34,10.84]]],[[[100.42,10.84],[100.5,10.84],[100.5,10.92],[100.42,10.92],[100.42,10.84]]],[[[100.5,10.84],[100.58,10.84],[100.58,10.92],[100.5,10.92],[100.5,10.84]]],[[[100.58,10.84],[100.66,10.84],[100.66,10.92],[100.58,10.92],[100.58,10.84]]],[[[99.62,10.92],[99.7,10.92],[99.7,11],[99.62,11],[99.62,10.92]]],[[[99.7,10.92],[99.78,10.92],[99.78,11],[99.7,11],[99.7,10.92]]],[[[99.78,10.92],[99.86,10.92],[99.86,11],[99.78,11],[99.78,10.92]]],[[[99.86,10.92],[99.94,10.92],[99.94,11],[99.86,11],[99.86,10.92]]],[[[99.94,10.92],[100.02,10.92],[100.02,11],[99.94,11],[99.94,10.92]]],[[[100.02,10.92],[100.1,10.92],[100.1,11],[100.02,11],[100.02,10.92]]],[[[100.1,10.92],[100.17999999999999,10.92],[100.17999999999999,11],[100.1,11],[100.1,10.92]]],[[[100.18,10.92],[100.26,10.92],[100.26,11],[100.18,11],[100.18,10.92]]],[[[100.26,10.92],[100.34,10.92],[100.34,11],[100.26,11],[100.26,10.92]]],[[[100.34,10.92],[100.42,10.92],[100.42,11],[100.34,11],[100.34,10.92]]],[[[100.42,10.92],[100.5,10.92],[100.5,11],[100.42,11],[100.42,10.92]]],[[[100.5,10.92],[100.58,10.92],[100.58,11],[100.5,11],[100.5,10.92]]],[[[100.58,10.92],[100.66,10.92],[100.66,11],[100.58,11],[100.58,10.92]]],[[[100.66,10.92],[100.74,10.92],[100.74,11],[100.66,11],[100.66,10.92]]],[[[100.74,10.92],[100.82,10.92],[100.82,11],[100.74,11],[100.74,10.92]]],[[[100.82,10.92],[100.89999999999999,10.92],[100.89999999999999,11],[100.82,11],[100.82,10.92]]],[[[100.9,10.92],[100.98,10.92],[100.98,11],[100.9,11],[100.9,10.92]]],[[[100.98,10.92],[101.06,10.92],[101.06,11],[100.98,11],[100.98,10.92]]],[[[101.06,10.92],[101.14,10.92],[101.14,11],[101.06,11],[101.06,10.92]]],[[[99.54,11],[99.62,11],[99.62,11.08],[99.54,11.08],[99.54,11]]],[[[99.62,11],[99.7,11],[99.7,11.08],[99.62,11.08],[99.62,11]]],[[[99.7,11],[99.78,11],[99.78,11.08],[99.7,11.08],[99.7,11]]],[[[99.78,11],[99.86,11],[99.86,11.08],[99.78,11.08],[99.78,11]]],[[[99.86,11],[99.94,11],[99.94,11.08],[99.86,11.08],[99.86,11]]],[[[99.94,11],[100.02,11],[100.02,11.08],[99.94,11.08],[99.94,11]]],[[[100.02,11],[100.1,11],[100.1,11.08],[100.02,11.08],[100.02,11]]],[[[100.1,11],[100.17999999999999,11],[100.17999999999999,11.08],[100.1,11.08],[100.1,11]]],[[[100.18,11],[100.26,11],[100.26,11.08],[100.18,11.08],[100.18,11]]],[[[100.26,11],[100.34,11],[100.34,11.08],[100.26,11.08],[100.26,11]]],[[[100.34,11],[100.42,11],[100.42,11.08],[100.34,11.08],[100.34,11]]],[[[100.42,11],[100.5,11],[100.5,11.08],[100.42,11.08],[100.42,11]]],[[[100.5,11],[100.58,11],[100.58,11.08],[100.5,11.08],[100.5,11]]],[[[100.58,11],[100.66,11],[100.66,11.08],[100.58,11.08],[100.58,11]]],[[[100.66,11],[100.74,11],[100.74,11.08],[100.66,11.08],[100.66,11]]],[[[100.74,11],[100.82,11],[100.82,11.08],[100.74,11.08],[100.74,11]]],[[[100.82,11],[100.89999999999999,11],[100.89999999999999,11.08],[100.82,11.08],[100.82,11]]],[[[100.9,11],[100.98,11],[100.98,11.08],[100.9,11.08],[100.9,11]]],[[[100.98,11],[101.06,11],[101.06,11.08],[100.98,11.08],[100.98,11]]],[[[101.06,11],[101.14,11],[101.14,11.08],[101.06,11.08],[101.06,11]]],[[[99.06,11.08],[99.14,11.08],[99.14,11.16],[99.06,11.16],[99.06,11.08]]],[[[99.14,11.08],[99.22,11.08],[99.22,11.16],[99.14,11.16],[99.14,11.08]]],[[[99.46,11.08],[99.53999999999999,11.08],[99.53999999999999,11.16],[99.46,11.16],[99.46,11.08]]],[[[99.54,11.08],[99.62,11.08],[99.62,11.16],[99.54,11.16],[99.54,11.08]]],[[[99.62,11.08],[99.7,11.08],[99.7,11.16],[99.62,11.16],[99.62,11.08]]],[[[99.7,11.08],[99.78,11.08],[99.78,11.16],[99.7,11.16],[99.7,11.08]]],[[[99.78,11.08],[99.86,11.08],[99.86,11.16],[99.78,11.16],[99.78,11.08]]],[[[99.86,11.08],[99.94,11.08],[99.94,11.16],[99.86,11.16],[99.86,11.08]]],[[[99.94,11.08],[100.02,11.08],[100.02,11.16],[99.94,11.16],[99.94,11.08]]],[[[100.02,11.08],[100.1,11.08],[100.1,11.16],[100.02,11.16],[100.02,11.08]]],[[[100.1,11.08],[100.17999999999999,11.08],[100.17999999999999,11.16],[100.1,11.16],[100.1,11.08]]],[[[100.18,11.08],[100.26,11.08],[100.26,11.16],[100.18,11.16],[100.18,11.08]]],[[[100.26,11.08],[100.34,11.08],[100.34,11.16],[100.26,11.16],[100.26,11.08]]],[[[100.34,11.08],[100.42,11.08],[100.42,11.16],[100.34,11.16],[100.34,11.08]]],[[[100.42,11.08],[100.5,11.08],[100.5,11.16],[100.42,11.16],[100.42,11.08]]],[[[100.5,11.08],[100.58,11.08],[100.58,11.16],[100.5,11.16],[100.5,11.08]]],[[[100.58,11.08],[100.66,11.08],[100.66,11.16],[100.58,11.16],[100.58,11.08]]],[[[100.66,11.08],[100.74,11.08],[100.74,11.16],[100.66,11.16],[100.66,11.08]]],[[[100.74,11.08],[100.82,11.08],[100.82,11.16],[100.74,11.16],[100.74,11.08]]],[[[100.82,11.08],[100.89999999999999,11.08],[100.89999999999999,11.16],[100.82,11.16],[100.82,11.08]]],[[[100.9,11.08],[100.98,11.08],[100.98,11.16],[100.9,11.16],[100.9,11.08]]],[[[100.98,11.08],[101.06,11.08],[101.06,11.16],[100.98,11.16],[100.98,11.08]]],[[[98.98,11.16],[99.06,11.16],[99.06,11.24],[98.98,11.24],[98.98,11.16]]],[[[99.06,11.16],[99.14,11.16],[99.14,11.24],[99.06,11.24],[99.06,11.16]]],[[[99.14,11.16],[99.22,11.16],[99.22,11.24],[99.14,11.24],[99.14,11.16]]],[[[99.22,11.16],[99.3,11.16],[99.3,11.24],[99.22,11.24],[99.22,11.16]]],[[[99.54,11.16],[99.62,11.16],[99.62,11.24],[99.54,11.24],[99.54,11.16]]],[[[99.62,11.16],[99.7,11.16],[99.7,11.24],[99.62,11.24],[99.62,11.16]]],[[[99.7,11.16],[99.78,11.16],[99.78,11.24],[99.7,11.24],[99.7,11.16]]],[[[99.78,11.16],[99.86,11.16],[99.86,11.24],[99.78,11.24],[99.78,11.16]]],[[[99.86,11.16],[99.94,11.16],[99.94,11.24],[99.86,11.24],[99.86,11.16]]],[[[99.94,11.16],[100.02,11.16],[100.02,11.24],[99.94,11.24],[99.94,11.16]]],[[[100.02,11.16],[100.1,11.16],[100.1,11.24],[100.02,11.24],[100.02,11.16]]],[[[100.1,11.16],[100.17999999999999,11.16],[100.17999999999999,11.24],[100.1,11.24],[100.1,11.16]]],[[[100.18,11.16],[100.26,11.16],[100.26,11.24],[100.18,11.24],[100.18,11.16]]],[[[100.26,11.16],[100.34,11.16],[100.34,11.24],[100.26,11.24],[100.26,11.16]]],[[[100.34,11.16],[100.42,11.16],[100.42,11.24],[100.34,11.24],[100.34,11.16]]],[[[100.42,11.16],[100.5,11.16],[100.5,11.24],[100.42,11.24],[100.42,11.16]]],[[[100.5,11.16],[100.58,11.16],[100.58,11.24],[100.5,11.24],[100.5,11.16]]],[[[100.58,11.16],[100.66,11.16],[100.66,11.24],[100.58,11.24],[100.58,11.16]]],[[[100.66,11.16],[100.74,11.16],[100.74,11.24],[100.66,11.24],[100.66,11.16]]],[[[100.74,11.16],[100.82,11.16],[100.82,11.24],[100.74,11.24],[100.74,11.16]]],[[[100.82,11.16],[100.89999999999999,11.16],[100.89999999999999,11.24],[100.82,11.24],[100.82,11.16]]],[[[100.9,11.16],[100.98,11.16],[100.98,11.24],[100.9,11.24],[100.9,11.16]]],[[[98.9,11.24],[98.98,11.24],[98.98,11.32],[98.9,11.32],[98.9,11.24]]],[[[98.98,11.24],[99.06,11.24],[99.06,11.32],[98.98,11.32],[98.98,11.24]]],[[[99.06,11.24],[99.14,11.24],[99.14,11.32],[99.06,11.32],[99.06,11.24]]],[[[99.14,11.24],[99.22,11.24],[99.22,11.32],[99.14,11.32],[99.14,11.24]]],[[[99.22,11.24],[99.3,11.24],[99.3,11.32],[99.22,11.32],[99.22,11.24]]],[[[99.54,11.24],[99.62,11.24],[99.62,11.32],[99.54,11.32],[99.54,11.24]]],[[[99.62,11.24],[99.7,11.24],[99.7,11.32],[99.62,11.32],[99.62,11.24]]],[[[99.7,11.24],[99.78,11.24],[99.78,11.32],[99.7,11.32],[99.7,11.24]]],[[[99.78,11.24],[99.86,11.24],[99.86,11.32],[99.78,11.32],[99.78,11.24]]],[[[99.86,11.24],[99.94,11.24],[99.94,11.32],[99.86,11.32],[99.86,11.24]]],[[[99.94,11.24],[100.02,11.24],[100.02,11.32],[99.94,11.32],[99.94,11.24]]],[[[100.02,11.24],[100.1,11.24],[100.1,11.32],[100.02,11.32],[100.02,11.24]]],[[[100.1,11.24],[100.17999999999999,11.24],[100.17999999999999,11.32],[100.1,11.32],[100.1,11.24]]],[[[100.18,11.24],[100.26,11.24],[100.26,11.32],[100.18,11.32],[100.18,11.24]]],[[[100.26,11.24],[100.34,11.24],[100.34,11.32],[100.26,11.32],[100.26,11.24]]],[[[100.34,11.24],[100.42,11.24],[100.42,11.32],[100.34,11.32],[100.34,11.24]]],[[[100.42,11.24],[100.5,11.24],[100.5,11.32],[100.42,11.32],[100.42,11.24]]],[[[100.5,11.24],[100.58,11.24],[100.58,11.32],[100.5,11.32],[100.5,11.24]]],[[[100.58,11.24],[100.66,11.24],[100.66,11.32],[100.58,11.32],[100.58,11.24]]],[[[100.66,11.24],[100.74,11.24],[100.74,11.32],[100.66,11.32],[100.66,11.24]]],[[[100.74,11.24],[100.82,11.24],[100.82,11.32],[100.74,11.32],[100.74,11.24]]],[[[100.82,11.24],[100.89999999999999,11.24],[100.89999999999999,11.32],[100.82,11.32],[100.82,11.24]]],[[[100.9,11.24],[100.98,11.24],[100.98,11.32],[100.9,11.32],[100.9,11.24]]],[[[98.9,11.32],[98.98,11.32],[98.98,11.4],[98.9,11.4],[98.9,11.32]]],[[[98.98,11.32],[99.06,11.32],[99.06,11.4],[98.98,11.4],[98.98,11.32]]],[[[99.06,11.32],[99.14,11.32],[99.14,11.4],[99.06,11.4],[99.06,11.32]]],[[[99.14,11.32],[99.22,11.32],[99.22,11.4],[99.14,11.4],[99.14,11.32]]],[[[99.22,11.32],[99.3,11.32],[99.3,11.4],[99.22,11.4],[99.22,11.32]]],[[[99.3,11.32],[99.38,11.32],[99.38,11.4],[99.3,11.4],[99.3,11.32]]],[[[99.62,11.32],[99.7,11.32],[99.7,11.4],[99.62,11.4],[99.62,11.32]]],[[[99.7,11.32],[99.78,11.32],[99.78,11.4],[99.7,11.4],[99.7,11.32]]],[[[99.78,11.32],[99.86,11.32],[99.86,11.4],[99.78,11.4],[99.78,11.32]]],[[[99.86,11.32],[99.94,11.32],[99.94,11.4],[99.86,11.4],[99.86,11.32]]],[[[99.94,11.32],[100.02,11.32],[100.02,11.4],[99.94,11.4],[99.94,11.32]]],[[[100.02,11.32],[100.1,11.32],[100.1,11.4],[100.02,11.4],[100.02,11.32]]],[[[100.1,11.32],[100.17999999999999,11.32],[100.17999999999999,11.4],[100.1,11.4],[100.1,11.32]]],[[[100.18,11.32],[100.26,11.32],[100.26,11.4],[100.18,11.4],[100.18,11.32]]],[[[100.26,11.32],[100.34,11.32],[100.34,11.4],[100.26,11.4],[100.26,11.32]]],[[[100.34,11.32],[100.42,11.32],[100.42,11.4],[100.34,11.4],[100.34,11.32]]],[[[100.42,11.32],[100.5,11.32],[100.5,11.4],[100.42,11.4],[100.42,11.32]]],[[[100.5,11.32],[100.58,11.32],[100.58,11.4],[100.5,11.4],[100.5,11.32]]],[[[100.58,11.32],[100.66,11.32],[100.66,11.4],[100.58,11.4],[100.58,11.32]]],[[[100.66,11.32],[100.74,11.32],[100.74,11.4],[100.66,11.4],[100.66,11.32]]],[[[100.74,11.32],[100.82,11.32],[100.82,11.4],[100.74,11.4],[100.74,11.32]]],[[[100.82,11.32],[100.89999999999999,11.32],[100.89999999999999,11.4],[100.82,11.4],[100.82,11.32]]],[[[98.82,11.4],[98.89999999999999,11.4],[98.89999999999999,11.48],[98.82,11.48],[98.82,11.4]]],[[[98.9,11.4],[98.98,11.4],[98.98,11.48],[98.9,11.48],[98.9,11.4]]],[[[98.98,11.4],[99.06,11.4],[99.06,11.48],[98.98,11.48],[98.98,11.4]]],[[[99.06,11.4],[99.14,11.4],[99.14,11.48],[99.06,11.48],[99.06,11.4]]],[[[99.14,11.4],[99.22,11.4],[99.22,11.48],[99.14,11.48],[99.14,11.4]]],[[[99.22,11.4],[99.3,11.4],[99.3,11.48],[99.22,11.48],[99.22,11.4]]],[[[99.3,11.4],[99.38,11.4],[99.38,11.48],[99.3,11.48],[99.3,11.4]]],[[[99.62,11.4],[99.7,11.4],[99.7,11.48],[99.62,11.48],[99.62,11.4]]],[[[99.7,11.4],[99.78,11.4],[99.78,11.48],[99.7,11.48],[99.7,11.4]]],[[[99.78,11.4],[99.86,11.4],[99.86,11.48],[99.78,11.48],[99.78,11.4]]],[[[99.86,11.4],[99.94,11.4],[99.94,11.48],[99.86,11.48],[99.86,11.4]]],[[[99.94,11.4],[100.02,11.4],[100.02,11.48],[99.94,11.48],[99.94,11.4]]],[[[100.02,11.4],[100.1,11.4],[100.1,11.48],[100.02,11.48],[100.02,11.4]]],[[[100.1,11.4],[100.17999999999999,11.4],[100.17999999999999,11.48],[100.1,11.48],[100.1,11.4]]],[[[100.18,11.4],[100.26,11.4],[100.26,11.48],[100.18,11.48],[100.18,11.4]]],[[[100.26,11.4],[100.34,11.4],[100.34,11.48],[100.26,11.48],[100.26,11.4]]],[[[100.34,11.4],[100.42,11.4],[100.42,11.48],[100.34,11.48],[100.34,11.4]]],[[[100.42,11.4],[100.5,11.4],[100.5,11.48],[100.42,11.48],[100.42,11.4]]],[[[100.5,11.4],[100.58,11.4],[100.58,11.48],[100.5,11.48],[100.5,11.4]]],[[[100.58,11.4],[100.66,11.4],[100.66,11.48],[100.58,11.48],[100.58,11.4]]],[[[100.66,11.4],[100.74,11.4],[100.74,11.48],[100.66,11.48],[100.66,11.4]]],[[[100.74,11.4],[100.82,11.4],[100.82,11.48],[100.74,11.48],[100.74,11.4]]],[[[98.74,11.48],[98.82,11.48],[98.82,11.56],[98.74,11.56],[98.74,11.48]]],[[[98.82,11.48],[98.89999999999999,11.48],[98.89999999999999,11.56],[98.82,11.56],[98.82,11.48]]],[[[98.9,11.48],[98.98,11.48],[98.98,11.56],[98.9,11.56],[98.9,11.48]]],[[[98.98,11.48],[99.06,11.48],[99.06,11.56],[98.98,11.56],[98.98,11.48]]],[[[99.06,11.48],[99.14,11.48],[99.14,11.56],[99.06,11.56],[99.06,11.48]]],[[[99.14,11.48],[99.22,11.48],[99.22,11.56],[99.14,11.56],[99.14,11.48]]],[[[99.22,11.48],[99.3,11.48],[99.3,11.56],[99.22,11.56],[99.22,11.48]]],[[[99.3,11.48],[99.38,11.48],[99.38,11.56],[99.3,11.56],[99.3,11.48]]],[[[99.38,11.48],[99.46,11.48],[99.46,11.56],[99.38,11.56],[99.38,11.48]]],[[[99.62,11.48],[99.7,11.48],[99.7,11.56],[99.62,11.56],[99.62,11.48]]],[[[99.7,11.48],[99.78,11.48],[99.78,11.56],[99.7,11.56],[99.7,11.48]]],[[[99.78,11.48],[99.86,11.48],[99.86,11.56],[99.78,11.56],[99.78,11.48]]],[[[99.86,11.48],[99.94,11.48],[99.94,11.56],[99.86,11.56],[99.86,11.48]]],[[[99.94,11.48],[100.02,11.48],[100.02,11.56],[99.94,11.56],[99.94,11.48]]],[[[100.02,11.48],[100.1,11.48],[100.1,11.56],[100.02,11.56],[100.02,11.48]]],[[[100.1,11.48],[100.17999999999999,11.48],[100.17999999999999,11.56],[100.1,11.56],[100.1,11.48]]],[[[100.18,11.48],[100.26,11.48],[100.26,11.56],[100.18,11.56],[100.18,11.48]]],[[[100.26,11.48],[100.34,11.48],[100.34,11.56],[100.26,11.56],[100.26,11.48]]],[[[100.34,11.48],[100.42,11.48],[100.42,11.56],[100.34,11.56],[100.34,11.48]]],[[[100.42,11.48],[100.5,11.48],[100.5,11.56],[100.42,11.56],[100.42,11.48]]],[[[100.5,11.48],[100.58,11.48],[100.58,11.56],[100.5,11.56],[100.5,11.48]]],[[[100.58,11.48],[100.66,11.48],[100.66,11.56],[100.58,11.56],[100.58,11.48]]],[[[100.66,11.48],[100.74,11.48],[100.74,11.56],[100.66,11.56],[100.66,11.48]]],[[[100.74,11.48],[100.82,11.48],[100.82,11.56],[100.74,11.56],[100.74,11.48]]],[[[98.58,11.56],[98.66,11.56],[98.66,11.64],[98.58,11.64],[98.58,11.56]]],[[[98.66,11.56],[98.74,11.56],[98.74,11.64],[98.66,11.64],[98.66,11.56]]],[[[98.74,11.56],[98.82,11.56],[98.82,11.64],[98.74,11.64],[98.74,11.56]]],[[[98.82,11.56],[98.89999999999999,11.56],[98.89999999999999,11.64],[98.82,11.64],[98.82,11.56]]],[[[98.9,11.56],[98.98,11.56],[98.98,11.64],[98.9,11.64],[98.9,11.56]]],[[[98.98,11.56],[99.06,11.56],[99.06,11.64],[98.98,11.64],[98.98,11.56]]],[[[99.06,11.56],[99.14,11.56],[99.14,11.64],[99.06,11.64],[99.06,11.56]]],[[[99.14,11.56],[99.22,11.56],[99.22,11.64],[99.14,11.64],[99.14,11.56]]],[[[99.22,11.56],[99.3,11.56],[99.3,11.64],[99.22,11.64],[99.22,11.56]]],[[[99.3,11.56],[99.38,11.56],[99.38,11.64],[99.3,11.64],[99.3,11.56]]],[[[99.38,11.56],[99.46,11.56],[99.46,11.64],[99.38,11.64],[99.38,11.56]]],[[[99.7,11.56],[99.78,11.56],[99.78,11.64],[99.7,11.64],[99.7,11.56]]],[[[99.78,11.56],[99.86,11.56],[99.86,11.64],[99.78,11.64],[99.78,11.56]]],[[[99.86,11.56],[99.94,11.56],[99.94,11.64],[99.86,11.64],[99.86,11.56]]],[[[99.94,11.56],[100.02,11.56],[100.02,11.64],[99.94,11.64],[99.94,11.56]]],[[[100.02,11.56],[100.1,11.56],[100.1,11.64],[100.02,11.64],[100.02,11.56]]],[[[100.1,11.56],[100.17999999999999,11.56],[100.17999999999999,11.64],[100.1,11.64],[100.1,11.56]]],[[[100.18,11.56],[100.26,11.56],[100.26,11.64],[100.18,11.64],[100.18,11.56]]],[[[100.26,11.56],[100.34,11.56],[100.34,11.64],[100.26,11.64],[100.26,11.56]]],[[[100.34,11.56],[100.42,11.56],[100.42,11.64],[100.34,11.64],[100.34,11.56]]],[[[100.42,11.56],[100.5,11.56],[100.5,11.64],[100.42,11.64],[100.42,11.56]]],[[[100.5,11.56],[100.58,11.56],[100.58,11.64],[100.5,11.64],[100.5,11.56]]],[[[100.58,11.56],[100.66,11.56],[100.66,11.64],[100.58,11.64],[100.58,11.56]]],[[[100.66,11.56],[100.74,11.56],[100.74,11.64],[100.66,11.64],[100.66,11.56]]],[[[98.5,11.64],[98.58,11.64],[98.58,11.72],[98.5,11.72],[98.5,11.64]]],[[[98.58,11.64],[98.66,11.64],[98.66,11.72],[98.58,11.72],[98.58,11.64]]],[[[98.66,11.64],[98.74,11.64],[98.74,11.72],[98.66,11.72],[98.66,11.64]]],[[[98.74,11.64],[98.82,11.64],[98.82,11.72],[98.74,11.72],[98.74,11.64]]],[[[98.82,11.64],[98.89999999999999,11.64],[98.89999999999999,11.72],[98.82,11.72],[98.82,11.64]]],[[[98.9,11.64],[98.98,11.64],[98.98,11.72],[98.9,11.72],[98.9,11.64]]],[[[98.98,11.64],[99.06,11.64],[99.06,11.72],[98.98,11.72],[98.98,11.64]]],[[[99.06,11.64],[99.14,11.64],[99.14,11.72],[99.06,11.72],[99.06,11.64]]],[[[99.14,11.64],[99.22,11.64],[99.22,11.72],[99.14,11.72],[99.14,11.64]]],[[[99.22,11.64],[99.3,11.64],[99.3,11.72],[99.22,11.72],[99.22,11.64]]],[[[99.3,11.64],[99.38,11.64],[99.38,11.72],[99.3,11.72],[99.3,11.64]]],[[[99.38,11.64],[99.46,11.64],[99.46,11.72],[99.38,11.72],[99.38,11.64]]],[[[99.46,11.64],[99.53999999999999,11.64],[99.53999999999999,11.72],[99.46,11.72],[99.46,11.64]]],[[[99.54,11.64],[99.62,11.64],[99.62,11.72],[99.54,11.72],[99.54,11.64]]],[[[99.7,11.64],[99.78,11.64],[99.78,11.72],[99.7,11.72],[99.7,11.64]]],[[[99.78,11.64],[99.86,11.64],[99.86,11.72],[99.78,11.72],[99.78,11.64]]],[[[99.86,11.64],[99.94,11.64],[99.94,11.72],[99.86,11.72],[99.86,11.64]]],[[[99.94,11.64],[100.02,11.64],[100.02,11.72],[99.94,11.72],[99.94,11.64]]],[[[100.02,11.64],[100.1,11.64],[100.1,11.72],[100.02,11.72],[100.02,11.64]]],[[[100.1,11.64],[100.17999999999999,11.64],[100.17999999999999,11.72],[100.1,11.72],[100.1,11.64]]],[[[100.18,11.64],[100.26,11.64],[100.26,11.72],[100.18,11.72],[100.18,11.64]]],[[[100.26,11.64],[100.34,11.64],[100.34,11.72],[100.26,11.72],[100.26,11.64]]],[[[100.34,11.64],[100.42,11.64],[100.42,11.72],[100.34,11.72],[100.34,11.64]]],[[[100.42,11.64],[100.5,11.64],[100.5,11.72],[100.42,11.72],[100.42,11.64]]],[[[100.5,11.64],[100.58,11.64],[100.58,11.72],[100.5,11.72],[100.5,11.64]]],[[[100.58,11.64],[100.66,11.64],[100.66,11.72],[100.58,11.72],[100.58,11.64]]],[[[100.66,11.64],[100.74,11.64],[100.74,11.72],[100.66,11.72],[100.66,11.64]]],[[[98.42,11.719999999999999],[98.5,11.719999999999999],[98.5,11.799999999999999],[98.42,11.799999999999999],[98.42,11.719999999999999]]],[[[98.5,11.719999999999999],[98.58,11.719999999999999],[98.58,11.799999999999999],[98.5,11.799999999999999],[98.5,11.719999999999999]]],[[[98.58,11.719999999999999],[98.66,11.719999999999999],[98.66,11.799999999999999],[98.58,11.799999999999999],[98.58,11.719999999999999]]],[[[98.66,11.719999999999999],[98.74,11.719999999999999],[98.74,11.799999999999999],[98.66,11.799999999999999],[98.66,11.719999999999999]]],[[[98.74,11.719999999999999],[98.82,11.719999999999999],[98.82,11.799999999999999],[98.74,11.799999999999999],[98.74,11.719999999999999]]],[[[98.82,11.719999999999999],[98.89999999999999,11.719999999999999],[98.89999999999999,11.799999999999999],[98.82,11.799999999999999],[98.82,11.719999999999999]]],[[[98.9,11.719999999999999],[98.98,11.719999999999999],[98.98,11.799999999999999],[98.9,11.799999999999999],[98.9,11.719999999999999]]],[[[98.98,11.719999999999999],[99.06,11.719999999999999],[99.06,11.799999999999999],[98.98,11.799999999999999],[98.98,11.719999999999999]]],[[[99.06,11.719999999999999],[99.14,11.719999999999999],[99.14,11.799999999999999],[99.06,11.799999999999999],[99.06,11.719999999999999]]],[[[99.14,11.719999999999999],[99.22,11.719999999999999],[99.22,11.799999999999999],[99.14,11.799999999999999],[99.14,11.719999999999999]]],[[[99.22,11.719999999999999],[99.3,11.719999999999999],[99.3,11.799999999999999],[99.22,11.799999999999999],[99.22,11.719999999999999]]],[[[99.3,11.719999999999999],[99.38,11.719999999999999],[99.38,11.799999999999999],[99.3,11.799999999999999],[99.3,11.719999999999999]]],[[[99.38,11.719999999999999],[99.46,11.719999999999999],[99.46,11.799999999999999],[99.38,11.799999999999999],[99.38,11.719999999999999]]],[[[99.46,11.719999999999999],[99.53999999999999,11.719999999999999],[99.53999999999999,11.799999999999999],[99.46,11.799999999999999],[99.46,11.719999999999999]]],[[[99.54,11.719999999999999],[99.62,11.719999999999999],[99.62,11.799999999999999],[99.54,11.799999999999999],[99.54,11.719999999999999]]],[[[99.78,11.719999999999999],[99.86,11.719999999999999],[99.86,11.799999999999999],[99.78,11.799999999999999],[99.78,11.719999999999999]]],[[[99.86,11.719999999999999],[99.94,11.719999999999999],[99.94,11.799999999999999],[99.86,11.799999999999999],[99.86,11.719999999999999]]],[[[99.94,11.719999999999999],[100.02,11.719999999999999],[100.02,11.799999999999999],[99.94,11.799999999999999],[99.94,11.719999999999999]]],[[[100.02,11.719999999999999],[100.1,11.719999999999999],[100.1,11.799999999999999],[100.02,11.799999999999999],[100.02,11.719999999999999]]],[[[100.1,11.719999999999999],[100.17999999999999,11.719999999999999],[100.17999999999999,11.799999999999999],[100.1,11.799999999999999],[100.1,11.719999999999999]]],[[[100.18,11.719999999999999],[100.26,11.719999999999999],[100.26,11.799999999999999],[100.18,11.799999999999999],[100.18,11.719999999999999]]],[[[100.26,11.719999999999999],[100.34,11.719999999999999],[100.34,11.799999999999999],[100.26,11.799999999999999],[100.26,11.719999999999999]]],[[[100.34,11.719999999999999],[100.42,11.719999999999999],[100.42,11.799999999999999],[100.34,11.799999999999999],[100.34,11.719999999999999]]],[[[100.42,11.719999999999999],[100.5,11.719999999999999],[100.5,11.799999999999999],[100.42,11.799999999999999],[100.42,11.719999999999999]]],[[[100.5,11.719999999999999],[100.58,11.719999999999999],[100.58,11.799999999999999],[100.5,11.799999999999999],[100.5,11.719999999999999]]],[[[100.58,11.719999999999999],[100.66,11.719999999999999],[100.66,11.799999999999999],[100.58,11.799999999999999],[100.58,11.719999999999999]]],[[[98.34,11.8],[98.42,11.8],[98.42,11.88],[98.34,11.88],[98.34,11.8]]],[[[98.42,11.8],[98.5,11.8],[98.5,11.88],[98.42,11.88],[98.42,11.8]]],[[[98.5,11.8],[98.58,11.8],[98.58,11.88],[98.5,11.88],[98.5,11.8]]],[[[98.58,11.8],[98.66,11.8],[98.66,11.88],[98.58,11.88],[98.58,11.8]]],[[[98.66,11.8],[98.74,11.8],[98.74,11.88],[98.66,11.88],[98.66,11.8]]],[[[98.74,11.8],[98.82,11.8],[98.82,11.88],[98.74,11.88],[98.74,11.8]]],[[[98.82,11.8],[98.89999999999999,11.8],[98.89999999999999,11.88],[98.82,11.88],[98.82,11.8]]],[[[98.9,11.8],[98.98,11.8],[98.98,11.88],[98.9,11.88],[98.9,11.8]]],[[[98.98,11.8],[99.06,11.8],[99.06,11.88],[98.98,11.88],[98.98,11.8]]],[[[99.06,11.8],[99.14,11.8],[99.14,11.88],[99.06,11.88],[99.06,11.8]]],[[[99.14,11.8],[99.22,11.8],[99.22,11.88],[99.14,11.88],[99.14,11.8]]],[[[99.22,11.8],[99.3,11.8],[99.3,11.88],[99.22,11.88],[99.22,11.8]]],[[[99.3,11.8],[99.38,11.8],[99.38,11.88],[99.3,11.88],[99.3,11.8]]],[[[99.38,11.8],[99.46,11.8],[99.46,11.88],[99.38,11.88],[99.38,11.8]]],[[[99.46,11.8],[99.53999999999999,11.8],[99.53999999999999,11.88],[99.46,11.88],[99.46,11.8]]],[[[99.54,11.8],[99.62,11.8],[99.62,11.88],[99.54,11.88],[99.54,11.8]]],[[[99.86,11.8],[99.94,11.8],[99.94,11.88],[99.86,11.88],[99.86,11.8]]],[[[99.94,11.8],[100.02,11.8],[100.02,11.88],[99.94,11.88],[99.94,11.8]]],[[[100.02,11.8],[100.1,11.8],[100.1,11.88],[100.02,11.88],[100.02,11.8]]],[[[100.1,11.8],[100.17999999999999,11.8],[100.17999999999999,11.88],[100.1,11.88],[100.1,11.8]]],[[[100.18,11.8],[100.26,11.8],[100.26,11.88],[100.18,11.88],[100.18,11.8]]],[[[100.26,11.8],[100.34,11.8],[100.34,11.88],[100.26,11.88],[100.26,11.8]]],[[[100.34,11.8],[100.42,11.8],[100.42,11.88],[100.34,11.88],[100.34,11.8]]],[[[100.42,11.8],[100.5,11.8],[100.5,11.88],[100.42,11.88],[100.42,11.8]]],[[[100.5,11.8],[100.58,11.8],[100.58,11.88],[100.5,11.88],[100.5,11.8]]],[[[100.58,11.8],[100.66,11.8],[100.66,11.88],[100.58,11.88],[100.58,11.8]]],[[[98.26,11.879999999999999],[98.34,11.879999999999999],[98.34,11.959999999999999],[98.26,11.959999999999999],[98.26,11.879999999999999]]],[[[98.34,11.879999999999999],[98.42,11.879999999999999],[98.42,11.959999999999999],[98.34,11.959999999999999],[98.34,11.879999999999999]]],[[[98.42,11.879999999999999],[98.5,11.879999999999999],[98.5,11.959999999999999],[98.42,11.959999999999999],[98.42,11.879999999999999]]],[[[98.5,11.879999999999999],[98.58,11.879999999999999],[98.58,11.959999999999999],[98.5,11.959999999999999],[98.5,11.879999999999999]]],[[[98.58,11.879999999999999],[98.66,11.879999999999999],[98.66,11.959999999999999],[98.58,11.959999999999999],[98.58,11.879999999999999]]],[[[98.66,11.879999999999999],[98.74,11.879999999999999],[98.74,11.959999999999999],[98.66,11.959999999999999],[98.66,11.879999999999999]]],[[[98.74,11.879999999999999],[98.82,11.879999999999999],[98.82,11.959999999999999],[98.74,11.959999999999999],[98.74,11.879999999999999]]],[[[98.82,11.879999999999999],[98.89999999999999,11.879999999999999],[98.89999999999999,11.959999999999999],[98.82,11.959999999999999],[98.82,11.879999999999999]]],[[[98.9,11.879999999999999],[98.98,11.879999999999999],[98.98,11.959999999999999],[98.9,11.959999999999999],[98.9,11.879999999999999]]],[[[98.98,11.879999999999999],[99.06,11.879999999999999],[99.06,11.959999999999999],[98.98,11.959999999999999],[98.98,11.879999999999999]]],[[[99.06,11.879999999999999],[99.14,11.879999999999999],[99.14,11.959999999999999],[99.06,11.959999999999999],[99.06,11.879999999999999]]],[[[99.14,11.879999999999999],[99.22,11.879999999999999],[99.22,11.959999999999999],[99.14,11.959999999999999],[99.14,11.879999999999999]]],[[[99.22,11.879999999999999],[99.3,11.879999999999999],[99.3,11.959999999999999],[99.22,11.959999999999999],[99.22,11.879999999999999]]],[[[99.3,11.879999999999999],[99.38,11.879999999999999],[99.38,11.959999999999999],[99.3,11.959999999999999],[99.3,11.879999999999999]]],[[[99.38,11.879999999999999],[99.46,11.879999999999999],[99.46,11.959999999999999],[99.38,11.959999999999999],[99.38,11.879999999999999]]],[[[99.46,11.879999999999999],[99.53999999999999,11.879999999999999],[99.53999999999999,11.959999999999999],[99.46,11.959999999999999],[99.46,11.879999999999999]]],[[[99.54,11.879999999999999],[99.62,11.879999999999999],[99.62,11.959999999999999],[99.54,11.959999999999999],[99.54,11.879999999999999]]],[[[99.86,11.879999999999999],[99.94,11.879999999999999],[99.94,11.959999999999999],[99.86,11.959999999999999],[99.86,11.879999999999999]]],[[[99.94,11.879999999999999],[100.02,11.879999999999999],[100.02,11.959999999999999],[99.94,11.959999999999999],[99.94,11.879999999999999]]],[[[100.02,11.879999999999999],[100.1,11.879999999999999],[100.1,11.959999999999999],[100.02,11.959999999999999],[100.02,11.879999999999999]]],[[[100.1,11.879999999999999],[100.17999999999999,11.879999999999999],[100.17999999999999,11.959999999999999],[100.1,11.959999999999999],[100.1,11.879999999999999]]],[[[100.18,11.879999999999999],[100.26,11.879999999999999],[100.26,11.959999999999999],[100.18,11.959999999999999],[100.18,11.879999999999999]]],[[[100.26,11.879999999999999],[100.34,11.879999999999999],[100.34,11.959999999999999],[100.26,11.959999999999999],[100.26,11.879999999999999]]],[[[100.34,11.879999999999999],[100.42,11.879999999999999],[100.42,11.959999999999999],[100.34,11.959999999999999],[100.34,11.879999999999999]]],[[[100.42,11.879999999999999],[100.5,11.879999999999999],[100.5,11.959999999999999],[100.42,11.959999999999999],[100.42,11.879999999999999]]],[[[100.5,11.879999999999999],[100.58,11.879999999999999],[100.58,11.959999999999999],[100.5,11.959999999999999],[100.5,11.879999999999999]]],[[[100.58,11.879999999999999],[100.66,11.879999999999999],[100.66,11.959999999999999],[100.58,11.959999999999999],[100.58,11.879999999999999]]],[[[98.26,11.96],[98.34,11.96],[98.34,12.040000000000001],[98.26,12.040000000000001],[98.26,11.96]]],[[[98.34,11.96],[98.42,11.96],[98.42,12.040000000000001],[98.34,12.040000000000001],[98.34,11.96]]],[[[98.42,11.96],[98.5,11.96],[98.5,12.040000000000001],[98.42,12.040000000000001],[98.42,11.96]]],[[[98.5,11.96],[98.58,11.96],[98.58,12.040000000000001],[98.5,12.040000000000001],[98.5,11.96]]],[[[98.58,11.96],[98.66,11.96],[98.66,12.040000000000001],[98.58,12.040000000000001],[98.58,11.96]]],[[[98.66,11.96],[98.74,11.96],[98.74,12.040000000000001],[98.66,12.040000000000001],[98.66,11.96]]],[[[98.74,11.96],[98.82,11.96],[98.82,12.040000000000001],[98.74,12.040000000000001],[98.74,11.96]]],[[[98.82,11.96],[98.89999999999999,11.96],[98.89999999999999,12.040000000000001],[98.82,12.040000000000001],[98.82,11.96]]],[[[98.9,11.96],[98.98,11.96],[98.98,12.040000000000001],[98.9,12.040000000000001],[98.9,11.96]]],[[[98.98,11.96],[99.06,11.96],[99.06,12.040000000000001],[98.98,12.040000000000001],[98.98,11.96]]],[[[99.06,11.96],[99.14,11.96],[99.14,12.040000000000001],[99.06,12.040000000000001],[99.06,11.96]]],[[[99.14,11.96],[99.22,11.96],[99.22,12.040000000000001],[99.14,12.040000000000001],[99.14,11.96]]],[[[99.22,11.96],[99.3,11.96],[99.3,12.040000000000001],[99.22,12.040000000000001],[99.22,11.96]]],[[[99.3,11.96],[99.38,11.96],[99.38,12.040000000000001],[99.3,12.040000000000001],[99.3,11.96]]],[[[99.38,11.96],[99.46,11.96],[99.46,12.040000000000001],[99.38,12.040000000000001],[99.38,11.96]]],[[[99.46,11.96],[99.53999999999999,11.96],[99.53999999999999,12.040000000000001],[99.46,12.040000000000001],[99.46,11.96]]],[[[99.54,11.96],[99.62,11.96],[99.62,12.040000000000001],[99.54,12.040000000000001],[99.54,11.96]]],[[[99.86,11.96],[99.94,11.96],[99.94,12.040000000000001],[99.86,12.040000000000001],[99.86,11.96]]],[[[99.94,11.96],[100.02,11.96],[100.02,12.040000000000001],[99.94,12.040000000000001],[99.94,11.96]]],[[[100.02,11.96],[100.1,11.96],[100.1,12.040000000000001],[100.02,12.040000000000001],[100.02,11.96]]],[[[100.1,11.96],[100.17999999999999,11.96],[100.17999999999999,12.040000000000001],[100.1,12.040000000000001],[100.1,11.96]]],[[[100.18,11.96],[100.26,11.96],[100.26,12.040000000000001],[100.18,12.040000000000001],[100.18,11.96]]],[[[100.26,11.96],[100.34,11.96],[100.34,12.040000000000001],[100.26,12.040000000000001],[100.26,11.96]]],[[[100.34,11.96],[100.42,11.96],[100.42,12.040000000000001],[100.34,12.040000000000001],[100.34,11.96]]],[[[100.42,11.96],[100.5,11.96],[100.5,12.040000000000001],[100.42,12.040000000000001],[100.42,11.96]]],[[[100.5,11.96],[100.58,11.96],[100.58,12.040000000000001],[100.5,12.040000000000001],[100.5,11.96]]],[[[98.42,12.04],[98.5,12.04],[98.5,12.12],[98.42,12.12],[98.42,12.04]]],[[[98.5,12.04],[98.58,12.04],[98.58,12.12],[98.5,12.12],[98.5,12.04]]],[[[98.58,12.04],[98.66,12.04],[98.66,12.12],[98.58,12.12],[98.58,12.04]]],[[[98.66,12.04],[98.74,12.04],[98.74,12.12],[98.66,12.12],[98.66,12.04]]],[[[98.74,12.04],[98.82,12.04],[98.82,12.12],[98.74,12.12],[98.74,12.04]]],[[[98.82,12.04],[98.89999999999999,12.04],[98.89999999999999,12.12],[98.82,12.12],[98.82,12.04]]],[[[98.9,12.04],[98.98,12.04],[98.98,12.12],[98.9,12.12],[98.9,12.04]]],[[[98.98,12.04],[99.06,12.04],[99.06,12.12],[98.98,12.12],[98.98,12.04]]],[[[99.06,12.04],[99.14,12.04],[99.14,12.12],[99.06,12.12],[99.06,12.04]]],[[[99.14,12.04],[99.22,12.04],[99.22,12.12],[99.14,12.12],[99.14,12.04]]],[[[99.22,12.04],[99.3,12.04],[99.3,12.12],[99.22,12.12],[99.22,12.04]]],[[[99.3,12.04],[99.38,12.04],[99.38,12.12],[99.3,12.12],[99.3,12.04]]],[[[99.38,12.04],[99.46,12.04],[99.46,12.12],[99.38,12.12],[99.38,12.04]]],[[[99.46,12.04],[99.53999999999999,12.04],[99.53999999999999,12.12],[99.46,12.12],[99.46,12.04]]],[[[99.94,12.04],[100.02,12.04],[100.02,12.12],[99.94,12.12],[99.94,12.04]]],[[[100.02,12.04],[100.1,12.04],[100.1,12.12],[100.02,12.12],[100.02,12.04]]],[[[100.1,12.04],[100.17999999999999,12.04],[100.17999999999999,12.12],[100.1,12.12],[100.1,12.04]]],[[[100.18,12.04],[100.26,12.04],[100.26,12.12],[100.18,12.12],[100.18,12.04]]],[[[100.26,12.04],[100.34,12.04],[100.34,12.12],[100.26,12.12],[100.26,12.04]]],[[[100.34,12.04],[100.42,12.04],[100.42,12.12],[100.34,12.12],[100.34,12.04]]],[[[100.42,12.04],[100.5,12.04],[100.5,12.12],[100.42,12.12],[100.42,12.04]]],[[[100.5,12.04],[100.58,12.04],[100.58,12.12],[100.5,12.12],[100.5,12.04]]],[[[98.58,12.120000000000001],[98.66,12.120000000000001],[98.66,12.200000000000001],[98.58,12.200000000000001],[98.58,12.120000000000001]]],[[[98.66,12.120000000000001],[98.74,12.120000000000001],[98.74,12.200000000000001],[98.66,12.200000000000001],[98.66,12.120000000000001]]],[[[98.74,12.120000000000001],[98.82,12.120000000000001],[98.82,12.200000000000001],[98.74,12.200000000000001],[98.74,12.120000000000001]]],[[[98.82,12.120000000000001],[98.89999999999999,12.120000000000001],[98.89999999999999,12.200000000000001],[98.82,12.200000000000001],[98.82,12.120000000000001]]],[[[98.9,12.120000000000001],[98.98,12.120000000000001],[98.98,12.200000000000001],[98.9,12.200000000000001],[98.9,12.120000000000001]]],[[[98.98,12.120000000000001],[99.06,12.120000000000001],[99.06,12.200000000000001],[98.98,12.200000000000001],[98.98,12.120000000000001]]],[[[99.06,12.120000000000001],[99.14,12.120000000000001],[99.14,12.200000000000001],[99.06,12.200000000000001],[99.06,12.120000000000001]]],[[[99.14,12.120000000000001],[99.22,12.120000000000001],[99.22,12.200000000000001],[99.14,12.200000000000001],[99.14,12.120000000000001]]],[[[99.22,12.120000000000001],[99.3,12.120000000000001],[99.3,12.200000000000001],[99.22,12.200000000000001],[99.22,12.120000000000001]]],[[[99.3,12.120000000000001],[99.38,12.120000000000001],[99.38,12.200000000000001],[99.3,12.200000000000001],[99.3,12.120000000000001]]],[[[99.38,12.120000000000001],[99.46,12.120000000000001],[99.46,12.200000000000001],[99.38,12.200000000000001],[99.38,12.120000000000001]]],[[[100.02,12.120000000000001],[100.1,12.120000000000001],[100.1,12.200000000000001],[100.02,12.200000000000001],[100.02,12.120000000000001]]],[[[100.1,12.120000000000001],[100.17999999999999,12.120000000000001],[100.17999999999999,12.200000000000001],[100.1,12.200000000000001],[100.1,12.120000000000001]]],[[[100.18,12.120000000000001],[100.26,12.120000000000001],[100.26,12.200000000000001],[100.18,12.200000000000001],[100.18,12.120000000000001]]],[[[100.26,12.120000000000001],[100.34,12.120000000000001],[100.34,12.200000000000001],[100.26,12.200000000000001],[100.26,12.120000000000001]]],[[[100.34,12.120000000000001],[100.42,12.120000000000001],[100.42,12.200000000000001],[100.34,12.200000000000001],[100.34,12.120000000000001]]],[[[100.42,12.120000000000001],[100.5,12.120000000000001],[100.5,12.200000000000001],[100.42,12.200000000000001],[100.42,12.120000000000001]]],[[[100.5,12.120000000000001],[100.58,12.120000000000001],[100.58,12.200000000000001],[100.5,12.200000000000001],[100.5,12.120000000000001]]],[[[98.74,12.2],[98.82,12.2],[98.82,12.28],[98.74,12.28],[98.74,12.2]]],[[[98.82,12.2],[98.89999999999999,12.2],[98.89999999999999,12.28],[98.82,12.28],[98.82,12.2]]],[[[98.9,12.2],[98.98,12.2],[98.98,12.28],[98.9,12.28],[98.9,12.2]]],[[[98.98,12.2],[99.06,12.2],[99.06,12.28],[98.98,12.28],[98.98,12.2]]],[[[99.06,12.2],[99.14,12.2],[99.14,12.28],[99.06,12.28],[99.06,12.2]]],[[[99.14,12.2],[99.22,12.2],[99.22,12.28],[99.14,12.28],[99.14,12.2]]],[[[99.22,12.2],[99.3,12.2],[99.3,12.28],[99.22,12.28],[99.22,12.2]]],[[[99.3,12.2],[99.38,12.2],[99.38,12.28],[99.3,12.28],[99.3,12.2]]],[[[99.38,12.2],[99.46,12.2],[99.46,12.28],[99.38,12.28],[99.38,12.2]]],[[[100.02,12.2],[100.1,12.2],[100.1,12.28],[100.02,12.28],[100.02,12.2]]],[[[100.1,12.2],[100.17999999999999,12.2],[100.17999999999999,12.28],[100.1,12.28],[100.1,12.2]]],[[[100.18,12.2],[100.26,12.2],[100.26,12.28],[100.18,12.28],[100.18,12.2]]],[[[100.26,12.2],[100.34,12.2],[100.34,12.28],[100.26,12.28],[100.26,12.2]]],[[[100.34,12.2],[100.42,12.2],[100.42,12.28],[100.34,12.28],[100.34,12.2]]],[[[100.42,12.2],[100.5,12.2],[100.5,12.28],[100.42,12.28],[100.42,12.2]]],[[[98.9,12.280000000000001],[98.98,12.280000000000001],[98.98,12.360000000000001],[98.9,12.360000000000001],[98.9,12.280000000000001]]],[[[98.98,12.280000000000001],[99.06,12.280000000000001],[99.06,12.360000000000001],[98.98,12.360000000000001],[98.98,12.280000000000001]]],[[[99.06,12.280000000000001],[99.14,12.280000000000001],[99.14,12.360000000000001],[99.06,12.360000000000001],[99.06,12.280000000000001]]],[[[99.14,12.280000000000001],[99.22,12.280000000000001],[99.22,12.360000000000001],[99.14,12.360000000000001],[99.14,12.280000000000001]]],[[[99.22,12.280000000000001],[99.3,12.280000000000001],[99.3,12.360000000000001],[99.22,12.360000000000001],[99.22,12.280000000000001]]],[[[99.3,12.280000000000001],[99.38,12.280000000000001],[99.38,12.360000000000001],[99.3,12.360000000000001],[99.3,12.280000000000001]]],[[[99.38,12.280000000000001],[99.46,12.280000000000001],[99.46,12.360000000000001],[99.38,12.360000000000001],[99.38,12.280000000000001]]],[[[100.02,12.280000000000001],[100.1,12.280000000000001],[100.1,12.360000000000001],[100.02,12.360000000000001],[100.02,12.280000000000001]]],[[[100.1,12.280000000000001],[100.17999999999999,12.280000000000001],[100.17999999999999,12.360000000000001],[100.1,12.360000000000001],[100.1,12.280000000000001]]],[[[100.18,12.280000000000001],[100.26,12.280000000000001],[100.26,12.360000000000001],[100.18,12.360000000000001],[100.18,12.280000000000001]]],[[[100.26,12.280000000000001],[100.34,12.280000000000001],[100.34,12.360000000000001],[100.26,12.360000000000001],[100.26,12.280000000000001]]],[[[100.34,12.280000000000001],[100.42,12.280000000000001],[100.42,12.360000000000001],[100.34,12.360000000000001],[100.34,12.280000000000001]]],[[[100.42,12.280000000000001],[100.5,12.280000000000001],[100.5,12.360000000000001],[100.42,12.360000000000001],[100.42,12.280000000000001]]],[[[98.98,12.36],[99.06,12.36],[99.06,12.44],[98.98,12.44],[98.98,12.36]]],[[[99.06,12.36],[99.14,12.36],[99.14,12.44],[99.06,12.44],[99.06,12.36]]],[[[99.14,12.36],[99.22,12.36],[99.22,12.44],[99.14,12.44],[99.14,12.36]]],[[[99.22,12.36],[99.3,12.36],[99.3,12.44],[99.22,12.44],[99.22,12.36]]],[[[99.3,12.36],[99.38,12.36],[99.38,12.44],[99.3,12.44],[99.3,12.36]]],[[[99.38,12.36],[99.46,12.36],[99.46,12.44],[99.38,12.44],[99.38,12.36]]],[[[100.02,12.36],[100.1,12.36],[100.1,12.44],[100.02,12.44],[100.02,12.36]]],[[[100.1,12.36],[100.17999999999999,12.36],[100.17999999999999,12.44],[100.1,12.44],[100.1,12.36]]],[[[100.18,12.36],[100.26,12.36],[100.26,12.44],[100.18,12.44],[100.18,12.36]]],[[[100.26,12.36],[100.34,12.36],[100.34,12.44],[100.26,12.44],[100.26,12.36]]],[[[100.34,12.36],[100.42,12.36],[100.42,12.44],[100.34,12.44],[100.34,12.36]]],[[[99.14,12.440000000000001],[99.22,12.440000000000001],[99.22,12.520000000000001],[99.14,12.520000000000001],[99.14,12.440000000000001]]],[[[99.22,12.440000000000001],[99.3,12.440000000000001],[99.3,12.520000000000001],[99.22,12.520000000000001],[99.22,12.440000000000001]]],[[[99.3,12.440000000000001],[99.38,12.440000000000001],[99.38,12.520000000000001],[99.3,12.520000000000001],[99.3,12.440000000000001]]],[[[99.94,12.440000000000001],[100.02,12.440000000000001],[100.02,12.520000000000001],[99.94,12.520000000000001],[99.94,12.440000000000001]]],[[[100.02,12.440000000000001],[100.1,12.440000000000001],[100.1,12.520000000000001],[100.02,12.520000000000001],[100.02,12.440000000000001]]],[[[100.1,12.440000000000001],[100.17999999999999,12.440000000000001],[100.17999999999999,12.520000000000001],[100.1,12.520000000000001],[100.1,12.440000000000001]]],[[[100.18,12.440000000000001],[100.26,12.440000000000001],[100.26,12.520000000000001],[100.18,12.520000000000001],[100.18,12.440000000000001]]],[[[100.26,12.440000000000001],[100.34,12.440000000000001],[100.34,12.520000000000001],[100.26,12.520000000000001],[100.26,12.440000000000001]]],[[[100.34,12.440000000000001],[100.42,12.440000000000001],[100.42,12.520000000000001],[100.34,12.520000000000001],[100.34,12.440000000000001]]],[[[99.38,12.52],[99.46,12.52],[99.46,12.6],[99.38,12.6],[99.38,12.52]]],[[[99.94,12.52],[100.02,12.52],[100.02,12.6],[99.94,12.6],[99.94,12.52]]],[[[100.02,12.52],[100.1,12.52],[100.1,12.6],[100.02,12.6],[100.02,12.52]]],[[[100.1,12.52],[100.17999999999999,12.52],[100.17999999999999,12.6],[100.1,12.6],[100.1,12.52]]],[[[100.18,12.52],[100.26,12.52],[100.26,12.6],[100.18,12.6],[100.18,12.52]]],[[[100.26,12.52],[100.34,12.52],[100.34,12.6],[100.26,12.6],[100.26,12.52]]],[[[100.26,12.600000000000001],[100.34,12.600000000000001],[100.34,12.680000000000001],[100.26,12.680000000000001],[100.26,12.600000000000001]]]]}},{"type":"Feature","properties":{"region_id":"TH-85","region_iso":"TH-85","region_shape_id":"36821470B8565245416798","region_name":"Ranong","region_name_local":"Ranong","adm_level":"ADM1","zone_hint":"ADM","geometry_kind":"derived_marine_admin_polygon","derivation":"nearest_coastal_province_on_regular_sea_grid","cell_count":738,"cell_size_deg":0.08},"geometry":{"type":"MultiPolygon","coordinates":[[[[98.34,9.32],[98.42,9.32],[98.42,9.4],[98.34,9.4],[98.34,9.32]]],[[[97.86,9.4],[97.94,9.4],[97.94,9.48],[97.86,9.48],[97.86,9.4]]],[[[97.94,9.4],[98.02,9.4],[98.02,9.48],[97.94,9.48],[97.94,9.4]]],[[[98.02,9.4],[98.1,9.4],[98.1,9.48],[98.02,9.48],[98.02,9.4]]],[[[98.1,9.4],[98.17999999999999,9.4],[98.17999999999999,9.48],[98.1,9.48],[98.1,9.4]]],[[[98.18,9.4],[98.26,9.4],[98.26,9.48],[98.18,9.48],[98.18,9.4]]],[[[98.26,9.4],[98.34,9.4],[98.34,9.48],[98.26,9.48],[98.26,9.4]]],[[[98.34,9.4],[98.42,9.4],[98.42,9.48],[98.34,9.48],[98.34,9.4]]],[[[97.54,9.48],[97.62,9.48],[97.62,9.56],[97.54,9.56],[97.54,9.48]]],[[[97.62,9.48],[97.7,9.48],[97.7,9.56],[97.62,9.56],[97.62,9.48]]],[[[97.7,9.48],[97.78,9.48],[97.78,9.56],[97.7,9.56],[97.7,9.48]]],[[[97.78,9.48],[97.86,9.48],[97.86,9.56],[97.78,9.56],[97.78,9.48]]],[[[97.86,9.48],[97.94,9.48],[97.94,9.56],[97.86,9.56],[97.86,9.48]]],[[[97.94,9.48],[98.02,9.48],[98.02,9.56],[97.94,9.56],[97.94,9.48]]],[[[98.02,9.48],[98.1,9.48],[98.1,9.56],[98.02,9.56],[98.02,9.48]]],[[[98.1,9.48],[98.17999999999999,9.48],[98.17999999999999,9.56],[98.1,9.56],[98.1,9.48]]],[[[98.18,9.48],[98.26,9.48],[98.26,9.56],[98.18,9.56],[98.18,9.48]]],[[[98.26,9.48],[98.34,9.48],[98.34,9.56],[98.26,9.56],[98.26,9.48]]],[[[98.34,9.48],[98.42,9.48],[98.42,9.56],[98.34,9.56],[98.34,9.48]]],[[[97.38,9.56],[97.46,9.56],[97.46,9.64],[97.38,9.64],[97.38,9.56]]],[[[97.46,9.56],[97.53999999999999,9.56],[97.53999999999999,9.64],[97.46,9.64],[97.46,9.56]]],[[[97.54,9.56],[97.62,9.56],[97.62,9.64],[97.54,9.64],[97.54,9.56]]],[[[97.62,9.56],[97.7,9.56],[97.7,9.64],[97.62,9.64],[97.62,9.56]]],[[[97.7,9.56],[97.78,9.56],[97.78,9.64],[97.7,9.64],[97.7,9.56]]],[[[97.78,9.56],[97.86,9.56],[97.86,9.64],[97.78,9.64],[97.78,9.56]]],[[[97.86,9.56],[97.94,9.56],[97.94,9.64],[97.86,9.64],[97.86,9.56]]],[[[97.94,9.56],[98.02,9.56],[98.02,9.64],[97.94,9.64],[97.94,9.56]]],[[[98.02,9.56],[98.1,9.56],[98.1,9.64],[98.02,9.64],[98.02,9.56]]],[[[98.1,9.56],[98.17999999999999,9.56],[98.17999999999999,9.64],[98.1,9.64],[98.1,9.56]]],[[[98.18,9.56],[98.26,9.56],[98.26,9.64],[98.18,9.64],[98.18,9.56]]],[[[98.26,9.56],[98.34,9.56],[98.34,9.64],[98.26,9.64],[98.26,9.56]]],[[[98.34,9.56],[98.42,9.56],[98.42,9.64],[98.34,9.64],[98.34,9.56]]],[[[98.42,9.56],[98.5,9.56],[98.5,9.64],[98.42,9.64],[98.42,9.56]]],[[[97.3,9.64],[97.38,9.64],[97.38,9.72],[97.3,9.72],[97.3,9.64]]],[[[97.38,9.64],[97.46,9.64],[97.46,9.72],[97.38,9.72],[97.38,9.64]]],[[[97.46,9.64],[97.53999999999999,9.64],[97.53999999999999,9.72],[97.46,9.72],[97.46,9.64]]],[[[97.54,9.64],[97.62,9.64],[97.62,9.72],[97.54,9.72],[97.54,9.64]]],[[[97.62,9.64],[97.7,9.64],[97.7,9.72],[97.62,9.72],[97.62,9.64]]],[[[97.7,9.64],[97.78,9.64],[97.78,9.72],[97.7,9.72],[97.7,9.64]]],[[[97.78,9.64],[97.86,9.64],[97.86,9.72],[97.78,9.72],[97.78,9.64]]],[[[97.86,9.64],[97.94,9.64],[97.94,9.72],[97.86,9.72],[97.86,9.64]]],[[[97.94,9.64],[98.02,9.64],[98.02,9.72],[97.94,9.72],[97.94,9.64]]],[[[98.02,9.64],[98.1,9.64],[98.1,9.72],[98.02,9.72],[98.02,9.64]]],[[[98.1,9.64],[98.17999999999999,9.64],[98.17999999999999,9.72],[98.1,9.72],[98.1,9.64]]],[[[98.18,9.64],[98.26,9.64],[98.26,9.72],[98.18,9.72],[98.18,9.64]]],[[[98.26,9.64],[98.34,9.64],[98.34,9.72],[98.26,9.72],[98.26,9.64]]],[[[98.34,9.64],[98.42,9.64],[98.42,9.72],[98.34,9.72],[98.34,9.64]]],[[[98.42,9.64],[98.5,9.64],[98.5,9.72],[98.42,9.72],[98.42,9.64]]],[[[97.22,9.719999999999999],[97.3,9.719999999999999],[97.3,9.799999999999999],[97.22,9.799999999999999],[97.22,9.719999999999999]]],[[[97.3,9.719999999999999],[97.38,9.719999999999999],[97.38,9.799999999999999],[97.3,9.799999999999999],[97.3,9.719999999999999]]],[[[97.38,9.719999999999999],[97.46,9.719999999999999],[97.46,9.799999999999999],[97.38,9.799999999999999],[97.38,9.719999999999999]]],[[[97.46,9.719999999999999],[97.53999999999999,9.719999999999999],[97.53999999999999,9.799999999999999],[97.46,9.799999999999999],[97.46,9.719999999999999]]],[[[97.54,9.719999999999999],[97.62,9.719999999999999],[97.62,9.799999999999999],[97.54,9.799999999999999],[97.54,9.719999999999999]]],[[[97.62,9.719999999999999],[97.7,9.719999999999999],[97.7,9.799999999999999],[97.62,9.799999999999999],[97.62,9.719999999999999]]],[[[97.7,9.719999999999999],[97.78,9.719999999999999],[97.78,9.799999999999999],[97.7,9.799999999999999],[97.7,9.719999999999999]]],[[[97.78,9.719999999999999],[97.86,9.719999999999999],[97.86,9.799999999999999],[97.78,9.799999999999999],[97.78,9.719999999999999]]],[[[97.86,9.719999999999999],[97.94,9.719999999999999],[97.94,9.799999999999999],[97.86,9.799999999999999],[97.86,9.719999999999999]]],[[[97.94,9.719999999999999],[98.02,9.719999999999999],[98.02,9.799999999999999],[97.94,9.799999999999999],[97.94,9.719999999999999]]],[[[98.02,9.719999999999999],[98.1,9.719999999999999],[98.1,9.799999999999999],[98.02,9.799999999999999],[98.02,9.719999999999999]]],[[[98.1,9.719999999999999],[98.17999999999999,9.719999999999999],[98.17999999999999,9.799999999999999],[98.1,9.799999999999999],[98.1,9.719999999999999]]],[[[98.18,9.719999999999999],[98.26,9.719999999999999],[98.26,9.799999999999999],[98.18,9.799999999999999],[98.18,9.719999999999999]]],[[[98.26,9.719999999999999],[98.34,9.719999999999999],[98.34,9.799999999999999],[98.26,9.799999999999999],[98.26,9.719999999999999]]],[[[98.34,9.719999999999999],[98.42,9.719999999999999],[98.42,9.799999999999999],[98.34,9.799999999999999],[98.34,9.719999999999999]]],[[[98.42,9.719999999999999],[98.5,9.719999999999999],[98.5,9.799999999999999],[98.42,9.799999999999999],[98.42,9.719999999999999]]],[[[97.14,9.8],[97.22,9.8],[97.22,9.88],[97.14,9.88],[97.14,9.8]]],[[[97.22,9.8],[97.3,9.8],[97.3,9.88],[97.22,9.88],[97.22,9.8]]],[[[97.3,9.8],[97.38,9.8],[97.38,9.88],[97.3,9.88],[97.3,9.8]]],[[[97.38,9.8],[97.46,9.8],[97.46,9.88],[97.38,9.88],[97.38,9.8]]],[[[97.46,9.8],[97.53999999999999,9.8],[97.53999999999999,9.88],[97.46,9.88],[97.46,9.8]]],[[[97.54,9.8],[97.62,9.8],[97.62,9.88],[97.54,9.88],[97.54,9.8]]],[[[97.62,9.8],[97.7,9.8],[97.7,9.88],[97.62,9.88],[97.62,9.8]]],[[[97.7,9.8],[97.78,9.8],[97.78,9.88],[97.7,9.88],[97.7,9.8]]],[[[97.78,9.8],[97.86,9.8],[97.86,9.88],[97.78,9.88],[97.78,9.8]]],[[[97.86,9.8],[97.94,9.8],[97.94,9.88],[97.86,9.88],[97.86,9.8]]],[[[97.94,9.8],[98.02,9.8],[98.02,9.88],[97.94,9.88],[97.94,9.8]]],[[[98.02,9.8],[98.1,9.8],[98.1,9.88],[98.02,9.88],[98.02,9.8]]],[[[98.1,9.8],[98.17999999999999,9.8],[98.17999999999999,9.88],[98.1,9.88],[98.1,9.8]]],[[[98.18,9.8],[98.26,9.8],[98.26,9.88],[98.18,9.88],[98.18,9.8]]],[[[98.26,9.8],[98.34,9.8],[98.34,9.88],[98.26,9.88],[98.26,9.8]]],[[[98.34,9.8],[98.42,9.8],[98.42,9.88],[98.34,9.88],[98.34,9.8]]],[[[96.98,9.879999999999999],[97.06,9.879999999999999],[97.06,9.959999999999999],[96.98,9.959999999999999],[96.98,9.879999999999999]]],[[[97.06,9.879999999999999],[97.14,9.879999999999999],[97.14,9.959999999999999],[97.06,9.959999999999999],[97.06,9.879999999999999]]],[[[97.14,9.879999999999999],[97.22,9.879999999999999],[97.22,9.959999999999999],[97.14,9.959999999999999],[97.14,9.879999999999999]]],[[[97.22,9.879999999999999],[97.3,9.879999999999999],[97.3,9.959999999999999],[97.22,9.959999999999999],[97.22,9.879999999999999]]],[[[97.3,9.879999999999999],[97.38,9.879999999999999],[97.38,9.959999999999999],[97.3,9.959999999999999],[97.3,9.879999999999999]]],[[[97.38,9.879999999999999],[97.46,9.879999999999999],[97.46,9.959999999999999],[97.38,9.959999999999999],[97.38,9.879999999999999]]],[[[97.46,9.879999999999999],[97.53999999999999,9.879999999999999],[97.53999999999999,9.959999999999999],[97.46,9.959999999999999],[97.46,9.879999999999999]]],[[[97.54,9.879999999999999],[97.62,9.879999999999999],[97.62,9.959999999999999],[97.54,9.959999999999999],[97.54,9.879999999999999]]],[[[97.62,9.879999999999999],[97.7,9.879999999999999],[97.7,9.959999999999999],[97.62,9.959999999999999],[97.62,9.879999999999999]]],[[[97.7,9.879999999999999],[97.78,9.879999999999999],[97.78,9.959999999999999],[97.7,9.959999999999999],[97.7,9.879999999999999]]],[[[97.78,9.879999999999999],[97.86,9.879999999999999],[97.86,9.959999999999999],[97.78,9.959999999999999],[97.78,9.879999999999999]]],[[[97.86,9.879999999999999],[97.94,9.879999999999999],[97.94,9.959999999999999],[97.86,9.959999999999999],[97.86,9.879999999999999]]],[[[97.94,9.879999999999999],[98.02,9.879999999999999],[98.02,9.959999999999999],[97.94,9.959999999999999],[97.94,9.879999999999999]]],[[[98.02,9.879999999999999],[98.1,9.879999999999999],[98.1,9.959999999999999],[98.02,9.959999999999999],[98.02,9.879999999999999]]],[[[98.1,9.879999999999999],[98.17999999999999,9.879999999999999],[98.17999999999999,9.959999999999999],[98.1,9.959999999999999],[98.1,9.879999999999999]]],[[[98.18,9.879999999999999],[98.26,9.879999999999999],[98.26,9.959999999999999],[98.18,9.959999999999999],[98.18,9.879999999999999]]],[[[98.26,9.879999999999999],[98.34,9.879999999999999],[98.34,9.959999999999999],[98.26,9.959999999999999],[98.26,9.879999999999999]]],[[[98.34,9.879999999999999],[98.42,9.879999999999999],[98.42,9.959999999999999],[98.34,9.959999999999999],[98.34,9.879999999999999]]],[[[98.42,9.879999999999999],[98.5,9.879999999999999],[98.5,9.959999999999999],[98.42,9.959999999999999],[98.42,9.879999999999999]]],[[[98.5,9.879999999999999],[98.58,9.879999999999999],[98.58,9.959999999999999],[98.5,9.959999999999999],[98.5,9.879999999999999]]],[[[96.9,9.96],[96.98,9.96],[96.98,10.040000000000001],[96.9,10.040000000000001],[96.9,9.96]]],[[[96.98,9.96],[97.06,9.96],[97.06,10.040000000000001],[96.98,10.040000000000001],[96.98,9.96]]],[[[97.06,9.96],[97.14,9.96],[97.14,10.040000000000001],[97.06,10.040000000000001],[97.06,9.96]]],[[[97.14,9.96],[97.22,9.96],[97.22,10.040000000000001],[97.14,10.040000000000001],[97.14,9.96]]],[[[97.22,9.96],[97.3,9.96],[97.3,10.040000000000001],[97.22,10.040000000000001],[97.22,9.96]]],[[[97.3,9.96],[97.38,9.96],[97.38,10.040000000000001],[97.3,10.040000000000001],[97.3,9.96]]],[[[97.38,9.96],[97.46,9.96],[97.46,10.040000000000001],[97.38,10.040000000000001],[97.38,9.96]]],[[[97.46,9.96],[97.53999999999999,9.96],[97.53999999999999,10.040000000000001],[97.46,10.040000000000001],[97.46,9.96]]],[[[97.54,9.96],[97.62,9.96],[97.62,10.040000000000001],[97.54,10.040000000000001],[97.54,9.96]]],[[[97.62,9.96],[97.7,9.96],[97.7,10.040000000000001],[97.62,10.040000000000001],[97.62,9.96]]],[[[97.7,9.96],[97.78,9.96],[97.78,10.040000000000001],[97.7,10.040000000000001],[97.7,9.96]]],[[[97.78,9.96],[97.86,9.96],[97.86,10.040000000000001],[97.78,10.040000000000001],[97.78,9.96]]],[[[97.86,9.96],[97.94,9.96],[97.94,10.040000000000001],[97.86,10.040000000000001],[97.86,9.96]]],[[[97.94,9.96],[98.02,9.96],[98.02,10.040000000000001],[97.94,10.040000000000001],[97.94,9.96]]],[[[98.02,9.96],[98.1,9.96],[98.1,10.040000000000001],[98.02,10.040000000000001],[98.02,9.96]]],[[[98.1,9.96],[98.17999999999999,9.96],[98.17999999999999,10.040000000000001],[98.1,10.040000000000001],[98.1,9.96]]],[[[98.18,9.96],[98.26,9.96],[98.26,10.040000000000001],[98.18,10.040000000000001],[98.18,9.96]]],[[[98.26,9.96],[98.34,9.96],[98.34,10.040000000000001],[98.26,10.040000000000001],[98.26,9.96]]],[[[98.34,9.96],[98.42,9.96],[98.42,10.040000000000001],[98.34,10.040000000000001],[98.34,9.96]]],[[[98.42,9.96],[98.5,9.96],[98.5,10.040000000000001],[98.42,10.040000000000001],[98.42,9.96]]],[[[98.5,9.96],[98.58,9.96],[98.58,10.040000000000001],[98.5,10.040000000000001],[98.5,9.96]]],[[[96.74,10.04],[96.82,10.04],[96.82,10.12],[96.74,10.12],[96.74,10.04]]],[[[96.82,10.04],[96.89999999999999,10.04],[96.89999999999999,10.12],[96.82,10.12],[96.82,10.04]]],[[[96.9,10.04],[96.98,10.04],[96.98,10.12],[96.9,10.12],[96.9,10.04]]],[[[96.98,10.04],[97.06,10.04],[97.06,10.12],[96.98,10.12],[96.98,10.04]]],[[[97.06,10.04],[97.14,10.04],[97.14,10.12],[97.06,10.12],[97.06,10.04]]],[[[97.14,10.04],[97.22,10.04],[97.22,10.12],[97.14,10.12],[97.14,10.04]]],[[[97.22,10.04],[97.3,10.04],[97.3,10.12],[97.22,10.12],[97.22,10.04]]],[[[97.3,10.04],[97.38,10.04],[97.38,10.12],[97.3,10.12],[97.3,10.04]]],[[[97.38,10.04],[97.46,10.04],[97.46,10.12],[97.38,10.12],[97.38,10.04]]],[[[97.46,10.04],[97.53999999999999,10.04],[97.53999999999999,10.12],[97.46,10.12],[97.46,10.04]]],[[[97.54,10.04],[97.62,10.04],[97.62,10.12],[97.54,10.12],[97.54,10.04]]],[[[97.62,10.04],[97.7,10.04],[97.7,10.12],[97.62,10.12],[97.62,10.04]]],[[[97.7,10.04],[97.78,10.04],[97.78,10.12],[97.7,10.12],[97.7,10.04]]],[[[97.78,10.04],[97.86,10.04],[97.86,10.12],[97.78,10.12],[97.78,10.04]]],[[[97.86,10.04],[97.94,10.04],[97.94,10.12],[97.86,10.12],[97.86,10.04]]],[[[97.94,10.04],[98.02,10.04],[98.02,10.12],[97.94,10.12],[97.94,10.04]]],[[[98.02,10.04],[98.1,10.04],[98.1,10.12],[98.02,10.12],[98.02,10.04]]],[[[98.1,10.04],[98.17999999999999,10.04],[98.17999999999999,10.12],[98.1,10.12],[98.1,10.04]]],[[[98.18,10.04],[98.26,10.04],[98.26,10.12],[98.18,10.12],[98.18,10.04]]],[[[98.26,10.04],[98.34,10.04],[98.34,10.12],[98.26,10.12],[98.26,10.04]]],[[[98.34,10.04],[98.42,10.04],[98.42,10.12],[98.34,10.12],[98.34,10.04]]],[[[98.42,10.04],[98.5,10.04],[98.5,10.12],[98.42,10.12],[98.42,10.04]]],[[[98.5,10.04],[98.58,10.04],[98.58,10.12],[98.5,10.12],[98.5,10.04]]],[[[98.58,10.04],[98.66,10.04],[98.66,10.12],[98.58,10.12],[98.58,10.04]]],[[[96.66,10.120000000000001],[96.74,10.120000000000001],[96.74,10.200000000000001],[96.66,10.200000000000001],[96.66,10.120000000000001]]],[[[96.74,10.120000000000001],[96.82,10.120000000000001],[96.82,10.200000000000001],[96.74,10.200000000000001],[96.74,10.120000000000001]]],[[[96.82,10.120000000000001],[96.89999999999999,10.120000000000001],[96.89999999999999,10.200000000000001],[96.82,10.200000000000001],[96.82,10.120000000000001]]],[[[96.9,10.120000000000001],[96.98,10.120000000000001],[96.98,10.200000000000001],[96.9,10.200000000000001],[96.9,10.120000000000001]]],[[[96.98,10.120000000000001],[97.06,10.120000000000001],[97.06,10.200000000000001],[96.98,10.200000000000001],[96.98,10.120000000000001]]],[[[97.06,10.120000000000001],[97.14,10.120000000000001],[97.14,10.200000000000001],[97.06,10.200000000000001],[97.06,10.120000000000001]]],[[[97.14,10.120000000000001],[97.22,10.120000000000001],[97.22,10.200000000000001],[97.14,10.200000000000001],[97.14,10.120000000000001]]],[[[97.22,10.120000000000001],[97.3,10.120000000000001],[97.3,10.200000000000001],[97.22,10.200000000000001],[97.22,10.120000000000001]]],[[[97.3,10.120000000000001],[97.38,10.120000000000001],[97.38,10.200000000000001],[97.3,10.200000000000001],[97.3,10.120000000000001]]],[[[97.38,10.120000000000001],[97.46,10.120000000000001],[97.46,10.200000000000001],[97.38,10.200000000000001],[97.38,10.120000000000001]]],[[[97.46,10.120000000000001],[97.53999999999999,10.120000000000001],[97.53999999999999,10.200000000000001],[97.46,10.200000000000001],[97.46,10.120000000000001]]],[[[97.54,10.120000000000001],[97.62,10.120000000000001],[97.62,10.200000000000001],[97.54,10.200000000000001],[97.54,10.120000000000001]]],[[[97.62,10.120000000000001],[97.7,10.120000000000001],[97.7,10.200000000000001],[97.62,10.200000000000001],[97.62,10.120000000000001]]],[[[97.7,10.120000000000001],[97.78,10.120000000000001],[97.78,10.200000000000001],[97.7,10.200000000000001],[97.7,10.120000000000001]]],[[[97.78,10.120000000000001],[97.86,10.120000000000001],[97.86,10.200000000000001],[97.78,10.200000000000001],[97.78,10.120000000000001]]],[[[97.86,10.120000000000001],[97.94,10.120000000000001],[97.94,10.200000000000001],[97.86,10.200000000000001],[97.86,10.120000000000001]]],[[[97.94,10.120000000000001],[98.02,10.120000000000001],[98.02,10.200000000000001],[97.94,10.200000000000001],[97.94,10.120000000000001]]],[[[98.02,10.120000000000001],[98.1,10.120000000000001],[98.1,10.200000000000001],[98.02,10.200000000000001],[98.02,10.120000000000001]]],[[[98.1,10.120000000000001],[98.17999999999999,10.120000000000001],[98.17999999999999,10.200000000000001],[98.1,10.200000000000001],[98.1,10.120000000000001]]],[[[98.18,10.120000000000001],[98.26,10.120000000000001],[98.26,10.200000000000001],[98.18,10.200000000000001],[98.18,10.120000000000001]]],[[[98.26,10.120000000000001],[98.34,10.120000000000001],[98.34,10.200000000000001],[98.26,10.200000000000001],[98.26,10.120000000000001]]],[[[98.34,10.120000000000001],[98.42,10.120000000000001],[98.42,10.200000000000001],[98.34,10.200000000000001],[98.34,10.120000000000001]]],[[[98.42,10.120000000000001],[98.5,10.120000000000001],[98.5,10.200000000000001],[98.42,10.200000000000001],[98.42,10.120000000000001]]],[[[98.5,10.120000000000001],[98.58,10.120000000000001],[98.58,10.200000000000001],[98.5,10.200000000000001],[98.5,10.120000000000001]]],[[[98.58,10.120000000000001],[98.66,10.120000000000001],[98.66,10.200000000000001],[98.58,10.200000000000001],[98.58,10.120000000000001]]],[[[96.5,10.2],[96.58,10.2],[96.58,10.28],[96.5,10.28],[96.5,10.2]]],[[[96.58,10.2],[96.66,10.2],[96.66,10.28],[96.58,10.28],[96.58,10.2]]],[[[96.66,10.2],[96.74,10.2],[96.74,10.28],[96.66,10.28],[96.66,10.2]]],[[[96.74,10.2],[96.82,10.2],[96.82,10.28],[96.74,10.28],[96.74,10.2]]],[[[96.82,10.2],[96.89999999999999,10.2],[96.89999999999999,10.28],[96.82,10.28],[96.82,10.2]]],[[[96.9,10.2],[96.98,10.2],[96.98,10.28],[96.9,10.28],[96.9,10.2]]],[[[96.98,10.2],[97.06,10.2],[97.06,10.28],[96.98,10.28],[96.98,10.2]]],[[[97.06,10.2],[97.14,10.2],[97.14,10.28],[97.06,10.28],[97.06,10.2]]],[[[97.14,10.2],[97.22,10.2],[97.22,10.28],[97.14,10.28],[97.14,10.2]]],[[[97.22,10.2],[97.3,10.2],[97.3,10.28],[97.22,10.28],[97.22,10.2]]],[[[97.3,10.2],[97.38,10.2],[97.38,10.28],[97.3,10.28],[97.3,10.2]]],[[[97.38,10.2],[97.46,10.2],[97.46,10.28],[97.38,10.28],[97.38,10.2]]],[[[97.46,10.2],[97.53999999999999,10.2],[97.53999999999999,10.28],[97.46,10.28],[97.46,10.2]]],[[[97.54,10.2],[97.62,10.2],[97.62,10.28],[97.54,10.28],[97.54,10.2]]],[[[97.62,10.2],[97.7,10.2],[97.7,10.28],[97.62,10.28],[97.62,10.2]]],[[[97.7,10.2],[97.78,10.2],[97.78,10.28],[97.7,10.28],[97.7,10.2]]],[[[97.78,10.2],[97.86,10.2],[97.86,10.28],[97.78,10.28],[97.78,10.2]]],[[[97.86,10.2],[97.94,10.2],[97.94,10.28],[97.86,10.28],[97.86,10.2]]],[[[97.94,10.2],[98.02,10.2],[98.02,10.28],[97.94,10.28],[97.94,10.2]]],[[[98.02,10.2],[98.1,10.2],[98.1,10.28],[98.02,10.28],[98.02,10.2]]],[[[98.1,10.2],[98.17999999999999,10.2],[98.17999999999999,10.28],[98.1,10.28],[98.1,10.2]]],[[[98.18,10.2],[98.26,10.2],[98.26,10.28],[98.18,10.28],[98.18,10.2]]],[[[98.26,10.2],[98.34,10.2],[98.34,10.28],[98.26,10.28],[98.26,10.2]]],[[[98.34,10.2],[98.42,10.2],[98.42,10.28],[98.34,10.28],[98.34,10.2]]],[[[98.42,10.2],[98.5,10.2],[98.5,10.28],[98.42,10.28],[98.42,10.2]]],[[[98.5,10.2],[98.58,10.2],[98.58,10.28],[98.5,10.28],[98.5,10.2]]],[[[98.58,10.2],[98.66,10.2],[98.66,10.28],[98.58,10.28],[98.58,10.2]]],[[[98.66,10.2],[98.74,10.2],[98.74,10.28],[98.66,10.28],[98.66,10.2]]],[[[96.5,10.280000000000001],[96.58,10.280000000000001],[96.58,10.360000000000001],[96.5,10.360000000000001],[96.5,10.280000000000001]]],[[[96.58,10.280000000000001],[96.66,10.280000000000001],[96.66,10.360000000000001],[96.58,10.360000000000001],[96.58,10.280000000000001]]],[[[96.66,10.280000000000001],[96.74,10.280000000000001],[96.74,10.360000000000001],[96.66,10.360000000000001],[96.66,10.280000000000001]]],[[[96.74,10.280000000000001],[96.82,10.280000000000001],[96.82,10.360000000000001],[96.74,10.360000000000001],[96.74,10.280000000000001]]],[[[96.82,10.280000000000001],[96.89999999999999,10.280000000000001],[96.89999999999999,10.360000000000001],[96.82,10.360000000000001],[96.82,10.280000000000001]]],[[[96.9,10.280000000000001],[96.98,10.280000000000001],[96.98,10.360000000000001],[96.9,10.360000000000001],[96.9,10.280000000000001]]],[[[96.98,10.280000000000001],[97.06,10.280000000000001],[97.06,10.360000000000001],[96.98,10.360000000000001],[96.98,10.280000000000001]]],[[[97.06,10.280000000000001],[97.14,10.280000000000001],[97.14,10.360000000000001],[97.06,10.360000000000001],[97.06,10.280000000000001]]],[[[97.14,10.280000000000001],[97.22,10.280000000000001],[97.22,10.360000000000001],[97.14,10.360000000000001],[97.14,10.280000000000001]]],[[[97.22,10.280000000000001],[97.3,10.280000000000001],[97.3,10.360000000000001],[97.22,10.360000000000001],[97.22,10.280000000000001]]],[[[97.3,10.280000000000001],[97.38,10.280000000000001],[97.38,10.360000000000001],[97.3,10.360000000000001],[97.3,10.280000000000001]]],[[[97.38,10.280000000000001],[97.46,10.280000000000001],[97.46,10.360000000000001],[97.38,10.360000000000001],[97.38,10.280000000000001]]],[[[97.46,10.280000000000001],[97.53999999999999,10.280000000000001],[97.53999999999999,10.360000000000001],[97.46,10.360000000000001],[97.46,10.280000000000001]]],[[[97.54,10.280000000000001],[97.62,10.280000000000001],[97.62,10.360000000000001],[97.54,10.360000000000001],[97.54,10.280000000000001]]],[[[97.62,10.280000000000001],[97.7,10.280000000000001],[97.7,10.360000000000001],[97.62,10.360000000000001],[97.62,10.280000000000001]]],[[[97.7,10.280000000000001],[97.78,10.280000000000001],[97.78,10.360000000000001],[97.7,10.360000000000001],[97.7,10.280000000000001]]],[[[97.78,10.280000000000001],[97.86,10.280000000000001],[97.86,10.360000000000001],[97.78,10.360000000000001],[97.78,10.280000000000001]]],[[[97.86,10.280000000000001],[97.94,10.280000000000001],[97.94,10.360000000000001],[97.86,10.360000000000001],[97.86,10.280000000000001]]],[[[97.94,10.280000000000001],[98.02,10.280000000000001],[98.02,10.360000000000001],[97.94,10.360000000000001],[97.94,10.280000000000001]]],[[[98.02,10.280000000000001],[98.1,10.280000000000001],[98.1,10.360000000000001],[98.02,10.360000000000001],[98.02,10.280000000000001]]],[[[98.1,10.280000000000001],[98.17999999999999,10.280000000000001],[98.17999999999999,10.360000000000001],[98.1,10.360000000000001],[98.1,10.280000000000001]]],[[[98.18,10.280000000000001],[98.26,10.280000000000001],[98.26,10.360000000000001],[98.18,10.360000000000001],[98.18,10.280000000000001]]],[[[98.26,10.280000000000001],[98.34,10.280000000000001],[98.34,10.360000000000001],[98.26,10.360000000000001],[98.26,10.280000000000001]]],[[[98.34,10.280000000000001],[98.42,10.280000000000001],[98.42,10.360000000000001],[98.34,10.360000000000001],[98.34,10.280000000000001]]],[[[98.42,10.280000000000001],[98.5,10.280000000000001],[98.5,10.360000000000001],[98.42,10.360000000000001],[98.42,10.280000000000001]]],[[[98.5,10.280000000000001],[98.58,10.280000000000001],[98.58,10.360000000000001],[98.5,10.360000000000001],[98.5,10.280000000000001]]],[[[98.58,10.280000000000001],[98.66,10.280000000000001],[98.66,10.360000000000001],[98.58,10.360000000000001],[98.58,10.280000000000001]]],[[[98.66,10.280000000000001],[98.74,10.280000000000001],[98.74,10.360000000000001],[98.66,10.360000000000001],[98.66,10.280000000000001]]],[[[96.5,10.36],[96.58,10.36],[96.58,10.44],[96.5,10.44],[96.5,10.36]]],[[[96.58,10.36],[96.66,10.36],[96.66,10.44],[96.58,10.44],[96.58,10.36]]],[[[96.66,10.36],[96.74,10.36],[96.74,10.44],[96.66,10.44],[96.66,10.36]]],[[[96.74,10.36],[96.82,10.36],[96.82,10.44],[96.74,10.44],[96.74,10.36]]],[[[96.82,10.36],[96.89999999999999,10.36],[96.89999999999999,10.44],[96.82,10.44],[96.82,10.36]]],[[[96.9,10.36],[96.98,10.36],[96.98,10.44],[96.9,10.44],[96.9,10.36]]],[[[96.98,10.36],[97.06,10.36],[97.06,10.44],[96.98,10.44],[96.98,10.36]]],[[[97.06,10.36],[97.14,10.36],[97.14,10.44],[97.06,10.44],[97.06,10.36]]],[[[97.14,10.36],[97.22,10.36],[97.22,10.44],[97.14,10.44],[97.14,10.36]]],[[[97.22,10.36],[97.3,10.36],[97.3,10.44],[97.22,10.44],[97.22,10.36]]],[[[97.3,10.36],[97.38,10.36],[97.38,10.44],[97.3,10.44],[97.3,10.36]]],[[[97.38,10.36],[97.46,10.36],[97.46,10.44],[97.38,10.44],[97.38,10.36]]],[[[97.46,10.36],[97.53999999999999,10.36],[97.53999999999999,10.44],[97.46,10.44],[97.46,10.36]]],[[[97.54,10.36],[97.62,10.36],[97.62,10.44],[97.54,10.44],[97.54,10.36]]],[[[97.62,10.36],[97.7,10.36],[97.7,10.44],[97.62,10.44],[97.62,10.36]]],[[[97.7,10.36],[97.78,10.36],[97.78,10.44],[97.7,10.44],[97.7,10.36]]],[[[97.78,10.36],[97.86,10.36],[97.86,10.44],[97.78,10.44],[97.78,10.36]]],[[[97.86,10.36],[97.94,10.36],[97.94,10.44],[97.86,10.44],[97.86,10.36]]],[[[97.94,10.36],[98.02,10.36],[98.02,10.44],[97.94,10.44],[97.94,10.36]]],[[[98.02,10.36],[98.1,10.36],[98.1,10.44],[98.02,10.44],[98.02,10.36]]],[[[98.1,10.36],[98.17999999999999,10.36],[98.17999999999999,10.44],[98.1,10.44],[98.1,10.36]]],[[[98.18,10.36],[98.26,10.36],[98.26,10.44],[98.18,10.44],[98.18,10.36]]],[[[98.26,10.36],[98.34,10.36],[98.34,10.44],[98.26,10.44],[98.26,10.36]]],[[[98.34,10.36],[98.42,10.36],[98.42,10.44],[98.34,10.44],[98.34,10.36]]],[[[98.42,10.36],[98.5,10.36],[98.5,10.44],[98.42,10.44],[98.42,10.36]]],[[[98.5,10.36],[98.58,10.36],[98.58,10.44],[98.5,10.44],[98.5,10.36]]],[[[98.58,10.36],[98.66,10.36],[98.66,10.44],[98.58,10.44],[98.58,10.36]]],[[[98.66,10.36],[98.74,10.36],[98.74,10.44],[98.66,10.44],[98.66,10.36]]],[[[96.5,10.440000000000001],[96.58,10.440000000000001],[96.58,10.520000000000001],[96.5,10.520000000000001],[96.5,10.440000000000001]]],[[[96.58,10.440000000000001],[96.66,10.440000000000001],[96.66,10.520000000000001],[96.58,10.520000000000001],[96.58,10.440000000000001]]],[[[96.66,10.440000000000001],[96.74,10.440000000000001],[96.74,10.520000000000001],[96.66,10.520000000000001],[96.66,10.440000000000001]]],[[[96.74,10.440000000000001],[96.82,10.440000000000001],[96.82,10.520000000000001],[96.74,10.520000000000001],[96.74,10.440000000000001]]],[[[96.82,10.440000000000001],[96.89999999999999,10.440000000000001],[96.89999999999999,10.520000000000001],[96.82,10.520000000000001],[96.82,10.440000000000001]]],[[[96.9,10.440000000000001],[96.98,10.440000000000001],[96.98,10.520000000000001],[96.9,10.520000000000001],[96.9,10.440000000000001]]],[[[96.98,10.440000000000001],[97.06,10.440000000000001],[97.06,10.520000000000001],[96.98,10.520000000000001],[96.98,10.440000000000001]]],[[[97.06,10.440000000000001],[97.14,10.440000000000001],[97.14,10.520000000000001],[97.06,10.520000000000001],[97.06,10.440000000000001]]],[[[97.14,10.440000000000001],[97.22,10.440000000000001],[97.22,10.520000000000001],[97.14,10.520000000000001],[97.14,10.440000000000001]]],[[[97.22,10.440000000000001],[97.3,10.440000000000001],[97.3,10.520000000000001],[97.22,10.520000000000001],[97.22,10.440000000000001]]],[[[97.3,10.440000000000001],[97.38,10.440000000000001],[97.38,10.520000000000001],[97.3,10.520000000000001],[97.3,10.440000000000001]]],[[[97.38,10.440000000000001],[97.46,10.440000000000001],[97.46,10.520000000000001],[97.38,10.520000000000001],[97.38,10.440000000000001]]],[[[97.46,10.440000000000001],[97.53999999999999,10.440000000000001],[97.53999999999999,10.520000000000001],[97.46,10.520000000000001],[97.46,10.440000000000001]]],[[[97.54,10.440000000000001],[97.62,10.440000000000001],[97.62,10.520000000000001],[97.54,10.520000000000001],[97.54,10.440000000000001]]],[[[97.62,10.440000000000001],[97.7,10.440000000000001],[97.7,10.520000000000001],[97.62,10.520000000000001],[97.62,10.440000000000001]]],[[[97.7,10.440000000000001],[97.78,10.440000000000001],[97.78,10.520000000000001],[97.7,10.520000000000001],[97.7,10.440000000000001]]],[[[97.78,10.440000000000001],[97.86,10.440000000000001],[97.86,10.520000000000001],[97.78,10.520000000000001],[97.78,10.440000000000001]]],[[[97.86,10.440000000000001],[97.94,10.440000000000001],[97.94,10.520000000000001],[97.86,10.520000000000001],[97.86,10.440000000000001]]],[[[97.94,10.440000000000001],[98.02,10.440000000000001],[98.02,10.520000000000001],[97.94,10.520000000000001],[97.94,10.440000000000001]]],[[[98.02,10.440000000000001],[98.1,10.440000000000001],[98.1,10.520000000000001],[98.02,10.520000000000001],[98.02,10.440000000000001]]],[[[98.1,10.440000000000001],[98.17999999999999,10.440000000000001],[98.17999999999999,10.520000000000001],[98.1,10.520000000000001],[98.1,10.440000000000001]]],[[[98.18,10.440000000000001],[98.26,10.440000000000001],[98.26,10.520000000000001],[98.18,10.520000000000001],[98.18,10.440000000000001]]],[[[98.26,10.440000000000001],[98.34,10.440000000000001],[98.34,10.520000000000001],[98.26,10.520000000000001],[98.26,10.440000000000001]]],[[[98.34,10.440000000000001],[98.42,10.440000000000001],[98.42,10.520000000000001],[98.34,10.520000000000001],[98.34,10.440000000000001]]],[[[98.42,10.440000000000001],[98.5,10.440000000000001],[98.5,10.520000000000001],[98.42,10.520000000000001],[98.42,10.440000000000001]]],[[[98.5,10.440000000000001],[98.58,10.440000000000001],[98.58,10.520000000000001],[98.5,10.520000000000001],[98.5,10.440000000000001]]],[[[98.58,10.440000000000001],[98.66,10.440000000000001],[98.66,10.520000000000001],[98.58,10.520000000000001],[98.58,10.440000000000001]]],[[[98.66,10.440000000000001],[98.74,10.440000000000001],[98.74,10.520000000000001],[98.66,10.520000000000001],[98.66,10.440000000000001]]],[[[98.74,10.440000000000001],[98.82,10.440000000000001],[98.82,10.520000000000001],[98.74,10.520000000000001],[98.74,10.440000000000001]]],[[[96.5,10.52],[96.58,10.52],[96.58,10.6],[96.5,10.6],[96.5,10.52]]],[[[96.58,10.52],[96.66,10.52],[96.66,10.6],[96.58,10.6],[96.58,10.52]]],[[[96.66,10.52],[96.74,10.52],[96.74,10.6],[96.66,10.6],[96.66,10.52]]],[[[96.74,10.52],[96.82,10.52],[96.82,10.6],[96.74,10.6],[96.74,10.52]]],[[[96.82,10.52],[96.89999999999999,10.52],[96.89999999999999,10.6],[96.82,10.6],[96.82,10.52]]],[[[96.9,10.52],[96.98,10.52],[96.98,10.6],[96.9,10.6],[96.9,10.52]]],[[[96.98,10.52],[97.06,10.52],[97.06,10.6],[96.98,10.6],[96.98,10.52]]],[[[97.06,10.52],[97.14,10.52],[97.14,10.6],[97.06,10.6],[97.06,10.52]]],[[[97.14,10.52],[97.22,10.52],[97.22,10.6],[97.14,10.6],[97.14,10.52]]],[[[97.22,10.52],[97.3,10.52],[97.3,10.6],[97.22,10.6],[97.22,10.52]]],[[[97.3,10.52],[97.38,10.52],[97.38,10.6],[97.3,10.6],[97.3,10.52]]],[[[97.38,10.52],[97.46,10.52],[97.46,10.6],[97.38,10.6],[97.38,10.52]]],[[[97.46,10.52],[97.53999999999999,10.52],[97.53999999999999,10.6],[97.46,10.6],[97.46,10.52]]],[[[97.54,10.52],[97.62,10.52],[97.62,10.6],[97.54,10.6],[97.54,10.52]]],[[[97.62,10.52],[97.7,10.52],[97.7,10.6],[97.62,10.6],[97.62,10.52]]],[[[97.7,10.52],[97.78,10.52],[97.78,10.6],[97.7,10.6],[97.7,10.52]]],[[[97.78,10.52],[97.86,10.52],[97.86,10.6],[97.78,10.6],[97.78,10.52]]],[[[97.86,10.52],[97.94,10.52],[97.94,10.6],[97.86,10.6],[97.86,10.52]]],[[[97.94,10.52],[98.02,10.52],[98.02,10.6],[97.94,10.6],[97.94,10.52]]],[[[98.02,10.52],[98.1,10.52],[98.1,10.6],[98.02,10.6],[98.02,10.52]]],[[[98.1,10.52],[98.17999999999999,10.52],[98.17999999999999,10.6],[98.1,10.6],[98.1,10.52]]],[[[98.18,10.52],[98.26,10.52],[98.26,10.6],[98.18,10.6],[98.18,10.52]]],[[[98.26,10.52],[98.34,10.52],[98.34,10.6],[98.26,10.6],[98.26,10.52]]],[[[98.34,10.52],[98.42,10.52],[98.42,10.6],[98.34,10.6],[98.34,10.52]]],[[[98.42,10.52],[98.5,10.52],[98.5,10.6],[98.42,10.6],[98.42,10.52]]],[[[98.5,10.52],[98.58,10.52],[98.58,10.6],[98.5,10.6],[98.5,10.52]]],[[[98.58,10.52],[98.66,10.52],[98.66,10.6],[98.58,10.6],[98.58,10.52]]],[[[98.66,10.52],[98.74,10.52],[98.74,10.6],[98.66,10.6],[98.66,10.52]]],[[[98.74,10.52],[98.82,10.52],[98.82,10.6],[98.74,10.6],[98.74,10.52]]],[[[96.5,10.600000000000001],[96.58,10.600000000000001],[96.58,10.680000000000001],[96.5,10.680000000000001],[96.5,10.600000000000001]]],[[[96.58,10.600000000000001],[96.66,10.600000000000001],[96.66,10.680000000000001],[96.58,10.680000000000001],[96.58,10.600000000000001]]],[[[96.66,10.600000000000001],[96.74,10.600000000000001],[96.74,10.680000000000001],[96.66,10.680000000000001],[96.66,10.600000000000001]]],[[[96.74,10.600000000000001],[96.82,10.600000000000001],[96.82,10.680000000000001],[96.74,10.680000000000001],[96.74,10.600000000000001]]],[[[96.82,10.600000000000001],[96.89999999999999,10.600000000000001],[96.89999999999999,10.680000000000001],[96.82,10.680000000000001],[96.82,10.600000000000001]]],[[[96.9,10.600000000000001],[96.98,10.600000000000001],[96.98,10.680000000000001],[96.9,10.680000000000001],[96.9,10.600000000000001]]],[[[96.98,10.600000000000001],[97.06,10.600000000000001],[97.06,10.680000000000001],[96.98,10.680000000000001],[96.98,10.600000000000001]]],[[[97.06,10.600000000000001],[97.14,10.600000000000001],[97.14,10.680000000000001],[97.06,10.680000000000001],[97.06,10.600000000000001]]],[[[97.14,10.600000000000001],[97.22,10.600000000000001],[97.22,10.680000000000001],[97.14,10.680000000000001],[97.14,10.600000000000001]]],[[[97.22,10.600000000000001],[97.3,10.600000000000001],[97.3,10.680000000000001],[97.22,10.680000000000001],[97.22,10.600000000000001]]],[[[97.3,10.600000000000001],[97.38,10.600000000000001],[97.38,10.680000000000001],[97.3,10.680000000000001],[97.3,10.600000000000001]]],[[[97.38,10.600000000000001],[97.46,10.600000000000001],[97.46,10.680000000000001],[97.38,10.680000000000001],[97.38,10.600000000000001]]],[[[97.46,10.600000000000001],[97.53999999999999,10.600000000000001],[97.53999999999999,10.680000000000001],[97.46,10.680000000000001],[97.46,10.600000000000001]]],[[[97.54,10.600000000000001],[97.62,10.600000000000001],[97.62,10.680000000000001],[97.54,10.680000000000001],[97.54,10.600000000000001]]],[[[97.62,10.600000000000001],[97.7,10.600000000000001],[97.7,10.680000000000001],[97.62,10.680000000000001],[97.62,10.600000000000001]]],[[[97.7,10.600000000000001],[97.78,10.600000000000001],[97.78,10.680000000000001],[97.7,10.680000000000001],[97.7,10.600000000000001]]],[[[97.78,10.600000000000001],[97.86,10.600000000000001],[97.86,10.680000000000001],[97.78,10.680000000000001],[97.78,10.600000000000001]]],[[[97.86,10.600000000000001],[97.94,10.600000000000001],[97.94,10.680000000000001],[97.86,10.680000000000001],[97.86,10.600000000000001]]],[[[97.94,10.600000000000001],[98.02,10.600000000000001],[98.02,10.680000000000001],[97.94,10.680000000000001],[97.94,10.600000000000001]]],[[[98.02,10.600000000000001],[98.1,10.600000000000001],[98.1,10.680000000000001],[98.02,10.680000000000001],[98.02,10.600000000000001]]],[[[98.1,10.600000000000001],[98.17999999999999,10.600000000000001],[98.17999999999999,10.680000000000001],[98.1,10.680000000000001],[98.1,10.600000000000001]]],[[[98.18,10.600000000000001],[98.26,10.600000000000001],[98.26,10.680000000000001],[98.18,10.680000000000001],[98.18,10.600000000000001]]],[[[98.26,10.600000000000001],[98.34,10.600000000000001],[98.34,10.680000000000001],[98.26,10.680000000000001],[98.26,10.600000000000001]]],[[[98.34,10.600000000000001],[98.42,10.600000000000001],[98.42,10.680000000000001],[98.34,10.680000000000001],[98.34,10.600000000000001]]],[[[98.42,10.600000000000001],[98.5,10.600000000000001],[98.5,10.680000000000001],[98.42,10.680000000000001],[98.42,10.600000000000001]]],[[[98.5,10.600000000000001],[98.58,10.600000000000001],[98.58,10.680000000000001],[98.5,10.680000000000001],[98.5,10.600000000000001]]],[[[98.58,10.600000000000001],[98.66,10.600000000000001],[98.66,10.680000000000001],[98.58,10.680000000000001],[98.58,10.600000000000001]]],[[[98.66,10.600000000000001],[98.74,10.600000000000001],[98.74,10.680000000000001],[98.66,10.680000000000001],[98.66,10.600000000000001]]],[[[98.74,10.600000000000001],[98.82,10.600000000000001],[98.82,10.680000000000001],[98.74,10.680000000000001],[98.74,10.600000000000001]]],[[[96.5,10.68],[96.58,10.68],[96.58,10.76],[96.5,10.76],[96.5,10.68]]],[[[96.58,10.68],[96.66,10.68],[96.66,10.76],[96.58,10.76],[96.58,10.68]]],[[[96.66,10.68],[96.74,10.68],[96.74,10.76],[96.66,10.76],[96.66,10.68]]],[[[96.74,10.68],[96.82,10.68],[96.82,10.76],[96.74,10.76],[96.74,10.68]]],[[[96.82,10.68],[96.89999999999999,10.68],[96.89999999999999,10.76],[96.82,10.76],[96.82,10.68]]],[[[96.9,10.68],[96.98,10.68],[96.98,10.76],[96.9,10.76],[96.9,10.68]]],[[[96.98,10.68],[97.06,10.68],[97.06,10.76],[96.98,10.76],[96.98,10.68]]],[[[97.06,10.68],[97.14,10.68],[97.14,10.76],[97.06,10.76],[97.06,10.68]]],[[[97.14,10.68],[97.22,10.68],[97.22,10.76],[97.14,10.76],[97.14,10.68]]],[[[97.22,10.68],[97.3,10.68],[97.3,10.76],[97.22,10.76],[97.22,10.68]]],[[[97.3,10.68],[97.38,10.68],[97.38,10.76],[97.3,10.76],[97.3,10.68]]],[[[97.38,10.68],[97.46,10.68],[97.46,10.76],[97.38,10.76],[97.38,10.68]]],[[[97.46,10.68],[97.53999999999999,10.68],[97.53999999999999,10.76],[97.46,10.76],[97.46,10.68]]],[[[97.54,10.68],[97.62,10.68],[97.62,10.76],[97.54,10.76],[97.54,10.68]]],[[[97.62,10.68],[97.7,10.68],[97.7,10.76],[97.62,10.76],[97.62,10.68]]],[[[97.7,10.68],[97.78,10.68],[97.78,10.76],[97.7,10.76],[97.7,10.68]]],[[[97.78,10.68],[97.86,10.68],[97.86,10.76],[97.78,10.76],[97.78,10.68]]],[[[97.86,10.68],[97.94,10.68],[97.94,10.76],[97.86,10.76],[97.86,10.68]]],[[[97.94,10.68],[98.02,10.68],[98.02,10.76],[97.94,10.76],[97.94,10.68]]],[[[98.02,10.68],[98.1,10.68],[98.1,10.76],[98.02,10.76],[98.02,10.68]]],[[[98.1,10.68],[98.17999999999999,10.68],[98.17999999999999,10.76],[98.1,10.76],[98.1,10.68]]],[[[98.18,10.68],[98.26,10.68],[98.26,10.76],[98.18,10.76],[98.18,10.68]]],[[[98.26,10.68],[98.34,10.68],[98.34,10.76],[98.26,10.76],[98.26,10.68]]],[[[98.34,10.68],[98.42,10.68],[98.42,10.76],[98.34,10.76],[98.34,10.68]]],[[[98.42,10.68],[98.5,10.68],[98.5,10.76],[98.42,10.76],[98.42,10.68]]],[[[98.5,10.68],[98.58,10.68],[98.58,10.76],[98.5,10.76],[98.5,10.68]]],[[[98.58,10.68],[98.66,10.68],[98.66,10.76],[98.58,10.76],[98.58,10.68]]],[[[98.66,10.68],[98.74,10.68],[98.74,10.76],[98.66,10.76],[98.66,10.68]]],[[[98.74,10.68],[98.82,10.68],[98.82,10.76],[98.74,10.76],[98.74,10.68]]],[[[96.5,10.76],[96.58,10.76],[96.58,10.84],[96.5,10.84],[96.5,10.76]]],[[[96.58,10.76],[96.66,10.76],[96.66,10.84],[96.58,10.84],[96.58,10.76]]],[[[96.66,10.76],[96.74,10.76],[96.74,10.84],[96.66,10.84],[96.66,10.76]]],[[[96.74,10.76],[96.82,10.76],[96.82,10.84],[96.74,10.84],[96.74,10.76]]],[[[96.82,10.76],[96.89999999999999,10.76],[96.89999999999999,10.84],[96.82,10.84],[96.82,10.76]]],[[[96.9,10.76],[96.98,10.76],[96.98,10.84],[96.9,10.84],[96.9,10.76]]],[[[96.98,10.76],[97.06,10.76],[97.06,10.84],[96.98,10.84],[96.98,10.76]]],[[[97.06,10.76],[97.14,10.76],[97.14,10.84],[97.06,10.84],[97.06,10.76]]],[[[97.14,10.76],[97.22,10.76],[97.22,10.84],[97.14,10.84],[97.14,10.76]]],[[[97.22,10.76],[97.3,10.76],[97.3,10.84],[97.22,10.84],[97.22,10.76]]],[[[97.3,10.76],[97.38,10.76],[97.38,10.84],[97.3,10.84],[97.3,10.76]]],[[[97.38,10.76],[97.46,10.76],[97.46,10.84],[97.38,10.84],[97.38,10.76]]],[[[97.46,10.76],[97.53999999999999,10.76],[97.53999999999999,10.84],[97.46,10.84],[97.46,10.76]]],[[[97.54,10.76],[97.62,10.76],[97.62,10.84],[97.54,10.84],[97.54,10.76]]],[[[97.62,10.76],[97.7,10.76],[97.7,10.84],[97.62,10.84],[97.62,10.76]]],[[[97.7,10.76],[97.78,10.76],[97.78,10.84],[97.7,10.84],[97.7,10.76]]],[[[97.78,10.76],[97.86,10.76],[97.86,10.84],[97.78,10.84],[97.78,10.76]]],[[[97.86,10.76],[97.94,10.76],[97.94,10.84],[97.86,10.84],[97.86,10.76]]],[[[97.94,10.76],[98.02,10.76],[98.02,10.84],[97.94,10.84],[97.94,10.76]]],[[[98.02,10.76],[98.1,10.76],[98.1,10.84],[98.02,10.84],[98.02,10.76]]],[[[98.1,10.76],[98.17999999999999,10.76],[98.17999999999999,10.84],[98.1,10.84],[98.1,10.76]]],[[[98.18,10.76],[98.26,10.76],[98.26,10.84],[98.18,10.84],[98.18,10.76]]],[[[98.26,10.76],[98.34,10.76],[98.34,10.84],[98.26,10.84],[98.26,10.76]]],[[[98.34,10.76],[98.42,10.76],[98.42,10.84],[98.34,10.84],[98.34,10.76]]],[[[98.42,10.76],[98.5,10.76],[98.5,10.84],[98.42,10.84],[98.42,10.76]]],[[[98.5,10.76],[98.58,10.76],[98.58,10.84],[98.5,10.84],[98.5,10.76]]],[[[98.58,10.76],[98.66,10.76],[98.66,10.84],[98.58,10.84],[98.58,10.76]]],[[[98.66,10.76],[98.74,10.76],[98.74,10.84],[98.66,10.84],[98.66,10.76]]],[[[98.74,10.76],[98.82,10.76],[98.82,10.84],[98.74,10.84],[98.74,10.76]]],[[[98.82,10.76],[98.89999999999999,10.76],[98.89999999999999,10.84],[98.82,10.84],[98.82,10.76]]],[[[96.5,10.84],[96.58,10.84],[96.58,10.92],[96.5,10.92],[96.5,10.84]]],[[[96.58,10.84],[96.66,10.84],[96.66,10.92],[96.58,10.92],[96.58,10.84]]],[[[96.66,10.84],[96.74,10.84],[96.74,10.92],[96.66,10.92],[96.66,10.84]]],[[[96.74,10.84],[96.82,10.84],[96.82,10.92],[96.74,10.92],[96.74,10.84]]],[[[96.82,10.84],[96.89999999999999,10.84],[96.89999999999999,10.92],[96.82,10.92],[96.82,10.84]]],[[[96.9,10.84],[96.98,10.84],[96.98,10.92],[96.9,10.92],[96.9,10.84]]],[[[96.98,10.84],[97.06,10.84],[97.06,10.92],[96.98,10.92],[96.98,10.84]]],[[[97.06,10.84],[97.14,10.84],[97.14,10.92],[97.06,10.92],[97.06,10.84]]],[[[97.14,10.84],[97.22,10.84],[97.22,10.92],[97.14,10.92],[97.14,10.84]]],[[[97.22,10.84],[97.3,10.84],[97.3,10.92],[97.22,10.92],[97.22,10.84]]],[[[97.3,10.84],[97.38,10.84],[97.38,10.92],[97.3,10.92],[97.3,10.84]]],[[[97.38,10.84],[97.46,10.84],[97.46,10.92],[97.38,10.92],[97.38,10.84]]],[[[97.46,10.84],[97.53999999999999,10.84],[97.53999999999999,10.92],[97.46,10.92],[97.46,10.84]]],[[[97.54,10.84],[97.62,10.84],[97.62,10.92],[97.54,10.92],[97.54,10.84]]],[[[97.62,10.84],[97.7,10.84],[97.7,10.92],[97.62,10.92],[97.62,10.84]]],[[[97.7,10.84],[97.78,10.84],[97.78,10.92],[97.7,10.92],[97.7,10.84]]],[[[97.78,10.84],[97.86,10.84],[97.86,10.92],[97.78,10.92],[97.78,10.84]]],[[[97.86,10.84],[97.94,10.84],[97.94,10.92],[97.86,10.92],[97.86,10.84]]],[[[97.94,10.84],[98.02,10.84],[98.02,10.92],[97.94,10.92],[97.94,10.84]]],[[[98.02,10.84],[98.1,10.84],[98.1,10.92],[98.02,10.92],[98.02,10.84]]],[[[98.1,10.84],[98.17999999999999,10.84],[98.17999999999999,10.92],[98.1,10.92],[98.1,10.84]]],[[[98.18,10.84],[98.26,10.84],[98.26,10.92],[98.18,10.92],[98.18,10.84]]],[[[98.26,10.84],[98.34,10.84],[98.34,10.92],[98.26,10.92],[98.26,10.84]]],[[[98.34,10.84],[98.42,10.84],[98.42,10.92],[98.34,10.92],[98.34,10.84]]],[[[98.42,10.84],[98.5,10.84],[98.5,10.92],[98.42,10.92],[98.42,10.84]]],[[[98.5,10.84],[98.58,10.84],[98.58,10.92],[98.5,10.92],[98.5,10.84]]],[[[98.58,10.84],[98.66,10.84],[98.66,10.92],[98.58,10.92],[98.58,10.84]]],[[[98.66,10.84],[98.74,10.84],[98.74,10.92],[98.66,10.92],[98.66,10.84]]],[[[98.74,10.84],[98.82,10.84],[98.82,10.92],[98.74,10.92],[98.74,10.84]]],[[[96.5,10.92],[96.58,10.92],[96.58,11],[96.5,11],[96.5,10.92]]],[[[96.58,10.92],[96.66,10.92],[96.66,11],[96.58,11],[96.58,10.92]]],[[[96.66,10.92],[96.74,10.92],[96.74,11],[96.66,11],[96.66,10.92]]],[[[96.74,10.92],[96.82,10.92],[96.82,11],[96.74,11],[96.74,10.92]]],[[[96.82,10.92],[96.89999999999999,10.92],[96.89999999999999,11],[96.82,11],[96.82,10.92]]],[[[96.9,10.92],[96.98,10.92],[96.98,11],[96.9,11],[96.9,10.92]]],[[[96.98,10.92],[97.06,10.92],[97.06,11],[96.98,11],[96.98,10.92]]],[[[97.06,10.92],[97.14,10.92],[97.14,11],[97.06,11],[97.06,10.92]]],[[[97.14,10.92],[97.22,10.92],[97.22,11],[97.14,11],[97.14,10.92]]],[[[97.22,10.92],[97.3,10.92],[97.3,11],[97.22,11],[97.22,10.92]]],[[[97.3,10.92],[97.38,10.92],[97.38,11],[97.3,11],[97.3,10.92]]],[[[97.38,10.92],[97.46,10.92],[97.46,11],[97.38,11],[97.38,10.92]]],[[[97.46,10.92],[97.53999999999999,10.92],[97.53999999999999,11],[97.46,11],[97.46,10.92]]],[[[97.54,10.92],[97.62,10.92],[97.62,11],[97.54,11],[97.54,10.92]]],[[[97.62,10.92],[97.7,10.92],[97.7,11],[97.62,11],[97.62,10.92]]],[[[97.7,10.92],[97.78,10.92],[97.78,11],[97.7,11],[97.7,10.92]]],[[[97.78,10.92],[97.86,10.92],[97.86,11],[97.78,11],[97.78,10.92]]],[[[97.86,10.92],[97.94,10.92],[97.94,11],[97.86,11],[97.86,10.92]]],[[[97.94,10.92],[98.02,10.92],[98.02,11],[97.94,11],[97.94,10.92]]],[[[98.02,10.92],[98.1,10.92],[98.1,11],[98.02,11],[98.02,10.92]]],[[[98.1,10.92],[98.17999999999999,10.92],[98.17999999999999,11],[98.1,11],[98.1,10.92]]],[[[98.18,10.92],[98.26,10.92],[98.26,11],[98.18,11],[98.18,10.92]]],[[[98.26,10.92],[98.34,10.92],[98.34,11],[98.26,11],[98.26,10.92]]],[[[98.34,10.92],[98.42,10.92],[98.42,11],[98.34,11],[98.34,10.92]]],[[[98.42,10.92],[98.5,10.92],[98.5,11],[98.42,11],[98.42,10.92]]],[[[98.5,10.92],[98.58,10.92],[98.58,11],[98.5,11],[98.5,10.92]]],[[[98.58,10.92],[98.66,10.92],[98.66,11],[98.58,11],[98.58,10.92]]],[[[98.66,10.92],[98.74,10.92],[98.74,11],[98.66,11],[98.66,10.92]]],[[[96.5,11],[96.58,11],[96.58,11.08],[96.5,11.08],[96.5,11]]],[[[96.58,11],[96.66,11],[96.66,11.08],[96.58,11.08],[96.58,11]]],[[[96.66,11],[96.74,11],[96.74,11.08],[96.66,11.08],[96.66,11]]],[[[96.74,11],[96.82,11],[96.82,11.08],[96.74,11.08],[96.74,11]]],[[[96.82,11],[96.89999999999999,11],[96.89999999999999,11.08],[96.82,11.08],[96.82,11]]],[[[96.9,11],[96.98,11],[96.98,11.08],[96.9,11.08],[96.9,11]]],[[[96.98,11],[97.06,11],[97.06,11.08],[96.98,11.08],[96.98,11]]],[[[97.06,11],[97.14,11],[97.14,11.08],[97.06,11.08],[97.06,11]]],[[[97.14,11],[97.22,11],[97.22,11.08],[97.14,11.08],[97.14,11]]],[[[97.22,11],[97.3,11],[97.3,11.08],[97.22,11.08],[97.22,11]]],[[[97.3,11],[97.38,11],[97.38,11.08],[97.3,11.08],[97.3,11]]],[[[97.38,11],[97.46,11],[97.46,11.08],[97.38,11.08],[97.38,11]]],[[[97.46,11],[97.53999999999999,11],[97.53999999999999,11.08],[97.46,11.08],[97.46,11]]],[[[97.54,11],[97.62,11],[97.62,11.08],[97.54,11.08],[97.54,11]]],[[[97.62,11],[97.7,11],[97.7,11.08],[97.62,11.08],[97.62,11]]],[[[97.7,11],[97.78,11],[97.78,11.08],[97.7,11.08],[97.7,11]]],[[[97.78,11],[97.86,11],[97.86,11.08],[97.78,11.08],[97.78,11]]],[[[97.86,11],[97.94,11],[97.94,11.08],[97.86,11.08],[97.86,11]]],[[[97.94,11],[98.02,11],[98.02,11.08],[97.94,11.08],[97.94,11]]],[[[98.02,11],[98.1,11],[98.1,11.08],[98.02,11.08],[98.02,11]]],[[[98.1,11],[98.17999999999999,11],[98.17999999999999,11.08],[98.1,11.08],[98.1,11]]],[[[98.18,11],[98.26,11],[98.26,11.08],[98.18,11.08],[98.18,11]]],[[[98.26,11],[98.34,11],[98.34,11.08],[98.26,11.08],[98.26,11]]],[[[98.34,11],[98.42,11],[98.42,11.08],[98.34,11.08],[98.34,11]]],[[[98.42,11],[98.5,11],[98.5,11.08],[98.42,11.08],[98.42,11]]],[[[98.5,11],[98.58,11],[98.58,11.08],[98.5,11.08],[98.5,11]]],[[[98.58,11],[98.66,11],[98.66,11.08],[98.58,11.08],[98.58,11]]],[[[96.5,11.08],[96.58,11.08],[96.58,11.16],[96.5,11.16],[96.5,11.08]]],[[[96.58,11.08],[96.66,11.08],[96.66,11.16],[96.58,11.16],[96.58,11.08]]],[[[96.66,11.08],[96.74,11.08],[96.74,11.16],[96.66,11.16],[96.66,11.08]]],[[[96.74,11.08],[96.82,11.08],[96.82,11.16],[96.74,11.16],[96.74,11.08]]],[[[96.82,11.08],[96.89999999999999,11.08],[96.89999999999999,11.16],[96.82,11.16],[96.82,11.08]]],[[[96.9,11.08],[96.98,11.08],[96.98,11.16],[96.9,11.16],[96.9,11.08]]],[[[96.98,11.08],[97.06,11.08],[97.06,11.16],[96.98,11.16],[96.98,11.08]]],[[[97.06,11.08],[97.14,11.08],[97.14,11.16],[97.06,11.16],[97.06,11.08]]],[[[97.14,11.08],[97.22,11.08],[97.22,11.16],[97.14,11.16],[97.14,11.08]]],[[[97.22,11.08],[97.3,11.08],[97.3,11.16],[97.22,11.16],[97.22,11.08]]],[[[97.3,11.08],[97.38,11.08],[97.38,11.16],[97.3,11.16],[97.3,11.08]]],[[[97.38,11.08],[97.46,11.08],[97.46,11.16],[97.38,11.16],[97.38,11.08]]],[[[97.46,11.08],[97.53999999999999,11.08],[97.53999999999999,11.16],[97.46,11.16],[97.46,11.08]]],[[[97.54,11.08],[97.62,11.08],[97.62,11.16],[97.54,11.16],[97.54,11.08]]],[[[97.62,11.08],[97.7,11.08],[97.7,11.16],[97.62,11.16],[97.62,11.08]]],[[[97.7,11.08],[97.78,11.08],[97.78,11.16],[97.7,11.16],[97.7,11.08]]],[[[97.78,11.08],[97.86,11.08],[97.86,11.16],[97.78,11.16],[97.78,11.08]]],[[[97.86,11.08],[97.94,11.08],[97.94,11.16],[97.86,11.16],[97.86,11.08]]],[[[97.94,11.08],[98.02,11.08],[98.02,11.16],[97.94,11.16],[97.94,11.08]]],[[[98.02,11.08],[98.1,11.08],[98.1,11.16],[98.02,11.16],[98.02,11.08]]],[[[98.1,11.08],[98.17999999999999,11.08],[98.17999999999999,11.16],[98.1,11.16],[98.1,11.08]]],[[[98.18,11.08],[98.26,11.08],[98.26,11.16],[98.18,11.16],[98.18,11.08]]],[[[98.26,11.08],[98.34,11.08],[98.34,11.16],[98.26,11.16],[98.26,11.08]]],[[[98.34,11.08],[98.42,11.08],[98.42,11.16],[98.34,11.16],[98.34,11.08]]],[[[98.42,11.08],[98.5,11.08],[98.5,11.16],[98.42,11.16],[98.42,11.08]]],[[[98.5,11.08],[98.58,11.08],[98.58,11.16],[98.5,11.16],[98.5,11.08]]],[[[96.5,11.16],[96.58,11.16],[96.58,11.24],[96.5,11.24],[96.5,11.16]]],[[[96.58,11.16],[96.66,11.16],[96.66,11.24],[96.58,11.24],[96.58,11.16]]],[[[96.66,11.16],[96.74,11.16],[96.74,11.24],[96.66,11.24],[96.66,11.16]]],[[[96.74,11.16],[96.82,11.16],[96.82,11.24],[96.74,11.24],[96.74,11.16]]],[[[96.82,11.16],[96.89999999999999,11.16],[96.89999999999999,11.24],[96.82,11.24],[96.82,11.16]]],[[[96.9,11.16],[96.98,11.16],[96.98,11.24],[96.9,11.24],[96.9,11.16]]],[[[96.98,11.16],[97.06,11.16],[97.06,11.24],[96.98,11.24],[96.98,11.16]]],[[[97.06,11.16],[97.14,11.16],[97.14,11.24],[97.06,11.24],[97.06,11.16]]],[[[97.14,11.16],[97.22,11.16],[97.22,11.24],[97.14,11.24],[97.14,11.16]]],[[[97.22,11.16],[97.3,11.16],[97.3,11.24],[97.22,11.24],[97.22,11.16]]],[[[97.3,11.16],[97.38,11.16],[97.38,11.24],[97.3,11.24],[97.3,11.16]]],[[[97.38,11.16],[97.46,11.16],[97.46,11.24],[97.38,11.24],[97.38,11.16]]],[[[97.46,11.16],[97.53999999999999,11.16],[97.53999999999999,11.24],[97.46,11.24],[97.46,11.16]]],[[[97.54,11.16],[97.62,11.16],[97.62,11.24],[97.54,11.24],[97.54,11.16]]],[[[97.62,11.16],[97.7,11.16],[97.7,11.24],[97.62,11.24],[97.62,11.16]]],[[[97.7,11.16],[97.78,11.16],[97.78,11.24],[97.7,11.24],[97.7,11.16]]],[[[97.78,11.16],[97.86,11.16],[97.86,11.24],[97.78,11.24],[97.78,11.16]]],[[[97.86,11.16],[97.94,11.16],[97.94,11.24],[97.86,11.24],[97.86,11.16]]],[[[97.94,11.16],[98.02,11.16],[98.02,11.24],[97.94,11.24],[97.94,11.16]]],[[[98.02,11.16],[98.1,11.16],[98.1,11.24],[98.02,11.24],[98.02,11.16]]],[[[98.1,11.16],[98.17999999999999,11.16],[98.17999999999999,11.24],[98.1,11.24],[98.1,11.16]]],[[[98.18,11.16],[98.26,11.16],[98.26,11.24],[98.18,11.24],[98.18,11.16]]],[[[98.26,11.16],[98.34,11.16],[98.34,11.24],[98.26,11.24],[98.26,11.16]]],[[[98.34,11.16],[98.42,11.16],[98.42,11.24],[98.34,11.24],[98.34,11.16]]],[[[98.42,11.16],[98.5,11.16],[98.5,11.24],[98.42,11.24],[98.42,11.16]]],[[[96.5,11.24],[96.58,11.24],[96.58,11.32],[96.5,11.32],[96.5,11.24]]],[[[96.58,11.24],[96.66,11.24],[96.66,11.32],[96.58,11.32],[96.58,11.24]]],[[[96.66,11.24],[96.74,11.24],[96.74,11.32],[96.66,11.32],[96.66,11.24]]],[[[96.74,11.24],[96.82,11.24],[96.82,11.32],[96.74,11.32],[96.74,11.24]]],[[[96.82,11.24],[96.89999999999999,11.24],[96.89999999999999,11.32],[96.82,11.32],[96.82,11.24]]],[[[96.9,11.24],[96.98,11.24],[96.98,11.32],[96.9,11.32],[96.9,11.24]]],[[[96.98,11.24],[97.06,11.24],[97.06,11.32],[96.98,11.32],[96.98,11.24]]],[[[97.06,11.24],[97.14,11.24],[97.14,11.32],[97.06,11.32],[97.06,11.24]]],[[[97.14,11.24],[97.22,11.24],[97.22,11.32],[97.14,11.32],[97.14,11.24]]],[[[97.22,11.24],[97.3,11.24],[97.3,11.32],[97.22,11.32],[97.22,11.24]]],[[[97.3,11.24],[97.38,11.24],[97.38,11.32],[97.3,11.32],[97.3,11.24]]],[[[97.38,11.24],[97.46,11.24],[97.46,11.32],[97.38,11.32],[97.38,11.24]]],[[[97.46,11.24],[97.53999999999999,11.24],[97.53999999999999,11.32],[97.46,11.32],[97.46,11.24]]],[[[97.54,11.24],[97.62,11.24],[97.62,11.32],[97.54,11.32],[97.54,11.24]]],[[[97.62,11.24],[97.7,11.24],[97.7,11.32],[97.62,11.32],[97.62,11.24]]],[[[97.7,11.24],[97.78,11.24],[97.78,11.32],[97.7,11.32],[97.7,11.24]]],[[[97.78,11.24],[97.86,11.24],[97.86,11.32],[97.78,11.32],[97.78,11.24]]],[[[97.86,11.24],[97.94,11.24],[97.94,11.32],[97.86,11.32],[97.86,11.24]]],[[[97.94,11.24],[98.02,11.24],[98.02,11.32],[97.94,11.32],[97.94,11.24]]],[[[98.02,11.24],[98.1,11.24],[98.1,11.32],[98.02,11.32],[98.02,11.24]]],[[[98.1,11.24],[98.17999999999999,11.24],[98.17999999999999,11.32],[98.1,11.32],[98.1,11.24]]],[[[98.18,11.24],[98.26,11.24],[98.26,11.32],[98.18,11.32],[98.18,11.24]]],[[[98.26,11.24],[98.34,11.24],[98.34,11.32],[98.26,11.32],[98.26,11.24]]],[[[98.34,11.24],[98.42,11.24],[98.42,11.32],[98.34,11.32],[98.34,11.24]]],[[[96.5,11.32],[96.58,11.32],[96.58,11.4],[96.5,11.4],[96.5,11.32]]],[[[96.58,11.32],[96.66,11.32],[96.66,11.4],[96.58,11.4],[96.58,11.32]]],[[[96.66,11.32],[96.74,11.32],[96.74,11.4],[96.66,11.4],[96.66,11.32]]],[[[96.74,11.32],[96.82,11.32],[96.82,11.4],[96.74,11.4],[96.74,11.32]]],[[[96.82,11.32],[96.89999999999999,11.32],[96.89999999999999,11.4],[96.82,11.4],[96.82,11.32]]],[[[96.9,11.32],[96.98,11.32],[96.98,11.4],[96.9,11.4],[96.9,11.32]]],[[[96.98,11.32],[97.06,11.32],[97.06,11.4],[96.98,11.4],[96.98,11.32]]],[[[97.06,11.32],[97.14,11.32],[97.14,11.4],[97.06,11.4],[97.06,11.32]]],[[[97.14,11.32],[97.22,11.32],[97.22,11.4],[97.14,11.4],[97.14,11.32]]],[[[97.22,11.32],[97.3,11.32],[97.3,11.4],[97.22,11.4],[97.22,11.32]]],[[[97.3,11.32],[97.38,11.32],[97.38,11.4],[97.3,11.4],[97.3,11.32]]],[[[97.38,11.32],[97.46,11.32],[97.46,11.4],[97.38,11.4],[97.38,11.32]]],[[[97.46,11.32],[97.53999999999999,11.32],[97.53999999999999,11.4],[97.46,11.4],[97.46,11.32]]],[[[97.54,11.32],[97.62,11.32],[97.62,11.4],[97.54,11.4],[97.54,11.32]]],[[[97.62,11.32],[97.7,11.32],[97.7,11.4],[97.62,11.4],[97.62,11.32]]],[[[97.7,11.32],[97.78,11.32],[97.78,11.4],[97.7,11.4],[97.7,11.32]]],[[[97.78,11.32],[97.86,11.32],[97.86,11.4],[97.78,11.4],[97.78,11.32]]],[[[97.86,11.32],[97.94,11.32],[97.94,11.4],[97.86,11.4],[97.86,11.32]]],[[[97.94,11.32],[98.02,11.32],[98.02,11.4],[97.94,11.4],[97.94,11.32]]],[[[98.02,11.32],[98.1,11.32],[98.1,11.4],[98.02,11.4],[98.02,11.32]]],[[[98.1,11.32],[98.17999999999999,11.32],[98.17999999999999,11.4],[98.1,11.4],[98.1,11.32]]],[[[98.18,11.32],[98.26,11.32],[98.26,11.4],[98.18,11.4],[98.18,11.32]]],[[[98.26,11.32],[98.34,11.32],[98.34,11.4],[98.26,11.4],[98.26,11.32]]],[[[96.5,11.4],[96.58,11.4],[96.58,11.48],[96.5,11.48],[96.5,11.4]]],[[[96.58,11.4],[96.66,11.4],[96.66,11.48],[96.58,11.48],[96.58,11.4]]],[[[96.66,11.4],[96.74,11.4],[96.74,11.48],[96.66,11.48],[96.66,11.4]]],[[[96.74,11.4],[96.82,11.4],[96.82,11.48],[96.74,11.48],[96.74,11.4]]],[[[96.82,11.4],[96.89999999999999,11.4],[96.89999999999999,11.48],[96.82,11.48],[96.82,11.4]]],[[[96.9,11.4],[96.98,11.4],[96.98,11.48],[96.9,11.48],[96.9,11.4]]],[[[96.98,11.4],[97.06,11.4],[97.06,11.48],[96.98,11.48],[96.98,11.4]]],[[[97.06,11.4],[97.14,11.4],[97.14,11.48],[97.06,11.48],[97.06,11.4]]],[[[97.14,11.4],[97.22,11.4],[97.22,11.48],[97.14,11.48],[97.14,11.4]]],[[[97.22,11.4],[97.3,11.4],[97.3,11.48],[97.22,11.48],[97.22,11.4]]],[[[97.3,11.4],[97.38,11.4],[97.38,11.48],[97.3,11.48],[97.3,11.4]]],[[[97.38,11.4],[97.46,11.4],[97.46,11.48],[97.38,11.48],[97.38,11.4]]],[[[97.46,11.4],[97.53999999999999,11.4],[97.53999999999999,11.48],[97.46,11.48],[97.46,11.4]]],[[[97.54,11.4],[97.62,11.4],[97.62,11.48],[97.54,11.48],[97.54,11.4]]],[[[97.62,11.4],[97.7,11.4],[97.7,11.48],[97.62,11.48],[97.62,11.4]]],[[[97.7,11.4],[97.78,11.4],[97.78,11.48],[97.7,11.48],[97.7,11.4]]],[[[97.78,11.4],[97.86,11.4],[97.86,11.48],[97.78,11.48],[97.78,11.4]]],[[[97.86,11.4],[97.94,11.4],[97.94,11.48],[97.86,11.48],[97.86,11.4]]],[[[97.94,11.4],[98.02,11.4],[98.02,11.48],[97.94,11.48],[97.94,11.4]]],[[[98.02,11.4],[98.1,11.4],[98.1,11.48],[98.02,11.48],[98.02,11.4]]],[[[98.1,11.4],[98.17999999999999,11.4],[98.17999999999999,11.48],[98.1,11.48],[98.1,11.4]]],[[[98.18,11.4],[98.26,11.4],[98.26,11.48],[98.18,11.48],[98.18,11.4]]],[[[96.5,11.48],[96.58,11.48],[96.58,11.56],[96.5,11.56],[96.5,11.48]]],[[[96.58,11.48],[96.66,11.48],[96.66,11.56],[96.58,11.56],[96.58,11.48]]],[[[96.66,11.48],[96.74,11.48],[96.74,11.56],[96.66,11.56],[96.66,11.48]]],[[[96.74,11.48],[96.82,11.48],[96.82,11.56],[96.74,11.56],[96.74,11.48]]],[[[96.82,11.48],[96.89999999999999,11.48],[96.89999999999999,11.56],[96.82,11.56],[96.82,11.48]]],[[[96.9,11.48],[96.98,11.48],[96.98,11.56],[96.9,11.56],[96.9,11.48]]],[[[96.98,11.48],[97.06,11.48],[97.06,11.56],[96.98,11.56],[96.98,11.48]]],[[[97.06,11.48],[97.14,11.48],[97.14,11.56],[97.06,11.56],[97.06,11.48]]],[[[97.14,11.48],[97.22,11.48],[97.22,11.56],[97.14,11.56],[97.14,11.48]]],[[[97.22,11.48],[97.3,11.48],[97.3,11.56],[97.22,11.56],[97.22,11.48]]],[[[97.3,11.48],[97.38,11.48],[97.38,11.56],[97.3,11.56],[97.3,11.48]]],[[[97.38,11.48],[97.46,11.48],[97.46,11.56],[97.38,11.56],[97.38,11.48]]],[[[97.46,11.48],[97.53999999999999,11.48],[97.53999999999999,11.56],[97.46,11.56],[97.46,11.48]]],[[[97.54,11.48],[97.62,11.48],[97.62,11.56],[97.54,11.56],[97.54,11.48]]],[[[97.62,11.48],[97.7,11.48],[97.7,11.56],[97.62,11.56],[97.62,11.48]]],[[[97.7,11.48],[97.78,11.48],[97.78,11.56],[97.7,11.56],[97.7,11.48]]],[[[97.78,11.48],[97.86,11.48],[97.86,11.56],[97.78,11.56],[97.78,11.48]]],[[[97.86,11.48],[97.94,11.48],[97.94,11.56],[97.86,11.56],[97.86,11.48]]],[[[97.94,11.48],[98.02,11.48],[98.02,11.56],[97.94,11.56],[97.94,11.48]]],[[[98.02,11.48],[98.1,11.48],[98.1,11.56],[98.02,11.56],[98.02,11.48]]],[[[98.1,11.48],[98.17999999999999,11.48],[98.17999999999999,11.56],[98.1,11.56],[98.1,11.48]]],[[[96.5,11.56],[96.58,11.56],[96.58,11.64],[96.5,11.64],[96.5,11.56]]],[[[96.58,11.56],[96.66,11.56],[96.66,11.64],[96.58,11.64],[96.58,11.56]]],[[[96.66,11.56],[96.74,11.56],[96.74,11.64],[96.66,11.64],[96.66,11.56]]],[[[96.74,11.56],[96.82,11.56],[96.82,11.64],[96.74,11.64],[96.74,11.56]]],[[[96.82,11.56],[96.89999999999999,11.56],[96.89999999999999,11.64],[96.82,11.64],[96.82,11.56]]],[[[96.9,11.56],[96.98,11.56],[96.98,11.64],[96.9,11.64],[96.9,11.56]]],[[[96.98,11.56],[97.06,11.56],[97.06,11.64],[96.98,11.64],[96.98,11.56]]],[[[97.06,11.56],[97.14,11.56],[97.14,11.64],[97.06,11.64],[97.06,11.56]]],[[[97.14,11.56],[97.22,11.56],[97.22,11.64],[97.14,11.64],[97.14,11.56]]],[[[97.22,11.56],[97.3,11.56],[97.3,11.64],[97.22,11.64],[97.22,11.56]]],[[[97.3,11.56],[97.38,11.56],[97.38,11.64],[97.3,11.64],[97.3,11.56]]],[[[97.38,11.56],[97.46,11.56],[97.46,11.64],[97.38,11.64],[97.38,11.56]]],[[[97.46,11.56],[97.53999999999999,11.56],[97.53999999999999,11.64],[97.46,11.64],[97.46,11.56]]],[[[97.54,11.56],[97.62,11.56],[97.62,11.64],[97.54,11.64],[97.54,11.56]]],[[[97.62,11.56],[97.7,11.56],[97.7,11.64],[97.62,11.64],[97.62,11.56]]],[[[97.7,11.56],[97.78,11.56],[97.78,11.64],[97.7,11.64],[97.7,11.56]]],[[[97.78,11.56],[97.86,11.56],[97.86,11.64],[97.78,11.64],[97.78,11.56]]],[[[97.86,11.56],[97.94,11.56],[97.94,11.64],[97.86,11.64],[97.86,11.56]]],[[[97.94,11.56],[98.02,11.56],[98.02,11.64],[97.94,11.64],[97.94,11.56]]],[[[98.02,11.56],[98.1,11.56],[98.1,11.64],[98.02,11.64],[98.02,11.56]]],[[[96.5,11.64],[96.58,11.64],[96.58,11.72],[96.5,11.72],[96.5,11.64]]],[[[96.58,11.64],[96.66,11.64],[96.66,11.72],[96.58,11.72],[96.58,11.64]]],[[[96.66,11.64],[96.74,11.64],[96.74,11.72],[96.66,11.72],[96.66,11.64]]],[[[96.74,11.64],[96.82,11.64],[96.82,11.72],[96.74,11.72],[96.74,11.64]]],[[[96.82,11.64],[96.89999999999999,11.64],[96.89999999999999,11.72],[96.82,11.72],[96.82,11.64]]],[[[96.9,11.64],[96.98,11.64],[96.98,11.72],[96.9,11.72],[96.9,11.64]]],[[[96.98,11.64],[97.06,11.64],[97.06,11.72],[96.98,11.72],[96.98,11.64]]],[[[97.06,11.64],[97.14,11.64],[97.14,11.72],[97.06,11.72],[97.06,11.64]]],[[[97.14,11.64],[97.22,11.64],[97.22,11.72],[97.14,11.72],[97.14,11.64]]],[[[97.22,11.64],[97.3,11.64],[97.3,11.72],[97.22,11.72],[97.22,11.64]]],[[[97.3,11.64],[97.38,11.64],[97.38,11.72],[97.3,11.72],[97.3,11.64]]],[[[97.38,11.64],[97.46,11.64],[97.46,11.72],[97.38,11.72],[97.38,11.64]]],[[[97.46,11.64],[97.53999999999999,11.64],[97.53999999999999,11.72],[97.46,11.72],[97.46,11.64]]],[[[97.54,11.64],[97.62,11.64],[97.62,11.72],[97.54,11.72],[97.54,11.64]]],[[[97.62,11.64],[97.7,11.64],[97.7,11.72],[97.62,11.72],[97.62,11.64]]],[[[97.7,11.64],[97.78,11.64],[97.78,11.72],[97.7,11.72],[97.7,11.64]]],[[[97.78,11.64],[97.86,11.64],[97.86,11.72],[97.78,11.72],[97.78,11.64]]],[[[97.86,11.64],[97.94,11.64],[97.94,11.72],[97.86,11.72],[97.86,11.64]]],[[[96.5,11.719999999999999],[96.58,11.719999999999999],[96.58,11.799999999999999],[96.5,11.799999999999999],[96.5,11.719999999999999]]],[[[96.58,11.719999999999999],[96.66,11.719999999999999],[96.66,11.799999999999999],[96.58,11.799999999999999],[96.58,11.719999999999999]]],[[[96.66,11.719999999999999],[96.74,11.719999999999999],[96.74,11.799999999999999],[96.66,11.799999999999999],[96.66,11.719999999999999]]],[[[96.74,11.719999999999999],[96.82,11.719999999999999],[96.82,11.799999999999999],[96.74,11.799999999999999],[96.74,11.719999999999999]]],[[[96.82,11.719999999999999],[96.89999999999999,11.719999999999999],[96.89999999999999,11.799999999999999],[96.82,11.799999999999999],[96.82,11.719999999999999]]],[[[96.9,11.719999999999999],[96.98,11.719999999999999],[96.98,11.799999999999999],[96.9,11.799999999999999],[96.9,11.719999999999999]]],[[[96.98,11.719999999999999],[97.06,11.719999999999999],[97.06,11.799999999999999],[96.98,11.799999999999999],[96.98,11.719999999999999]]],[[[97.06,11.719999999999999],[97.14,11.719999999999999],[97.14,11.799999999999999],[97.06,11.799999999999999],[97.06,11.719999999999999]]],[[[97.14,11.719999999999999],[97.22,11.719999999999999],[97.22,11.799999999999999],[97.14,11.799999999999999],[97.14,11.719999999999999]]],[[[97.22,11.719999999999999],[97.3,11.719999999999999],[97.3,11.799999999999999],[97.22,11.799999999999999],[97.22,11.719999999999999]]],[[[97.3,11.719999999999999],[97.38,11.719999999999999],[97.38,11.799999999999999],[97.3,11.799999999999999],[97.3,11.719999999999999]]],[[[97.38,11.719999999999999],[97.46,11.719999999999999],[97.46,11.799999999999999],[97.38,11.799999999999999],[97.38,11.719999999999999]]],[[[97.46,11.719999999999999],[97.53999999999999,11.719999999999999],[97.53999999999999,11.799999999999999],[97.46,11.799999999999999],[97.46,11.719999999999999]]],[[[97.54,11.719999999999999],[97.62,11.719999999999999],[97.62,11.799999999999999],[97.54,11.799999999999999],[97.54,11.719999999999999]]],[[[97.62,11.719999999999999],[97.7,11.719999999999999],[97.7,11.799999999999999],[97.62,11.799999999999999],[97.62,11.719999999999999]]],[[[97.7,11.719999999999999],[97.78,11.719999999999999],[97.78,11.799999999999999],[97.7,11.799999999999999],[97.7,11.719999999999999]]],[[[97.78,11.719999999999999],[97.86,11.719999999999999],[97.86,11.799999999999999],[97.78,11.799999999999999],[97.78,11.719999999999999]]],[[[96.5,11.8],[96.58,11.8],[96.58,11.88],[96.5,11.88],[96.5,11.8]]],[[[96.58,11.8],[96.66,11.8],[96.66,11.88],[96.58,11.88],[96.58,11.8]]],[[[96.66,11.8],[96.74,11.8],[96.74,11.88],[96.66,11.88],[96.66,11.8]]],[[[96.74,11.8],[96.82,11.8],[96.82,11.88],[96.74,11.88],[96.74,11.8]]],[[[96.82,11.8],[96.89999999999999,11.8],[96.89999999999999,11.88],[96.82,11.88],[96.82,11.8]]],[[[96.9,11.8],[96.98,11.8],[96.98,11.88],[96.9,11.88],[96.9,11.8]]],[[[96.98,11.8],[97.06,11.8],[97.06,11.88],[96.98,11.88],[96.98,11.8]]],[[[97.06,11.8],[97.14,11.8],[97.14,11.88],[97.06,11.88],[97.06,11.8]]],[[[97.14,11.8],[97.22,11.8],[97.22,11.88],[97.14,11.88],[97.14,11.8]]],[[[97.22,11.8],[97.3,11.8],[97.3,11.88],[97.22,11.88],[97.22,11.8]]],[[[97.3,11.8],[97.38,11.8],[97.38,11.88],[97.3,11.88],[97.3,11.8]]],[[[97.38,11.8],[97.46,11.8],[97.46,11.88],[97.38,11.88],[97.38,11.8]]],[[[97.46,11.8],[97.53999999999999,11.8],[97.53999999999999,11.88],[97.46,11.88],[97.46,11.8]]],[[[97.54,11.8],[97.62,11.8],[97.62,11.88],[97.54,11.88],[97.54,11.8]]],[[[97.62,11.8],[97.7,11.8],[97.7,11.88],[97.62,11.88],[97.62,11.8]]],[[[97.7,11.8],[97.78,11.8],[97.78,11.88],[97.7,11.88],[97.7,11.8]]],[[[96.5,11.879999999999999],[96.58,11.879999999999999],[96.58,11.959999999999999],[96.5,11.959999999999999],[96.5,11.879999999999999]]],[[[96.58,11.879999999999999],[96.66,11.879999999999999],[96.66,11.959999999999999],[96.58,11.959999999999999],[96.58,11.879999999999999]]],[[[96.66,11.879999999999999],[96.74,11.879999999999999],[96.74,11.959999999999999],[96.66,11.959999999999999],[96.66,11.879999999999999]]],[[[96.74,11.879999999999999],[96.82,11.879999999999999],[96.82,11.959999999999999],[96.74,11.959999999999999],[96.74,11.879999999999999]]],[[[96.82,11.879999999999999],[96.89999999999999,11.879999999999999],[96.89999999999999,11.959999999999999],[96.82,11.959999999999999],[96.82,11.879999999999999]]],[[[96.9,11.879999999999999],[96.98,11.879999999999999],[96.98,11.959999999999999],[96.9,11.959999999999999],[96.9,11.879999999999999]]],[[[96.98,11.879999999999999],[97.06,11.879999999999999],[97.06,11.959999999999999],[96.98,11.959999999999999],[96.98,11.879999999999999]]],[[[97.06,11.879999999999999],[97.14,11.879999999999999],[97.14,11.959999999999999],[97.06,11.959999999999999],[97.06,11.879999999999999]]],[[[97.14,11.879999999999999],[97.22,11.879999999999999],[97.22,11.959999999999999],[97.14,11.959999999999999],[97.14,11.879999999999999]]],[[[97.22,11.879999999999999],[97.3,11.879999999999999],[97.3,11.959999999999999],[97.22,11.959999999999999],[97.22,11.879999999999999]]],[[[97.3,11.879999999999999],[97.38,11.879999999999999],[97.38,11.959999999999999],[97.3,11.959999999999999],[97.3,11.879999999999999]]],[[[97.38,11.879999999999999],[97.46,11.879999999999999],[97.46,11.959999999999999],[97.38,11.959999999999999],[97.38,11.879999999999999]]],[[[97.46,11.879999999999999],[97.53999999999999,11.879999999999999],[97.53999999999999,11.959999999999999],[97.46,11.959999999999999],[97.46,11.879999999999999]]],[[[97.54,11.879999999999999],[97.62,11.879999999999999],[97.62,11.959999999999999],[97.54,11.959999999999999],[97.54,11.879999999999999]]],[[[97.62,11.879999999999999],[97.7,11.879999999999999],[97.7,11.959999999999999],[97.62,11.959999999999999],[97.62,11.879999999999999]]],[[[96.5,11.96],[96.58,11.96],[96.58,12.040000000000001],[96.5,12.040000000000001],[96.5,11.96]]],[[[96.58,11.96],[96.66,11.96],[96.66,12.040000000000001],[96.58,12.040000000000001],[96.58,11.96]]],[[[96.66,11.96],[96.74,11.96],[96.74,12.040000000000001],[96.66,12.040000000000001],[96.66,11.96]]],[[[96.74,11.96],[96.82,11.96],[96.82,12.040000000000001],[96.74,12.040000000000001],[96.74,11.96]]],[[[96.82,11.96],[96.89999999999999,11.96],[96.89999999999999,12.040000000000001],[96.82,12.040000000000001],[96.82,11.96]]],[[[96.9,11.96],[96.98,11.96],[96.98,12.040000000000001],[96.9,12.040000000000001],[96.9,11.96]]],[[[96.98,11.96],[97.06,11.96],[97.06,12.040000000000001],[96.98,12.040000000000001],[96.98,11.96]]],[[[97.06,11.96],[97.14,11.96],[97.14,12.040000000000001],[97.06,12.040000000000001],[97.06,11.96]]],[[[97.14,11.96],[97.22,11.96],[97.22,12.040000000000001],[97.14,12.040000000000001],[97.14,11.96]]],[[[97.22,11.96],[97.3,11.96],[97.3,12.040000000000001],[97.22,12.040000000000001],[97.22,11.96]]],[[[97.3,11.96],[97.38,11.96],[97.38,12.040000000000001],[97.3,12.040000000000001],[97.3,11.96]]],[[[97.38,11.96],[97.46,11.96],[97.46,12.040000000000001],[97.38,12.040000000000001],[97.38,11.96]]],[[[97.46,11.96],[97.53999999999999,11.96],[97.53999999999999,12.040000000000001],[97.46,12.040000000000001],[97.46,11.96]]],[[[96.5,12.04],[96.58,12.04],[96.58,12.12],[96.5,12.12],[96.5,12.04]]],[[[96.58,12.04],[96.66,12.04],[96.66,12.12],[96.58,12.12],[96.58,12.04]]],[[[96.66,12.04],[96.74,12.04],[96.74,12.12],[96.66,12.12],[96.66,12.04]]],[[[96.74,12.04],[96.82,12.04],[96.82,12.12],[96.74,12.12],[96.74,12.04]]],[[[96.82,12.04],[96.89999999999999,12.04],[96.89999999999999,12.12],[96.82,12.12],[96.82,12.04]]],[[[96.9,12.04],[96.98,12.04],[96.98,12.12],[96.9,12.12],[96.9,12.04]]],[[[96.98,12.04],[97.06,12.04],[97.06,12.12],[96.98,12.12],[96.98,12.04]]],[[[97.06,12.04],[97.14,12.04],[97.14,12.12],[97.06,12.12],[97.06,12.04]]],[[[97.14,12.04],[97.22,12.04],[97.22,12.12],[97.14,12.12],[97.14,12.04]]],[[[97.22,12.04],[97.3,12.04],[97.3,12.12],[97.22,12.12],[97.22,12.04]]],[[[96.5,12.120000000000001],[96.58,12.120000000000001],[96.58,12.200000000000001],[96.5,12.200000000000001],[96.5,12.120000000000001]]],[[[96.58,12.120000000000001],[96.66,12.120000000000001],[96.66,12.200000000000001],[96.58,12.200000000000001],[96.58,12.120000000000001]]],[[[96.66,12.120000000000001],[96.74,12.120000000000001],[96.74,12.200000000000001],[96.66,12.200000000000001],[96.66,12.120000000000001]]],[[[96.74,12.120000000000001],[96.82,12.120000000000001],[96.82,12.200000000000001],[96.74,12.200000000000001],[96.74,12.120000000000001]]]]}},{"type":"Feature","properties":{"region_id":"TH-21","region_iso":"TH-21","region_shape_id":"36821470B65269516307076","region_name":"Rayong","region_name_local":"Rayong","adm_level":"ADM1","zone_hint":"GOT","geometry_kind":"derived_marine_admin_polygon","derivation":"nearest_coastal_province_on_regular_sea_grid","cell_count":89,"cell_size_deg":0.08},"geometry":{"type":"MultiPolygon","coordinates":[[[[101.22,11.32],[101.3,11.32],[101.3,11.4],[101.22,11.4],[101.22,11.32]]],[[[101.22,11.4],[101.3,11.4],[101.3,11.48],[101.22,11.48],[101.22,11.4]]],[[[101.3,11.4],[101.38,11.4],[101.38,11.48],[101.3,11.48],[101.3,11.4]]],[[[101.22,11.48],[101.3,11.48],[101.3,11.56],[101.22,11.56],[101.22,11.48]]],[[[101.3,11.48],[101.38,11.48],[101.38,11.56],[101.3,11.56],[101.3,11.48]]],[[[101.22,11.56],[101.3,11.56],[101.3,11.64],[101.22,11.64],[101.22,11.56]]],[[[101.3,11.56],[101.38,11.56],[101.38,11.64],[101.3,11.64],[101.3,11.56]]],[[[101.38,11.56],[101.46,11.56],[101.46,11.64],[101.38,11.64],[101.38,11.56]]],[[[101.22,11.64],[101.3,11.64],[101.3,11.72],[101.22,11.72],[101.22,11.64]]],[[[101.3,11.64],[101.38,11.64],[101.38,11.72],[101.3,11.72],[101.3,11.64]]],[[[101.38,11.64],[101.46,11.64],[101.46,11.72],[101.38,11.72],[101.38,11.64]]],[[[101.46,11.64],[101.53999999999999,11.64],[101.53999999999999,11.72],[101.46,11.72],[101.46,11.64]]],[[[101.22,11.719999999999999],[101.3,11.719999999999999],[101.3,11.799999999999999],[101.22,11.799999999999999],[101.22,11.719999999999999]]],[[[101.3,11.719999999999999],[101.38,11.719999999999999],[101.38,11.799999999999999],[101.3,11.799999999999999],[101.3,11.719999999999999]]],[[[101.38,11.719999999999999],[101.46,11.719999999999999],[101.46,11.799999999999999],[101.38,11.799999999999999],[101.38,11.719999999999999]]],[[[101.46,11.719999999999999],[101.53999999999999,11.719999999999999],[101.53999999999999,11.799999999999999],[101.46,11.799999999999999],[101.46,11.719999999999999]]],[[[101.22,11.8],[101.3,11.8],[101.3,11.88],[101.22,11.88],[101.22,11.8]]],[[[101.3,11.8],[101.38,11.8],[101.38,11.88],[101.3,11.88],[101.3,11.8]]],[[[101.38,11.8],[101.46,11.8],[101.46,11.88],[101.38,11.88],[101.38,11.8]]],[[[101.46,11.8],[101.53999999999999,11.8],[101.53999999999999,11.88],[101.46,11.88],[101.46,11.8]]],[[[101.54,11.8],[101.62,11.8],[101.62,11.88],[101.54,11.88],[101.54,11.8]]],[[[101.22,11.879999999999999],[101.3,11.879999999999999],[101.3,11.959999999999999],[101.22,11.959999999999999],[101.22,11.879999999999999]]],[[[101.3,11.879999999999999],[101.38,11.879999999999999],[101.38,11.959999999999999],[101.3,11.959999999999999],[101.3,11.879999999999999]]],[[[101.38,11.879999999999999],[101.46,11.879999999999999],[101.46,11.959999999999999],[101.38,11.959999999999999],[101.38,11.879999999999999]]],[[[101.46,11.879999999999999],[101.53999999999999,11.879999999999999],[101.53999999999999,11.959999999999999],[101.46,11.959999999999999],[101.46,11.879999999999999]]],[[[101.54,11.879999999999999],[101.62,11.879999999999999],[101.62,11.959999999999999],[101.54,11.959999999999999],[101.54,11.879999999999999]]],[[[101.22,11.96],[101.3,11.96],[101.3,12.040000000000001],[101.22,12.040000000000001],[101.22,11.96]]],[[[101.3,11.96],[101.38,11.96],[101.38,12.040000000000001],[101.3,12.040000000000001],[101.3,11.96]]],[[[101.38,11.96],[101.46,11.96],[101.46,12.040000000000001],[101.38,12.040000000000001],[101.38,11.96]]],[[[101.46,11.96],[101.53999999999999,11.96],[101.53999999999999,12.040000000000001],[101.46,12.040000000000001],[101.46,11.96]]],[[[101.54,11.96],[101.62,11.96],[101.62,12.040000000000001],[101.54,12.040000000000001],[101.54,11.96]]],[[[101.62,11.96],[101.7,11.96],[101.7,12.040000000000001],[101.62,12.040000000000001],[101.62,11.96]]],[[[101.22,12.04],[101.3,12.04],[101.3,12.12],[101.22,12.12],[101.22,12.04]]],[[[101.3,12.04],[101.38,12.04],[101.38,12.12],[101.3,12.12],[101.3,12.04]]],[[[101.38,12.04],[101.46,12.04],[101.46,12.12],[101.38,12.12],[101.38,12.04]]],[[[101.46,12.04],[101.53999999999999,12.04],[101.53999999999999,12.12],[101.46,12.12],[101.46,12.04]]],[[[101.54,12.04],[101.62,12.04],[101.62,12.12],[101.54,12.12],[101.54,12.04]]],[[[101.62,12.04],[101.7,12.04],[101.7,12.12],[101.62,12.12],[101.62,12.04]]],[[[101.22,12.120000000000001],[101.3,12.120000000000001],[101.3,12.200000000000001],[101.22,12.200000000000001],[101.22,12.120000000000001]]],[[[101.3,12.120000000000001],[101.38,12.120000000000001],[101.38,12.200000000000001],[101.3,12.200000000000001],[101.3,12.120000000000001]]],[[[101.38,12.120000000000001],[101.46,12.120000000000001],[101.46,12.200000000000001],[101.38,12.200000000000001],[101.38,12.120000000000001]]],[[[101.46,12.120000000000001],[101.53999999999999,12.120000000000001],[101.53999999999999,12.200000000000001],[101.46,12.200000000000001],[101.46,12.120000000000001]]],[[[101.54,12.120000000000001],[101.62,12.120000000000001],[101.62,12.200000000000001],[101.54,12.200000000000001],[101.54,12.120000000000001]]],[[[101.62,12.120000000000001],[101.7,12.120000000000001],[101.7,12.200000000000001],[101.62,12.200000000000001],[101.62,12.120000000000001]]],[[[101.22,12.2],[101.3,12.2],[101.3,12.28],[101.22,12.28],[101.22,12.2]]],[[[101.3,12.2],[101.38,12.2],[101.38,12.28],[101.3,12.28],[101.3,12.2]]],[[[101.38,12.2],[101.46,12.2],[101.46,12.28],[101.38,12.28],[101.38,12.2]]],[[[101.46,12.2],[101.53999999999999,12.2],[101.53999999999999,12.28],[101.46,12.28],[101.46,12.2]]],[[[101.54,12.2],[101.62,12.2],[101.62,12.28],[101.54,12.28],[101.54,12.2]]],[[[101.62,12.2],[101.7,12.2],[101.7,12.28],[101.62,12.28],[101.62,12.2]]],[[[101.7,12.2],[101.78,12.2],[101.78,12.28],[101.7,12.28],[101.7,12.2]]],[[[101.22,12.280000000000001],[101.3,12.280000000000001],[101.3,12.360000000000001],[101.22,12.360000000000001],[101.22,12.280000000000001]]],[[[101.3,12.280000000000001],[101.38,12.280000000000001],[101.38,12.360000000000001],[101.3,12.360000000000001],[101.3,12.280000000000001]]],[[[101.38,12.280000000000001],[101.46,12.280000000000001],[101.46,12.360000000000001],[101.38,12.360000000000001],[101.38,12.280000000000001]]],[[[101.46,12.280000000000001],[101.53999999999999,12.280000000000001],[101.53999999999999,12.360000000000001],[101.46,12.360000000000001],[101.46,12.280000000000001]]],[[[101.54,12.280000000000001],[101.62,12.280000000000001],[101.62,12.360000000000001],[101.54,12.360000000000001],[101.54,12.280000000000001]]],[[[101.62,12.280000000000001],[101.7,12.280000000000001],[101.7,12.360000000000001],[101.62,12.360000000000001],[101.62,12.280000000000001]]],[[[101.7,12.280000000000001],[101.78,12.280000000000001],[101.78,12.360000000000001],[101.7,12.360000000000001],[101.7,12.280000000000001]]],[[[101.22,12.36],[101.3,12.36],[101.3,12.44],[101.22,12.44],[101.22,12.36]]],[[[101.3,12.36],[101.38,12.36],[101.38,12.44],[101.3,12.44],[101.3,12.36]]],[[[101.38,12.36],[101.46,12.36],[101.46,12.44],[101.38,12.44],[101.38,12.36]]],[[[101.46,12.36],[101.53999999999999,12.36],[101.53999999999999,12.44],[101.46,12.44],[101.46,12.36]]],[[[101.54,12.36],[101.62,12.36],[101.62,12.44],[101.54,12.44],[101.54,12.36]]],[[[101.62,12.36],[101.7,12.36],[101.7,12.44],[101.62,12.44],[101.62,12.36]]],[[[101.7,12.36],[101.78,12.36],[101.78,12.44],[101.7,12.44],[101.7,12.36]]],[[[101.14,12.440000000000001],[101.22,12.440000000000001],[101.22,12.520000000000001],[101.14,12.520000000000001],[101.14,12.440000000000001]]],[[[101.22,12.440000000000001],[101.3,12.440000000000001],[101.3,12.520000000000001],[101.22,12.520000000000001],[101.22,12.440000000000001]]],[[[101.3,12.440000000000001],[101.38,12.440000000000001],[101.38,12.520000000000001],[101.3,12.520000000000001],[101.3,12.440000000000001]]],[[[101.38,12.440000000000001],[101.46,12.440000000000001],[101.46,12.520000000000001],[101.38,12.520000000000001],[101.38,12.440000000000001]]],[[[101.46,12.440000000000001],[101.53999999999999,12.440000000000001],[101.53999999999999,12.520000000000001],[101.46,12.520000000000001],[101.46,12.440000000000001]]],[[[101.54,12.440000000000001],[101.62,12.440000000000001],[101.62,12.520000000000001],[101.54,12.520000000000001],[101.54,12.440000000000001]]],[[[101.62,12.440000000000001],[101.7,12.440000000000001],[101.7,12.520000000000001],[101.62,12.520000000000001],[101.62,12.440000000000001]]],[[[101.7,12.440000000000001],[101.78,12.440000000000001],[101.78,12.520000000000001],[101.7,12.520000000000001],[101.7,12.440000000000001]]],[[[101.06,12.52],[101.14,12.52],[101.14,12.6],[101.06,12.6],[101.06,12.52]]],[[[101.14,12.52],[101.22,12.52],[101.22,12.6],[101.14,12.6],[101.14,12.52]]],[[[101.22,12.52],[101.3,12.52],[101.3,12.6],[101.22,12.6],[101.22,12.52]]],[[[101.3,12.52],[101.38,12.52],[101.38,12.6],[101.3,12.6],[101.3,12.52]]],[[[101.38,12.52],[101.46,12.52],[101.46,12.6],[101.38,12.6],[101.38,12.52]]],[[[101.46,12.52],[101.53999999999999,12.52],[101.53999999999999,12.6],[101.46,12.6],[101.46,12.52]]],[[[101.54,12.52],[101.62,12.52],[101.62,12.6],[101.54,12.6],[101.54,12.52]]],[[[101.62,12.52],[101.7,12.52],[101.7,12.6],[101.62,12.6],[101.62,12.52]]],[[[101.7,12.52],[101.78,12.52],[101.78,12.6],[101.7,12.6],[101.7,12.52]]],[[[100.98,12.600000000000001],[101.06,12.600000000000001],[101.06,12.680000000000001],[100.98,12.680000000000001],[100.98,12.600000000000001]]],[[[101.06,12.600000000000001],[101.14,12.600000000000001],[101.14,12.680000000000001],[101.06,12.680000000000001],[101.06,12.600000000000001]]],[[[101.14,12.600000000000001],[101.22,12.600000000000001],[101.22,12.680000000000001],[101.14,12.680000000000001],[101.14,12.600000000000001]]],[[[101.22,12.600000000000001],[101.3,12.600000000000001],[101.3,12.680000000000001],[101.22,12.680000000000001],[101.22,12.600000000000001]]],[[[101.54,12.600000000000001],[101.62,12.600000000000001],[101.62,12.680000000000001],[101.54,12.680000000000001],[101.54,12.600000000000001]]],[[[101.62,12.600000000000001],[101.7,12.600000000000001],[101.7,12.680000000000001],[101.62,12.680000000000001],[101.62,12.600000000000001]]],[[[101.7,12.600000000000001],[101.78,12.600000000000001],[101.78,12.680000000000001],[101.7,12.680000000000001],[101.7,12.600000000000001]]]]}},{"type":"Feature","properties":{"region_id":"TH-11","region_iso":"TH-11","region_shape_id":"36821470B35369831436030","region_name":"Samut Prakan","region_name_local":"Samut Prakan","adm_level":"ADM1","zone_hint":"GOT","geometry_kind":"derived_marine_admin_polygon","derivation":"nearest_coastal_province_on_regular_sea_grid","cell_count":15,"cell_size_deg":0.08},"geometry":{"type":"MultiPolygon","coordinates":[[[[100.5,13.24],[100.58,13.24],[100.58,13.32],[100.5,13.32],[100.5,13.24]]],[[[100.5,13.32],[100.58,13.32],[100.58,13.4],[100.5,13.4],[100.5,13.32]]],[[[100.58,13.32],[100.66,13.32],[100.66,13.4],[100.58,13.4],[100.58,13.32]]],[[[100.66,13.32],[100.74,13.32],[100.74,13.4],[100.66,13.4],[100.66,13.32]]],[[[100.42,13.4],[100.5,13.4],[100.5,13.48],[100.42,13.48],[100.42,13.4]]],[[[100.5,13.4],[100.58,13.4],[100.58,13.48],[100.5,13.48],[100.5,13.4]]],[[[100.58,13.4],[100.66,13.4],[100.66,13.48],[100.58,13.48],[100.58,13.4]]],[[[100.66,13.4],[100.74,13.4],[100.74,13.48],[100.66,13.48],[100.66,13.4]]],[[[100.74,13.4],[100.82,13.4],[100.82,13.48],[100.74,13.48],[100.74,13.4]]],[[[100.82,13.4],[100.89999999999999,13.4],[100.89999999999999,13.48],[100.82,13.48],[100.82,13.4]]],[[[100.58,13.48],[100.66,13.48],[100.66,13.56],[100.58,13.56],[100.58,13.48]]],[[[100.9,13.48],[100.98,13.48],[100.98,13.56],[100.9,13.56],[100.9,13.48]]],[[[100.9,13.56],[100.98,13.56],[100.98,13.64],[100.9,13.64],[100.9,13.56]]],[[[100.9,13.64],[100.98,13.64],[100.98,13.72],[100.9,13.72],[100.9,13.64]]],[[[100.98,13.64],[101.06,13.64],[101.06,13.72],[100.98,13.72],[100.98,13.64]]]]}},{"type":"Feature","properties":{"region_id":"TH-74","region_iso":"TH-74","region_shape_id":"36821470B38183153164097","region_name":"Samut Sakhon","region_name_local":"Samut Sakhon","adm_level":"ADM1","zone_hint":"GOT","geometry_kind":"derived_marine_admin_polygon","derivation":"nearest_coastal_province_on_regular_sea_grid","cell_count":38,"cell_size_deg":0.08},"geometry":{"type":"MultiPolygon","coordinates":[[[[100.34,13.16],[100.42,13.16],[100.42,13.24],[100.34,13.24],[100.34,13.16]]],[[[100.18,13.24],[100.26,13.24],[100.26,13.32],[100.18,13.32],[100.18,13.24]]],[[[100.26,13.24],[100.34,13.24],[100.34,13.32],[100.26,13.32],[100.26,13.24]]],[[[100.34,13.24],[100.42,13.24],[100.42,13.32],[100.34,13.32],[100.34,13.24]]],[[[100.1,13.32],[100.17999999999999,13.32],[100.17999999999999,13.4],[100.1,13.4],[100.1,13.32]]],[[[100.18,13.32],[100.26,13.32],[100.26,13.4],[100.18,13.4],[100.18,13.32]]],[[[100.26,13.32],[100.34,13.32],[100.34,13.4],[100.26,13.4],[100.26,13.32]]],[[[100.34,13.32],[100.42,13.32],[100.42,13.4],[100.34,13.4],[100.34,13.32]]],[[[100.1,13.4],[100.17999999999999,13.4],[100.17999999999999,13.48],[100.1,13.48],[100.1,13.4]]],[[[100.18,13.4],[100.26,13.4],[100.26,13.48],[100.18,13.48],[100.18,13.4]]],[[[100.26,13.4],[100.34,13.4],[100.34,13.48],[100.26,13.48],[100.26,13.4]]],[[[100.34,13.4],[100.42,13.4],[100.42,13.48],[100.34,13.48],[100.34,13.4]]],[[[99.94,13.56],[100.02,13.56],[100.02,13.64],[99.94,13.64],[99.94,13.56]]],[[[99.86,13.64],[99.94,13.64],[99.94,13.72],[99.86,13.72],[99.86,13.64]]],[[[99.94,13.64],[100.02,13.64],[100.02,13.72],[99.94,13.72],[99.94,13.64]]],[[[100.02,13.64],[100.1,13.64],[100.1,13.72],[100.02,13.72],[100.02,13.64]]],[[[99.78,13.72],[99.86,13.72],[99.86,13.8],[99.78,13.8],[99.78,13.72]]],[[[99.86,13.72],[99.94,13.72],[99.94,13.8],[99.86,13.8],[99.86,13.72]]],[[[99.94,13.72],[100.02,13.72],[100.02,13.8],[99.94,13.8],[99.94,13.72]]],[[[100.02,13.72],[100.1,13.72],[100.1,13.8],[100.02,13.8],[100.02,13.72]]],[[[100.1,13.72],[100.17999999999999,13.72],[100.17999999999999,13.8],[100.1,13.8],[100.1,13.72]]],[[[100.18,13.72],[100.26,13.72],[100.26,13.8],[100.18,13.8],[100.18,13.72]]],[[[99.7,13.8],[99.78,13.8],[99.78,13.88],[99.7,13.88],[99.7,13.8]]],[[[99.78,13.8],[99.86,13.8],[99.86,13.88],[99.78,13.88],[99.78,13.8]]],[[[99.86,13.8],[99.94,13.8],[99.94,13.88],[99.86,13.88],[99.86,13.8]]],[[[99.94,13.8],[100.02,13.8],[100.02,13.88],[99.94,13.88],[99.94,13.8]]],[[[100.02,13.8],[100.1,13.8],[100.1,13.88],[100.02,13.88],[100.02,13.8]]],[[[100.1,13.8],[100.17999999999999,13.8],[100.17999999999999,13.88],[100.1,13.88],[100.1,13.8]]],[[[99.7,13.88],[99.78,13.88],[99.78,13.96],[99.7,13.96],[99.7,13.88]]],[[[99.78,13.88],[99.86,13.88],[99.86,13.96],[99.78,13.96],[99.78,13.88]]],[[[99.86,13.88],[99.94,13.88],[99.94,13.96],[99.86,13.96],[99.86,13.88]]],[[[99.94,13.88],[100.02,13.88],[100.02,13.96],[99.94,13.96],[99.94,13.88]]],[[[100.02,13.88],[100.1,13.88],[100.1,13.96],[100.02,13.96],[100.02,13.88]]],[[[99.62,13.96],[99.7,13.96],[99.7,14.040000000000001],[99.62,14.040000000000001],[99.62,13.96]]],[[[99.7,13.96],[99.78,13.96],[99.78,14.040000000000001],[99.7,14.040000000000001],[99.7,13.96]]],[[[99.78,13.96],[99.86,13.96],[99.86,14.040000000000001],[99.78,14.040000000000001],[99.78,13.96]]],[[[99.86,13.96],[99.94,13.96],[99.94,14.040000000000001],[99.86,14.040000000000001],[99.86,13.96]]],[[[99.94,13.96],[100.02,13.96],[100.02,14.040000000000001],[99.94,14.040000000000001],[99.94,13.96]]]]}},{"type":"Feature","properties":{"region_id":"TH-75","region_iso":"TH-75","region_shape_id":"36821470B82153023326894","region_name":"Samut Songkhram","region_name_local":"Samut Songkhram","adm_level":"ADM1","zone_hint":"GOT","geometry_kind":"derived_marine_admin_polygon","derivation":"nearest_coastal_province_on_regular_sea_grid","cell_count":31,"cell_size_deg":0.08},"geometry":{"type":"MultiPolygon","coordinates":[[[[100.02,13.24],[100.1,13.24],[100.1,13.32],[100.02,13.32],[100.02,13.24]]],[[[100.1,13.24],[100.17999999999999,13.24],[100.17999999999999,13.32],[100.1,13.32],[100.1,13.24]]],[[[100.02,13.32],[100.1,13.32],[100.1,13.4],[100.02,13.4],[100.02,13.32]]],[[[99.78,13.4],[99.86,13.4],[99.86,13.48],[99.78,13.48],[99.78,13.4]]],[[[99.7,13.48],[99.78,13.48],[99.78,13.56],[99.7,13.56],[99.7,13.48]]],[[[99.78,13.48],[99.86,13.48],[99.86,13.56],[99.78,13.56],[99.78,13.48]]],[[[99.86,13.48],[99.94,13.48],[99.94,13.56],[99.86,13.56],[99.86,13.48]]],[[[99.94,13.48],[100.02,13.48],[100.02,13.56],[99.94,13.56],[99.94,13.48]]],[[[99.62,13.56],[99.7,13.56],[99.7,13.64],[99.62,13.64],[99.62,13.56]]],[[[99.7,13.56],[99.78,13.56],[99.78,13.64],[99.7,13.64],[99.7,13.56]]],[[[99.78,13.56],[99.86,13.56],[99.86,13.64],[99.78,13.64],[99.78,13.56]]],[[[99.86,13.56],[99.94,13.56],[99.94,13.64],[99.86,13.64],[99.86,13.56]]],[[[99.54,13.64],[99.62,13.64],[99.62,13.72],[99.54,13.72],[99.54,13.64]]],[[[99.62,13.64],[99.7,13.64],[99.7,13.72],[99.62,13.72],[99.62,13.64]]],[[[99.7,13.64],[99.78,13.64],[99.78,13.72],[99.7,13.72],[99.7,13.64]]],[[[99.78,13.64],[99.86,13.64],[99.86,13.72],[99.78,13.72],[99.78,13.64]]],[[[99.46,13.72],[99.53999999999999,13.72],[99.53999999999999,13.8],[99.46,13.8],[99.46,13.72]]],[[[99.54,13.72],[99.62,13.72],[99.62,13.8],[99.54,13.8],[99.54,13.72]]],[[[99.62,13.72],[99.7,13.72],[99.7,13.8],[99.62,13.8],[99.62,13.72]]],[[[99.7,13.72],[99.78,13.72],[99.78,13.8],[99.7,13.8],[99.7,13.72]]],[[[99.46,13.8],[99.53999999999999,13.8],[99.53999999999999,13.88],[99.46,13.88],[99.46,13.8]]],[[[99.54,13.8],[99.62,13.8],[99.62,13.88],[99.54,13.88],[99.54,13.8]]],[[[99.62,13.8],[99.7,13.8],[99.7,13.88],[99.62,13.88],[99.62,13.8]]],[[[99.38,13.88],[99.46,13.88],[99.46,13.96],[99.38,13.96],[99.38,13.88]]],[[[99.46,13.88],[99.53999999999999,13.88],[99.53999999999999,13.96],[99.46,13.96],[99.46,13.88]]],[[[99.54,13.88],[99.62,13.88],[99.62,13.96],[99.54,13.96],[99.54,13.88]]],[[[99.62,13.88],[99.7,13.88],[99.7,13.96],[99.62,13.96],[99.62,13.88]]],[[[99.3,13.96],[99.38,13.96],[99.38,14.040000000000001],[99.3,14.040000000000001],[99.3,13.96]]],[[[99.38,13.96],[99.46,13.96],[99.46,14.040000000000001],[99.38,14.040000000000001],[99.38,13.96]]],[[[99.46,13.96],[99.53999999999999,13.96],[99.53999999999999,14.040000000000001],[99.46,14.040000000000001],[99.46,13.96]]],[[[99.54,13.96],[99.62,13.96],[99.62,14.040000000000001],[99.54,14.040000000000001],[99.54,13.96]]]]}},{"type":"Feature","properties":{"region_id":"TH-91","region_iso":"TH-91","region_shape_id":"36821470B18098062997541","region_name":"Satun","region_name_local":"Satun","adm_level":"ADM1","zone_hint":"ADM","geometry_kind":"derived_marine_admin_polygon","derivation":"nearest_coastal_province_on_regular_sea_grid","cell_count":777,"cell_size_deg":0.08},"geometry":{"type":"MultiPolygon","coordinates":[[[[96.58,5],[96.66,5],[96.66,5.08],[96.58,5.08],[96.58,5]]],[[[96.66,5],[96.74,5],[96.74,5.08],[96.66,5.08],[96.66,5]]],[[[96.74,5],[96.82,5],[96.82,5.08],[96.74,5.08],[96.74,5]]],[[[96.82,5],[96.89999999999999,5],[96.89999999999999,5.08],[96.82,5.08],[96.82,5]]],[[[96.9,5],[96.98,5],[96.98,5.08],[96.9,5.08],[96.9,5]]],[[[96.98,5],[97.06,5],[97.06,5.08],[96.98,5.08],[96.98,5]]],[[[97.06,5],[97.14,5],[97.14,5.08],[97.06,5.08],[97.06,5]]],[[[97.14,5],[97.22,5],[97.22,5.08],[97.14,5.08],[97.14,5]]],[[[97.22,5],[97.3,5],[97.3,5.08],[97.22,5.08],[97.22,5]]],[[[97.3,5],[97.38,5],[97.38,5.08],[97.3,5.08],[97.3,5]]],[[[97.38,5],[97.46,5],[97.46,5.08],[97.38,5.08],[97.38,5]]],[[[97.46,5],[97.53999999999999,5],[97.53999999999999,5.08],[97.46,5.08],[97.46,5]]],[[[97.54,5],[97.62,5],[97.62,5.08],[97.54,5.08],[97.54,5]]],[[[97.62,5],[97.7,5],[97.7,5.08],[97.62,5.08],[97.62,5]]],[[[97.7,5],[97.78,5],[97.78,5.08],[97.7,5.08],[97.7,5]]],[[[97.78,5],[97.86,5],[97.86,5.08],[97.78,5.08],[97.78,5]]],[[[97.86,5],[97.94,5],[97.94,5.08],[97.86,5.08],[97.86,5]]],[[[97.94,5],[98.02,5],[98.02,5.08],[97.94,5.08],[97.94,5]]],[[[98.02,5],[98.1,5],[98.1,5.08],[98.02,5.08],[98.02,5]]],[[[98.1,5],[98.17999999999999,5],[98.17999999999999,5.08],[98.1,5.08],[98.1,5]]],[[[98.18,5],[98.26,5],[98.26,5.08],[98.18,5.08],[98.18,5]]],[[[98.26,5],[98.34,5],[98.34,5.08],[98.26,5.08],[98.26,5]]],[[[98.34,5],[98.42,5],[98.42,5.08],[98.34,5.08],[98.34,5]]],[[[98.42,5],[98.5,5],[98.5,5.08],[98.42,5.08],[98.42,5]]],[[[98.5,5],[98.58,5],[98.58,5.08],[98.5,5.08],[98.5,5]]],[[[98.58,5],[98.66,5],[98.66,5.08],[98.58,5.08],[98.58,5]]],[[[98.66,5],[98.74,5],[98.74,5.08],[98.66,5.08],[98.66,5]]],[[[98.74,5],[98.82,5],[98.82,5.08],[98.74,5.08],[98.74,5]]],[[[98.82,5],[98.89999999999999,5],[98.89999999999999,5.08],[98.82,5.08],[98.82,5]]],[[[98.9,5],[98.98,5],[98.98,5.08],[98.9,5.08],[98.9,5]]],[[[98.98,5],[99.06,5],[99.06,5.08],[98.98,5.08],[98.98,5]]],[[[99.06,5],[99.14,5],[99.14,5.08],[99.06,5.08],[99.06,5]]],[[[99.14,5],[99.22,5],[99.22,5.08],[99.14,5.08],[99.14,5]]],[[[99.22,5],[99.3,5],[99.3,5.08],[99.22,5.08],[99.22,5]]],[[[99.3,5],[99.38,5],[99.38,5.08],[99.3,5.08],[99.3,5]]],[[[99.38,5],[99.46,5],[99.46,5.08],[99.38,5.08],[99.38,5]]],[[[99.46,5],[99.53999999999999,5],[99.53999999999999,5.08],[99.46,5.08],[99.46,5]]],[[[99.54,5],[99.62,5],[99.62,5.08],[99.54,5.08],[99.54,5]]],[[[99.62,5],[99.7,5],[99.7,5.08],[99.62,5.08],[99.62,5]]],[[[99.7,5],[99.78,5],[99.78,5.08],[99.7,5.08],[99.7,5]]],[[[99.78,5],[99.86,5],[99.86,5.08],[99.78,5.08],[99.78,5]]],[[[99.86,5],[99.94,5],[99.94,5.08],[99.86,5.08],[99.86,5]]],[[[99.94,5],[100.02,5],[100.02,5.08],[99.94,5.08],[99.94,5]]],[[[100.02,5],[100.1,5],[100.1,5.08],[100.02,5.08],[100.02,5]]],[[[100.1,5],[100.17999999999999,5],[100.17999999999999,5.08],[100.1,5.08],[100.1,5]]],[[[100.18,5],[100.26,5],[100.26,5.08],[100.18,5.08],[100.18,5]]],[[[96.66,5.08],[96.74,5.08],[96.74,5.16],[96.66,5.16],[96.66,5.08]]],[[[96.74,5.08],[96.82,5.08],[96.82,5.16],[96.74,5.16],[96.74,5.08]]],[[[96.82,5.08],[96.89999999999999,5.08],[96.89999999999999,5.16],[96.82,5.16],[96.82,5.08]]],[[[96.9,5.08],[96.98,5.08],[96.98,5.16],[96.9,5.16],[96.9,5.08]]],[[[96.98,5.08],[97.06,5.08],[97.06,5.16],[96.98,5.16],[96.98,5.08]]],[[[97.06,5.08],[97.14,5.08],[97.14,5.16],[97.06,5.16],[97.06,5.08]]],[[[97.14,5.08],[97.22,5.08],[97.22,5.16],[97.14,5.16],[97.14,5.08]]],[[[97.22,5.08],[97.3,5.08],[97.3,5.16],[97.22,5.16],[97.22,5.08]]],[[[97.3,5.08],[97.38,5.08],[97.38,5.16],[97.3,5.16],[97.3,5.08]]],[[[97.38,5.08],[97.46,5.08],[97.46,5.16],[97.38,5.16],[97.38,5.08]]],[[[97.46,5.08],[97.53999999999999,5.08],[97.53999999999999,5.16],[97.46,5.16],[97.46,5.08]]],[[[97.54,5.08],[97.62,5.08],[97.62,5.16],[97.54,5.16],[97.54,5.08]]],[[[97.62,5.08],[97.7,5.08],[97.7,5.16],[97.62,5.16],[97.62,5.08]]],[[[97.7,5.08],[97.78,5.08],[97.78,5.16],[97.7,5.16],[97.7,5.08]]],[[[97.78,5.08],[97.86,5.08],[97.86,5.16],[97.78,5.16],[97.78,5.08]]],[[[97.86,5.08],[97.94,5.08],[97.94,5.16],[97.86,5.16],[97.86,5.08]]],[[[97.94,5.08],[98.02,5.08],[98.02,5.16],[97.94,5.16],[97.94,5.08]]],[[[98.02,5.08],[98.1,5.08],[98.1,5.16],[98.02,5.16],[98.02,5.08]]],[[[98.1,5.08],[98.17999999999999,5.08],[98.17999999999999,5.16],[98.1,5.16],[98.1,5.08]]],[[[98.18,5.08],[98.26,5.08],[98.26,5.16],[98.18,5.16],[98.18,5.08]]],[[[98.26,5.08],[98.34,5.08],[98.34,5.16],[98.26,5.16],[98.26,5.08]]],[[[98.34,5.08],[98.42,5.08],[98.42,5.16],[98.34,5.16],[98.34,5.08]]],[[[98.42,5.08],[98.5,5.08],[98.5,5.16],[98.42,5.16],[98.42,5.08]]],[[[98.5,5.08],[98.58,5.08],[98.58,5.16],[98.5,5.16],[98.5,5.08]]],[[[98.58,5.08],[98.66,5.08],[98.66,5.16],[98.58,5.16],[98.58,5.08]]],[[[98.66,5.08],[98.74,5.08],[98.74,5.16],[98.66,5.16],[98.66,5.08]]],[[[98.74,5.08],[98.82,5.08],[98.82,5.16],[98.74,5.16],[98.74,5.08]]],[[[98.82,5.08],[98.89999999999999,5.08],[98.89999999999999,5.16],[98.82,5.16],[98.82,5.08]]],[[[98.9,5.08],[98.98,5.08],[98.98,5.16],[98.9,5.16],[98.9,5.08]]],[[[98.98,5.08],[99.06,5.08],[99.06,5.16],[98.98,5.16],[98.98,5.08]]],[[[99.06,5.08],[99.14,5.08],[99.14,5.16],[99.06,5.16],[99.06,5.08]]],[[[99.14,5.08],[99.22,5.08],[99.22,5.16],[99.14,5.16],[99.14,5.08]]],[[[99.22,5.08],[99.3,5.08],[99.3,5.16],[99.22,5.16],[99.22,5.08]]],[[[99.3,5.08],[99.38,5.08],[99.38,5.16],[99.3,5.16],[99.3,5.08]]],[[[99.38,5.08],[99.46,5.08],[99.46,5.16],[99.38,5.16],[99.38,5.08]]],[[[99.46,5.08],[99.53999999999999,5.08],[99.53999999999999,5.16],[99.46,5.16],[99.46,5.08]]],[[[99.54,5.08],[99.62,5.08],[99.62,5.16],[99.54,5.16],[99.54,5.08]]],[[[99.62,5.08],[99.7,5.08],[99.7,5.16],[99.62,5.16],[99.62,5.08]]],[[[99.7,5.08],[99.78,5.08],[99.78,5.16],[99.7,5.16],[99.7,5.08]]],[[[99.78,5.08],[99.86,5.08],[99.86,5.16],[99.78,5.16],[99.78,5.08]]],[[[99.86,5.08],[99.94,5.08],[99.94,5.16],[99.86,5.16],[99.86,5.08]]],[[[99.94,5.08],[100.02,5.08],[100.02,5.16],[99.94,5.16],[99.94,5.08]]],[[[100.02,5.08],[100.1,5.08],[100.1,5.16],[100.02,5.16],[100.02,5.08]]],[[[100.1,5.08],[100.17999999999999,5.08],[100.17999999999999,5.16],[100.1,5.16],[100.1,5.08]]],[[[100.18,5.08],[100.26,5.08],[100.26,5.16],[100.18,5.16],[100.18,5.08]]],[[[96.74,5.16],[96.82,5.16],[96.82,5.24],[96.74,5.24],[96.74,5.16]]],[[[96.82,5.16],[96.89999999999999,5.16],[96.89999999999999,5.24],[96.82,5.24],[96.82,5.16]]],[[[96.9,5.16],[96.98,5.16],[96.98,5.24],[96.9,5.24],[96.9,5.16]]],[[[96.98,5.16],[97.06,5.16],[97.06,5.24],[96.98,5.24],[96.98,5.16]]],[[[97.06,5.16],[97.14,5.16],[97.14,5.24],[97.06,5.24],[97.06,5.16]]],[[[97.14,5.16],[97.22,5.16],[97.22,5.24],[97.14,5.24],[97.14,5.16]]],[[[97.22,5.16],[97.3,5.16],[97.3,5.24],[97.22,5.24],[97.22,5.16]]],[[[97.3,5.16],[97.38,5.16],[97.38,5.24],[97.3,5.24],[97.3,5.16]]],[[[97.38,5.16],[97.46,5.16],[97.46,5.24],[97.38,5.24],[97.38,5.16]]],[[[97.46,5.16],[97.53999999999999,5.16],[97.53999999999999,5.24],[97.46,5.24],[97.46,5.16]]],[[[97.54,5.16],[97.62,5.16],[97.62,5.24],[97.54,5.24],[97.54,5.16]]],[[[97.62,5.16],[97.7,5.16],[97.7,5.24],[97.62,5.24],[97.62,5.16]]],[[[97.7,5.16],[97.78,5.16],[97.78,5.24],[97.7,5.24],[97.7,5.16]]],[[[97.78,5.16],[97.86,5.16],[97.86,5.24],[97.78,5.24],[97.78,5.16]]],[[[97.86,5.16],[97.94,5.16],[97.94,5.24],[97.86,5.24],[97.86,5.16]]],[[[97.94,5.16],[98.02,5.16],[98.02,5.24],[97.94,5.24],[97.94,5.16]]],[[[98.02,5.16],[98.1,5.16],[98.1,5.24],[98.02,5.24],[98.02,5.16]]],[[[98.1,5.16],[98.17999999999999,5.16],[98.17999999999999,5.24],[98.1,5.24],[98.1,5.16]]],[[[98.18,5.16],[98.26,5.16],[98.26,5.24],[98.18,5.24],[98.18,5.16]]],[[[98.26,5.16],[98.34,5.16],[98.34,5.24],[98.26,5.24],[98.26,5.16]]],[[[98.34,5.16],[98.42,5.16],[98.42,5.24],[98.34,5.24],[98.34,5.16]]],[[[98.42,5.16],[98.5,5.16],[98.5,5.24],[98.42,5.24],[98.42,5.16]]],[[[98.5,5.16],[98.58,5.16],[98.58,5.24],[98.5,5.24],[98.5,5.16]]],[[[98.58,5.16],[98.66,5.16],[98.66,5.24],[98.58,5.24],[98.58,5.16]]],[[[98.66,5.16],[98.74,5.16],[98.74,5.24],[98.66,5.24],[98.66,5.16]]],[[[98.74,5.16],[98.82,5.16],[98.82,5.24],[98.74,5.24],[98.74,5.16]]],[[[98.82,5.16],[98.89999999999999,5.16],[98.89999999999999,5.24],[98.82,5.24],[98.82,5.16]]],[[[98.9,5.16],[98.98,5.16],[98.98,5.24],[98.9,5.24],[98.9,5.16]]],[[[98.98,5.16],[99.06,5.16],[99.06,5.24],[98.98,5.24],[98.98,5.16]]],[[[99.06,5.16],[99.14,5.16],[99.14,5.24],[99.06,5.24],[99.06,5.16]]],[[[99.14,5.16],[99.22,5.16],[99.22,5.24],[99.14,5.24],[99.14,5.16]]],[[[99.22,5.16],[99.3,5.16],[99.3,5.24],[99.22,5.24],[99.22,5.16]]],[[[99.3,5.16],[99.38,5.16],[99.38,5.24],[99.3,5.24],[99.3,5.16]]],[[[99.38,5.16],[99.46,5.16],[99.46,5.24],[99.38,5.24],[99.38,5.16]]],[[[99.46,5.16],[99.53999999999999,5.16],[99.53999999999999,5.24],[99.46,5.24],[99.46,5.16]]],[[[99.54,5.16],[99.62,5.16],[99.62,5.24],[99.54,5.24],[99.54,5.16]]],[[[99.62,5.16],[99.7,5.16],[99.7,5.24],[99.62,5.24],[99.62,5.16]]],[[[99.7,5.16],[99.78,5.16],[99.78,5.24],[99.7,5.24],[99.7,5.16]]],[[[99.78,5.16],[99.86,5.16],[99.86,5.24],[99.78,5.24],[99.78,5.16]]],[[[99.86,5.16],[99.94,5.16],[99.94,5.24],[99.86,5.24],[99.86,5.16]]],[[[99.94,5.16],[100.02,5.16],[100.02,5.24],[99.94,5.24],[99.94,5.16]]],[[[100.02,5.16],[100.1,5.16],[100.1,5.24],[100.02,5.24],[100.02,5.16]]],[[[100.1,5.16],[100.17999999999999,5.16],[100.17999999999999,5.24],[100.1,5.24],[100.1,5.16]]],[[[100.18,5.16],[100.26,5.16],[100.26,5.24],[100.18,5.24],[100.18,5.16]]],[[[100.26,5.16],[100.34,5.16],[100.34,5.24],[100.26,5.24],[100.26,5.16]]],[[[96.82,5.24],[96.89999999999999,5.24],[96.89999999999999,5.32],[96.82,5.32],[96.82,5.24]]],[[[96.9,5.24],[96.98,5.24],[96.98,5.32],[96.9,5.32],[96.9,5.24]]],[[[96.98,5.24],[97.06,5.24],[97.06,5.32],[96.98,5.32],[96.98,5.24]]],[[[97.06,5.24],[97.14,5.24],[97.14,5.32],[97.06,5.32],[97.06,5.24]]],[[[97.14,5.24],[97.22,5.24],[97.22,5.32],[97.14,5.32],[97.14,5.24]]],[[[97.22,5.24],[97.3,5.24],[97.3,5.32],[97.22,5.32],[97.22,5.24]]],[[[97.3,5.24],[97.38,5.24],[97.38,5.32],[97.3,5.32],[97.3,5.24]]],[[[97.38,5.24],[97.46,5.24],[97.46,5.32],[97.38,5.32],[97.38,5.24]]],[[[97.46,5.24],[97.53999999999999,5.24],[97.53999999999999,5.32],[97.46,5.32],[97.46,5.24]]],[[[97.54,5.24],[97.62,5.24],[97.62,5.32],[97.54,5.32],[97.54,5.24]]],[[[97.62,5.24],[97.7,5.24],[97.7,5.32],[97.62,5.32],[97.62,5.24]]],[[[97.7,5.24],[97.78,5.24],[97.78,5.32],[97.7,5.32],[97.7,5.24]]],[[[97.78,5.24],[97.86,5.24],[97.86,5.32],[97.78,5.32],[97.78,5.24]]],[[[97.86,5.24],[97.94,5.24],[97.94,5.32],[97.86,5.32],[97.86,5.24]]],[[[97.94,5.24],[98.02,5.24],[98.02,5.32],[97.94,5.32],[97.94,5.24]]],[[[98.02,5.24],[98.1,5.24],[98.1,5.32],[98.02,5.32],[98.02,5.24]]],[[[98.1,5.24],[98.17999999999999,5.24],[98.17999999999999,5.32],[98.1,5.32],[98.1,5.24]]],[[[98.18,5.24],[98.26,5.24],[98.26,5.32],[98.18,5.32],[98.18,5.24]]],[[[98.26,5.24],[98.34,5.24],[98.34,5.32],[98.26,5.32],[98.26,5.24]]],[[[98.34,5.24],[98.42,5.24],[98.42,5.32],[98.34,5.32],[98.34,5.24]]],[[[98.42,5.24],[98.5,5.24],[98.5,5.32],[98.42,5.32],[98.42,5.24]]],[[[98.5,5.24],[98.58,5.24],[98.58,5.32],[98.5,5.32],[98.5,5.24]]],[[[98.58,5.24],[98.66,5.24],[98.66,5.32],[98.58,5.32],[98.58,5.24]]],[[[98.66,5.24],[98.74,5.24],[98.74,5.32],[98.66,5.32],[98.66,5.24]]],[[[98.74,5.24],[98.82,5.24],[98.82,5.32],[98.74,5.32],[98.74,5.24]]],[[[98.82,5.24],[98.89999999999999,5.24],[98.89999999999999,5.32],[98.82,5.32],[98.82,5.24]]],[[[98.9,5.24],[98.98,5.24],[98.98,5.32],[98.9,5.32],[98.9,5.24]]],[[[98.98,5.24],[99.06,5.24],[99.06,5.32],[98.98,5.32],[98.98,5.24]]],[[[99.06,5.24],[99.14,5.24],[99.14,5.32],[99.06,5.32],[99.06,5.24]]],[[[99.14,5.24],[99.22,5.24],[99.22,5.32],[99.14,5.32],[99.14,5.24]]],[[[99.22,5.24],[99.3,5.24],[99.3,5.32],[99.22,5.32],[99.22,5.24]]],[[[99.3,5.24],[99.38,5.24],[99.38,5.32],[99.3,5.32],[99.3,5.24]]],[[[99.38,5.24],[99.46,5.24],[99.46,5.32],[99.38,5.32],[99.38,5.24]]],[[[99.46,5.24],[99.53999999999999,5.24],[99.53999999999999,5.32],[99.46,5.32],[99.46,5.24]]],[[[99.54,5.24],[99.62,5.24],[99.62,5.32],[99.54,5.32],[99.54,5.24]]],[[[99.62,5.24],[99.7,5.24],[99.7,5.32],[99.62,5.32],[99.62,5.24]]],[[[99.7,5.24],[99.78,5.24],[99.78,5.32],[99.7,5.32],[99.7,5.24]]],[[[99.78,5.24],[99.86,5.24],[99.86,5.32],[99.78,5.32],[99.78,5.24]]],[[[99.86,5.24],[99.94,5.24],[99.94,5.32],[99.86,5.32],[99.86,5.24]]],[[[99.94,5.24],[100.02,5.24],[100.02,5.32],[99.94,5.32],[99.94,5.24]]],[[[100.02,5.24],[100.1,5.24],[100.1,5.32],[100.02,5.32],[100.02,5.24]]],[[[100.1,5.24],[100.17999999999999,5.24],[100.17999999999999,5.32],[100.1,5.32],[100.1,5.24]]],[[[100.18,5.24],[100.26,5.24],[100.26,5.32],[100.18,5.32],[100.18,5.24]]],[[[100.26,5.24],[100.34,5.24],[100.34,5.32],[100.26,5.32],[100.26,5.24]]],[[[96.9,5.32],[96.98,5.32],[96.98,5.4],[96.9,5.4],[96.9,5.32]]],[[[96.98,5.32],[97.06,5.32],[97.06,5.4],[96.98,5.4],[96.98,5.32]]],[[[97.06,5.32],[97.14,5.32],[97.14,5.4],[97.06,5.4],[97.06,5.32]]],[[[97.14,5.32],[97.22,5.32],[97.22,5.4],[97.14,5.4],[97.14,5.32]]],[[[97.22,5.32],[97.3,5.32],[97.3,5.4],[97.22,5.4],[97.22,5.32]]],[[[97.3,5.32],[97.38,5.32],[97.38,5.4],[97.3,5.4],[97.3,5.32]]],[[[97.38,5.32],[97.46,5.32],[97.46,5.4],[97.38,5.4],[97.38,5.32]]],[[[97.46,5.32],[97.53999999999999,5.32],[97.53999999999999,5.4],[97.46,5.4],[97.46,5.32]]],[[[97.54,5.32],[97.62,5.32],[97.62,5.4],[97.54,5.4],[97.54,5.32]]],[[[97.62,5.32],[97.7,5.32],[97.7,5.4],[97.62,5.4],[97.62,5.32]]],[[[97.7,5.32],[97.78,5.32],[97.78,5.4],[97.7,5.4],[97.7,5.32]]],[[[97.78,5.32],[97.86,5.32],[97.86,5.4],[97.78,5.4],[97.78,5.32]]],[[[97.86,5.32],[97.94,5.32],[97.94,5.4],[97.86,5.4],[97.86,5.32]]],[[[97.94,5.32],[98.02,5.32],[98.02,5.4],[97.94,5.4],[97.94,5.32]]],[[[98.02,5.32],[98.1,5.32],[98.1,5.4],[98.02,5.4],[98.02,5.32]]],[[[98.1,5.32],[98.17999999999999,5.32],[98.17999999999999,5.4],[98.1,5.4],[98.1,5.32]]],[[[98.18,5.32],[98.26,5.32],[98.26,5.4],[98.18,5.4],[98.18,5.32]]],[[[98.26,5.32],[98.34,5.32],[98.34,5.4],[98.26,5.4],[98.26,5.32]]],[[[98.34,5.32],[98.42,5.32],[98.42,5.4],[98.34,5.4],[98.34,5.32]]],[[[98.42,5.32],[98.5,5.32],[98.5,5.4],[98.42,5.4],[98.42,5.32]]],[[[98.5,5.32],[98.58,5.32],[98.58,5.4],[98.5,5.4],[98.5,5.32]]],[[[98.58,5.32],[98.66,5.32],[98.66,5.4],[98.58,5.4],[98.58,5.32]]],[[[98.66,5.32],[98.74,5.32],[98.74,5.4],[98.66,5.4],[98.66,5.32]]],[[[98.74,5.32],[98.82,5.32],[98.82,5.4],[98.74,5.4],[98.74,5.32]]],[[[98.82,5.32],[98.89999999999999,5.32],[98.89999999999999,5.4],[98.82,5.4],[98.82,5.32]]],[[[98.9,5.32],[98.98,5.32],[98.98,5.4],[98.9,5.4],[98.9,5.32]]],[[[98.98,5.32],[99.06,5.32],[99.06,5.4],[98.98,5.4],[98.98,5.32]]],[[[99.06,5.32],[99.14,5.32],[99.14,5.4],[99.06,5.4],[99.06,5.32]]],[[[99.14,5.32],[99.22,5.32],[99.22,5.4],[99.14,5.4],[99.14,5.32]]],[[[99.22,5.32],[99.3,5.32],[99.3,5.4],[99.22,5.4],[99.22,5.32]]],[[[99.3,5.32],[99.38,5.32],[99.38,5.4],[99.3,5.4],[99.3,5.32]]],[[[99.38,5.32],[99.46,5.32],[99.46,5.4],[99.38,5.4],[99.38,5.32]]],[[[99.46,5.32],[99.53999999999999,5.32],[99.53999999999999,5.4],[99.46,5.4],[99.46,5.32]]],[[[99.54,5.32],[99.62,5.32],[99.62,5.4],[99.54,5.4],[99.54,5.32]]],[[[99.62,5.32],[99.7,5.32],[99.7,5.4],[99.62,5.4],[99.62,5.32]]],[[[99.7,5.32],[99.78,5.32],[99.78,5.4],[99.7,5.4],[99.7,5.32]]],[[[99.78,5.32],[99.86,5.32],[99.86,5.4],[99.78,5.4],[99.78,5.32]]],[[[99.86,5.32],[99.94,5.32],[99.94,5.4],[99.86,5.4],[99.86,5.32]]],[[[99.94,5.32],[100.02,5.32],[100.02,5.4],[99.94,5.4],[99.94,5.32]]],[[[100.02,5.32],[100.1,5.32],[100.1,5.4],[100.02,5.4],[100.02,5.32]]],[[[100.1,5.32],[100.17999999999999,5.32],[100.17999999999999,5.4],[100.1,5.4],[100.1,5.32]]],[[[100.18,5.32],[100.26,5.32],[100.26,5.4],[100.18,5.4],[100.18,5.32]]],[[[100.26,5.32],[100.34,5.32],[100.34,5.4],[100.26,5.4],[100.26,5.32]]],[[[97.06,5.4],[97.14,5.4],[97.14,5.48],[97.06,5.48],[97.06,5.4]]],[[[97.14,5.4],[97.22,5.4],[97.22,5.48],[97.14,5.48],[97.14,5.4]]],[[[97.22,5.4],[97.3,5.4],[97.3,5.48],[97.22,5.48],[97.22,5.4]]],[[[97.3,5.4],[97.38,5.4],[97.38,5.48],[97.3,5.48],[97.3,5.4]]],[[[97.38,5.4],[97.46,5.4],[97.46,5.48],[97.38,5.48],[97.38,5.4]]],[[[97.46,5.4],[97.53999999999999,5.4],[97.53999999999999,5.48],[97.46,5.48],[97.46,5.4]]],[[[97.54,5.4],[97.62,5.4],[97.62,5.48],[97.54,5.48],[97.54,5.4]]],[[[97.62,5.4],[97.7,5.4],[97.7,5.48],[97.62,5.48],[97.62,5.4]]],[[[97.7,5.4],[97.78,5.4],[97.78,5.48],[97.7,5.48],[97.7,5.4]]],[[[97.78,5.4],[97.86,5.4],[97.86,5.48],[97.78,5.48],[97.78,5.4]]],[[[97.86,5.4],[97.94,5.4],[97.94,5.48],[97.86,5.48],[97.86,5.4]]],[[[97.94,5.4],[98.02,5.4],[98.02,5.48],[97.94,5.48],[97.94,5.4]]],[[[98.02,5.4],[98.1,5.4],[98.1,5.48],[98.02,5.48],[98.02,5.4]]],[[[98.1,5.4],[98.17999999999999,5.4],[98.17999999999999,5.48],[98.1,5.48],[98.1,5.4]]],[[[98.18,5.4],[98.26,5.4],[98.26,5.48],[98.18,5.48],[98.18,5.4]]],[[[98.26,5.4],[98.34,5.4],[98.34,5.48],[98.26,5.48],[98.26,5.4]]],[[[98.34,5.4],[98.42,5.4],[98.42,5.48],[98.34,5.48],[98.34,5.4]]],[[[98.42,5.4],[98.5,5.4],[98.5,5.48],[98.42,5.48],[98.42,5.4]]],[[[98.5,5.4],[98.58,5.4],[98.58,5.48],[98.5,5.48],[98.5,5.4]]],[[[98.58,5.4],[98.66,5.4],[98.66,5.48],[98.58,5.48],[98.58,5.4]]],[[[98.66,5.4],[98.74,5.4],[98.74,5.48],[98.66,5.48],[98.66,5.4]]],[[[98.74,5.4],[98.82,5.4],[98.82,5.48],[98.74,5.48],[98.74,5.4]]],[[[98.82,5.4],[98.89999999999999,5.4],[98.89999999999999,5.48],[98.82,5.48],[98.82,5.4]]],[[[98.9,5.4],[98.98,5.4],[98.98,5.48],[98.9,5.48],[98.9,5.4]]],[[[98.98,5.4],[99.06,5.4],[99.06,5.48],[98.98,5.48],[98.98,5.4]]],[[[99.06,5.4],[99.14,5.4],[99.14,5.48],[99.06,5.48],[99.06,5.4]]],[[[99.14,5.4],[99.22,5.4],[99.22,5.48],[99.14,5.48],[99.14,5.4]]],[[[99.22,5.4],[99.3,5.4],[99.3,5.48],[99.22,5.48],[99.22,5.4]]],[[[99.3,5.4],[99.38,5.4],[99.38,5.48],[99.3,5.48],[99.3,5.4]]],[[[99.38,5.4],[99.46,5.4],[99.46,5.48],[99.38,5.48],[99.38,5.4]]],[[[99.46,5.4],[99.53999999999999,5.4],[99.53999999999999,5.48],[99.46,5.48],[99.46,5.4]]],[[[99.54,5.4],[99.62,5.4],[99.62,5.48],[99.54,5.48],[99.54,5.4]]],[[[99.62,5.4],[99.7,5.4],[99.7,5.48],[99.62,5.48],[99.62,5.4]]],[[[99.7,5.4],[99.78,5.4],[99.78,5.48],[99.7,5.48],[99.7,5.4]]],[[[99.78,5.4],[99.86,5.4],[99.86,5.48],[99.78,5.48],[99.78,5.4]]],[[[99.86,5.4],[99.94,5.4],[99.94,5.48],[99.86,5.48],[99.86,5.4]]],[[[99.94,5.4],[100.02,5.4],[100.02,5.48],[99.94,5.48],[99.94,5.4]]],[[[100.02,5.4],[100.1,5.4],[100.1,5.48],[100.02,5.48],[100.02,5.4]]],[[[100.1,5.4],[100.17999999999999,5.4],[100.17999999999999,5.48],[100.1,5.48],[100.1,5.4]]],[[[100.18,5.4],[100.26,5.4],[100.26,5.48],[100.18,5.48],[100.18,5.4]]],[[[100.26,5.4],[100.34,5.4],[100.34,5.48],[100.26,5.48],[100.26,5.4]]],[[[97.14,5.48],[97.22,5.48],[97.22,5.5600000000000005],[97.14,5.5600000000000005],[97.14,5.48]]],[[[97.22,5.48],[97.3,5.48],[97.3,5.5600000000000005],[97.22,5.5600000000000005],[97.22,5.48]]],[[[97.3,5.48],[97.38,5.48],[97.38,5.5600000000000005],[97.3,5.5600000000000005],[97.3,5.48]]],[[[97.38,5.48],[97.46,5.48],[97.46,5.5600000000000005],[97.38,5.5600000000000005],[97.38,5.48]]],[[[97.46,5.48],[97.53999999999999,5.48],[97.53999999999999,5.5600000000000005],[97.46,5.5600000000000005],[97.46,5.48]]],[[[97.54,5.48],[97.62,5.48],[97.62,5.5600000000000005],[97.54,5.5600000000000005],[97.54,5.48]]],[[[97.62,5.48],[97.7,5.48],[97.7,5.5600000000000005],[97.62,5.5600000000000005],[97.62,5.48]]],[[[97.7,5.48],[97.78,5.48],[97.78,5.5600000000000005],[97.7,5.5600000000000005],[97.7,5.48]]],[[[97.78,5.48],[97.86,5.48],[97.86,5.5600000000000005],[97.78,5.5600000000000005],[97.78,5.48]]],[[[97.86,5.48],[97.94,5.48],[97.94,5.5600000000000005],[97.86,5.5600000000000005],[97.86,5.48]]],[[[97.94,5.48],[98.02,5.48],[98.02,5.5600000000000005],[97.94,5.5600000000000005],[97.94,5.48]]],[[[98.02,5.48],[98.1,5.48],[98.1,5.5600000000000005],[98.02,5.5600000000000005],[98.02,5.48]]],[[[98.1,5.48],[98.17999999999999,5.48],[98.17999999999999,5.5600000000000005],[98.1,5.5600000000000005],[98.1,5.48]]],[[[98.18,5.48],[98.26,5.48],[98.26,5.5600000000000005],[98.18,5.5600000000000005],[98.18,5.48]]],[[[98.26,5.48],[98.34,5.48],[98.34,5.5600000000000005],[98.26,5.5600000000000005],[98.26,5.48]]],[[[98.34,5.48],[98.42,5.48],[98.42,5.5600000000000005],[98.34,5.5600000000000005],[98.34,5.48]]],[[[98.42,5.48],[98.5,5.48],[98.5,5.5600000000000005],[98.42,5.5600000000000005],[98.42,5.48]]],[[[98.5,5.48],[98.58,5.48],[98.58,5.5600000000000005],[98.5,5.5600000000000005],[98.5,5.48]]],[[[98.58,5.48],[98.66,5.48],[98.66,5.5600000000000005],[98.58,5.5600000000000005],[98.58,5.48]]],[[[98.66,5.48],[98.74,5.48],[98.74,5.5600000000000005],[98.66,5.5600000000000005],[98.66,5.48]]],[[[98.74,5.48],[98.82,5.48],[98.82,5.5600000000000005],[98.74,5.5600000000000005],[98.74,5.48]]],[[[98.82,5.48],[98.89999999999999,5.48],[98.89999999999999,5.5600000000000005],[98.82,5.5600000000000005],[98.82,5.48]]],[[[98.9,5.48],[98.98,5.48],[98.98,5.5600000000000005],[98.9,5.5600000000000005],[98.9,5.48]]],[[[98.98,5.48],[99.06,5.48],[99.06,5.5600000000000005],[98.98,5.5600000000000005],[98.98,5.48]]],[[[99.06,5.48],[99.14,5.48],[99.14,5.5600000000000005],[99.06,5.5600000000000005],[99.06,5.48]]],[[[99.14,5.48],[99.22,5.48],[99.22,5.5600000000000005],[99.14,5.5600000000000005],[99.14,5.48]]],[[[99.22,5.48],[99.3,5.48],[99.3,5.5600000000000005],[99.22,5.5600000000000005],[99.22,5.48]]],[[[99.3,5.48],[99.38,5.48],[99.38,5.5600000000000005],[99.3,5.5600000000000005],[99.3,5.48]]],[[[99.38,5.48],[99.46,5.48],[99.46,5.5600000000000005],[99.38,5.5600000000000005],[99.38,5.48]]],[[[99.46,5.48],[99.53999999999999,5.48],[99.53999999999999,5.5600000000000005],[99.46,5.5600000000000005],[99.46,5.48]]],[[[99.54,5.48],[99.62,5.48],[99.62,5.5600000000000005],[99.54,5.5600000000000005],[99.54,5.48]]],[[[99.62,5.48],[99.7,5.48],[99.7,5.5600000000000005],[99.62,5.5600000000000005],[99.62,5.48]]],[[[99.7,5.48],[99.78,5.48],[99.78,5.5600000000000005],[99.7,5.5600000000000005],[99.7,5.48]]],[[[99.78,5.48],[99.86,5.48],[99.86,5.5600000000000005],[99.78,5.5600000000000005],[99.78,5.48]]],[[[99.86,5.48],[99.94,5.48],[99.94,5.5600000000000005],[99.86,5.5600000000000005],[99.86,5.48]]],[[[99.94,5.48],[100.02,5.48],[100.02,5.5600000000000005],[99.94,5.5600000000000005],[99.94,5.48]]],[[[100.02,5.48],[100.1,5.48],[100.1,5.5600000000000005],[100.02,5.5600000000000005],[100.02,5.48]]],[[[100.1,5.48],[100.17999999999999,5.48],[100.17999999999999,5.5600000000000005],[100.1,5.5600000000000005],[100.1,5.48]]],[[[100.18,5.48],[100.26,5.48],[100.26,5.5600000000000005],[100.18,5.5600000000000005],[100.18,5.48]]],[[[100.26,5.48],[100.34,5.48],[100.34,5.5600000000000005],[100.26,5.5600000000000005],[100.26,5.48]]],[[[97.22,5.5600000000000005],[97.3,5.5600000000000005],[97.3,5.640000000000001],[97.22,5.640000000000001],[97.22,5.5600000000000005]]],[[[97.3,5.5600000000000005],[97.38,5.5600000000000005],[97.38,5.640000000000001],[97.3,5.640000000000001],[97.3,5.5600000000000005]]],[[[97.38,5.5600000000000005],[97.46,5.5600000000000005],[97.46,5.640000000000001],[97.38,5.640000000000001],[97.38,5.5600000000000005]]],[[[97.46,5.5600000000000005],[97.53999999999999,5.5600000000000005],[97.53999999999999,5.640000000000001],[97.46,5.640000000000001],[97.46,5.5600000000000005]]],[[[97.54,5.5600000000000005],[97.62,5.5600000000000005],[97.62,5.640000000000001],[97.54,5.640000000000001],[97.54,5.5600000000000005]]],[[[97.62,5.5600000000000005],[97.7,5.5600000000000005],[97.7,5.640000000000001],[97.62,5.640000000000001],[97.62,5.5600000000000005]]],[[[97.7,5.5600000000000005],[97.78,5.5600000000000005],[97.78,5.640000000000001],[97.7,5.640000000000001],[97.7,5.5600000000000005]]],[[[97.78,5.5600000000000005],[97.86,5.5600000000000005],[97.86,5.640000000000001],[97.78,5.640000000000001],[97.78,5.5600000000000005]]],[[[97.86,5.5600000000000005],[97.94,5.5600000000000005],[97.94,5.640000000000001],[97.86,5.640000000000001],[97.86,5.5600000000000005]]],[[[97.94,5.5600000000000005],[98.02,5.5600000000000005],[98.02,5.640000000000001],[97.94,5.640000000000001],[97.94,5.5600000000000005]]],[[[98.02,5.5600000000000005],[98.1,5.5600000000000005],[98.1,5.640000000000001],[98.02,5.640000000000001],[98.02,5.5600000000000005]]],[[[98.1,5.5600000000000005],[98.17999999999999,5.5600000000000005],[98.17999999999999,5.640000000000001],[98.1,5.640000000000001],[98.1,5.5600000000000005]]],[[[98.18,5.5600000000000005],[98.26,5.5600000000000005],[98.26,5.640000000000001],[98.18,5.640000000000001],[98.18,5.5600000000000005]]],[[[98.26,5.5600000000000005],[98.34,5.5600000000000005],[98.34,5.640000000000001],[98.26,5.640000000000001],[98.26,5.5600000000000005]]],[[[98.34,5.5600000000000005],[98.42,5.5600000000000005],[98.42,5.640000000000001],[98.34,5.640000000000001],[98.34,5.5600000000000005]]],[[[98.42,5.5600000000000005],[98.5,5.5600000000000005],[98.5,5.640000000000001],[98.42,5.640000000000001],[98.42,5.5600000000000005]]],[[[98.5,5.5600000000000005],[98.58,5.5600000000000005],[98.58,5.640000000000001],[98.5,5.640000000000001],[98.5,5.5600000000000005]]],[[[98.58,5.5600000000000005],[98.66,5.5600000000000005],[98.66,5.640000000000001],[98.58,5.640000000000001],[98.58,5.5600000000000005]]],[[[98.66,5.5600000000000005],[98.74,5.5600000000000005],[98.74,5.640000000000001],[98.66,5.640000000000001],[98.66,5.5600000000000005]]],[[[98.74,5.5600000000000005],[98.82,5.5600000000000005],[98.82,5.640000000000001],[98.74,5.640000000000001],[98.74,5.5600000000000005]]],[[[98.82,5.5600000000000005],[98.89999999999999,5.5600000000000005],[98.89999999999999,5.640000000000001],[98.82,5.640000000000001],[98.82,5.5600000000000005]]],[[[98.9,5.5600000000000005],[98.98,5.5600000000000005],[98.98,5.640000000000001],[98.9,5.640000000000001],[98.9,5.5600000000000005]]],[[[98.98,5.5600000000000005],[99.06,5.5600000000000005],[99.06,5.640000000000001],[98.98,5.640000000000001],[98.98,5.5600000000000005]]],[[[99.06,5.5600000000000005],[99.14,5.5600000000000005],[99.14,5.640000000000001],[99.06,5.640000000000001],[99.06,5.5600000000000005]]],[[[99.14,5.5600000000000005],[99.22,5.5600000000000005],[99.22,5.640000000000001],[99.14,5.640000000000001],[99.14,5.5600000000000005]]],[[[99.22,5.5600000000000005],[99.3,5.5600000000000005],[99.3,5.640000000000001],[99.22,5.640000000000001],[99.22,5.5600000000000005]]],[[[99.3,5.5600000000000005],[99.38,5.5600000000000005],[99.38,5.640000000000001],[99.3,5.640000000000001],[99.3,5.5600000000000005]]],[[[99.38,5.5600000000000005],[99.46,5.5600000000000005],[99.46,5.640000000000001],[99.38,5.640000000000001],[99.38,5.5600000000000005]]],[[[99.46,5.5600000000000005],[99.53999999999999,5.5600000000000005],[99.53999999999999,5.640000000000001],[99.46,5.640000000000001],[99.46,5.5600000000000005]]],[[[99.54,5.5600000000000005],[99.62,5.5600000000000005],[99.62,5.640000000000001],[99.54,5.640000000000001],[99.54,5.5600000000000005]]],[[[99.62,5.5600000000000005],[99.7,5.5600000000000005],[99.7,5.640000000000001],[99.62,5.640000000000001],[99.62,5.5600000000000005]]],[[[99.7,5.5600000000000005],[99.78,5.5600000000000005],[99.78,5.640000000000001],[99.7,5.640000000000001],[99.7,5.5600000000000005]]],[[[99.78,5.5600000000000005],[99.86,5.5600000000000005],[99.86,5.640000000000001],[99.78,5.640000000000001],[99.78,5.5600000000000005]]],[[[99.86,5.5600000000000005],[99.94,5.5600000000000005],[99.94,5.640000000000001],[99.86,5.640000000000001],[99.86,5.5600000000000005]]],[[[99.94,5.5600000000000005],[100.02,5.5600000000000005],[100.02,5.640000000000001],[99.94,5.640000000000001],[99.94,5.5600000000000005]]],[[[100.02,5.5600000000000005],[100.1,5.5600000000000005],[100.1,5.640000000000001],[100.02,5.640000000000001],[100.02,5.5600000000000005]]],[[[100.1,5.5600000000000005],[100.17999999999999,5.5600000000000005],[100.17999999999999,5.640000000000001],[100.1,5.640000000000001],[100.1,5.5600000000000005]]],[[[100.18,5.5600000000000005],[100.26,5.5600000000000005],[100.26,5.640000000000001],[100.18,5.640000000000001],[100.18,5.5600000000000005]]],[[[100.26,5.5600000000000005],[100.34,5.5600000000000005],[100.34,5.640000000000001],[100.26,5.640000000000001],[100.26,5.5600000000000005]]],[[[97.3,5.64],[97.38,5.64],[97.38,5.72],[97.3,5.72],[97.3,5.64]]],[[[97.38,5.64],[97.46,5.64],[97.46,5.72],[97.38,5.72],[97.38,5.64]]],[[[97.46,5.64],[97.53999999999999,5.64],[97.53999999999999,5.72],[97.46,5.72],[97.46,5.64]]],[[[97.54,5.64],[97.62,5.64],[97.62,5.72],[97.54,5.72],[97.54,5.64]]],[[[97.62,5.64],[97.7,5.64],[97.7,5.72],[97.62,5.72],[97.62,5.64]]],[[[97.7,5.64],[97.78,5.64],[97.78,5.72],[97.7,5.72],[97.7,5.64]]],[[[97.78,5.64],[97.86,5.64],[97.86,5.72],[97.78,5.72],[97.78,5.64]]],[[[97.86,5.64],[97.94,5.64],[97.94,5.72],[97.86,5.72],[97.86,5.64]]],[[[97.94,5.64],[98.02,5.64],[98.02,5.72],[97.94,5.72],[97.94,5.64]]],[[[98.02,5.64],[98.1,5.64],[98.1,5.72],[98.02,5.72],[98.02,5.64]]],[[[98.1,5.64],[98.17999999999999,5.64],[98.17999999999999,5.72],[98.1,5.72],[98.1,5.64]]],[[[98.18,5.64],[98.26,5.64],[98.26,5.72],[98.18,5.72],[98.18,5.64]]],[[[98.26,5.64],[98.34,5.64],[98.34,5.72],[98.26,5.72],[98.26,5.64]]],[[[98.34,5.64],[98.42,5.64],[98.42,5.72],[98.34,5.72],[98.34,5.64]]],[[[98.42,5.64],[98.5,5.64],[98.5,5.72],[98.42,5.72],[98.42,5.64]]],[[[98.5,5.64],[98.58,5.64],[98.58,5.72],[98.5,5.72],[98.5,5.64]]],[[[98.58,5.64],[98.66,5.64],[98.66,5.72],[98.58,5.72],[98.58,5.64]]],[[[98.66,5.64],[98.74,5.64],[98.74,5.72],[98.66,5.72],[98.66,5.64]]],[[[98.74,5.64],[98.82,5.64],[98.82,5.72],[98.74,5.72],[98.74,5.64]]],[[[98.82,5.64],[98.89999999999999,5.64],[98.89999999999999,5.72],[98.82,5.72],[98.82,5.64]]],[[[98.9,5.64],[98.98,5.64],[98.98,5.72],[98.9,5.72],[98.9,5.64]]],[[[98.98,5.64],[99.06,5.64],[99.06,5.72],[98.98,5.72],[98.98,5.64]]],[[[99.06,5.64],[99.14,5.64],[99.14,5.72],[99.06,5.72],[99.06,5.64]]],[[[99.14,5.64],[99.22,5.64],[99.22,5.72],[99.14,5.72],[99.14,5.64]]],[[[99.22,5.64],[99.3,5.64],[99.3,5.72],[99.22,5.72],[99.22,5.64]]],[[[99.3,5.64],[99.38,5.64],[99.38,5.72],[99.3,5.72],[99.3,5.64]]],[[[99.38,5.64],[99.46,5.64],[99.46,5.72],[99.38,5.72],[99.38,5.64]]],[[[99.46,5.64],[99.53999999999999,5.64],[99.53999999999999,5.72],[99.46,5.72],[99.46,5.64]]],[[[99.54,5.64],[99.62,5.64],[99.62,5.72],[99.54,5.72],[99.54,5.64]]],[[[99.62,5.64],[99.7,5.64],[99.7,5.72],[99.62,5.72],[99.62,5.64]]],[[[99.7,5.64],[99.78,5.64],[99.78,5.72],[99.7,5.72],[99.7,5.64]]],[[[99.78,5.64],[99.86,5.64],[99.86,5.72],[99.78,5.72],[99.78,5.64]]],[[[99.86,5.64],[99.94,5.64],[99.94,5.72],[99.86,5.72],[99.86,5.64]]],[[[99.94,5.64],[100.02,5.64],[100.02,5.72],[99.94,5.72],[99.94,5.64]]],[[[100.02,5.64],[100.1,5.64],[100.1,5.72],[100.02,5.72],[100.02,5.64]]],[[[100.1,5.64],[100.17999999999999,5.64],[100.17999999999999,5.72],[100.1,5.72],[100.1,5.64]]],[[[100.18,5.64],[100.26,5.64],[100.26,5.72],[100.18,5.72],[100.18,5.64]]],[[[100.26,5.64],[100.34,5.64],[100.34,5.72],[100.26,5.72],[100.26,5.64]]],[[[97.38,5.72],[97.46,5.72],[97.46,5.8],[97.38,5.8],[97.38,5.72]]],[[[97.46,5.72],[97.53999999999999,5.72],[97.53999999999999,5.8],[97.46,5.8],[97.46,5.72]]],[[[97.54,5.72],[97.62,5.72],[97.62,5.8],[97.54,5.8],[97.54,5.72]]],[[[97.62,5.72],[97.7,5.72],[97.7,5.8],[97.62,5.8],[97.62,5.72]]],[[[97.7,5.72],[97.78,5.72],[97.78,5.8],[97.7,5.8],[97.7,5.72]]],[[[97.78,5.72],[97.86,5.72],[97.86,5.8],[97.78,5.8],[97.78,5.72]]],[[[97.86,5.72],[97.94,5.72],[97.94,5.8],[97.86,5.8],[97.86,5.72]]],[[[97.94,5.72],[98.02,5.72],[98.02,5.8],[97.94,5.8],[97.94,5.72]]],[[[98.02,5.72],[98.1,5.72],[98.1,5.8],[98.02,5.8],[98.02,5.72]]],[[[98.1,5.72],[98.17999999999999,5.72],[98.17999999999999,5.8],[98.1,5.8],[98.1,5.72]]],[[[98.18,5.72],[98.26,5.72],[98.26,5.8],[98.18,5.8],[98.18,5.72]]],[[[98.26,5.72],[98.34,5.72],[98.34,5.8],[98.26,5.8],[98.26,5.72]]],[[[98.34,5.72],[98.42,5.72],[98.42,5.8],[98.34,5.8],[98.34,5.72]]],[[[98.42,5.72],[98.5,5.72],[98.5,5.8],[98.42,5.8],[98.42,5.72]]],[[[98.5,5.72],[98.58,5.72],[98.58,5.8],[98.5,5.8],[98.5,5.72]]],[[[98.58,5.72],[98.66,5.72],[98.66,5.8],[98.58,5.8],[98.58,5.72]]],[[[98.66,5.72],[98.74,5.72],[98.74,5.8],[98.66,5.8],[98.66,5.72]]],[[[98.74,5.72],[98.82,5.72],[98.82,5.8],[98.74,5.8],[98.74,5.72]]],[[[98.82,5.72],[98.89999999999999,5.72],[98.89999999999999,5.8],[98.82,5.8],[98.82,5.72]]],[[[98.9,5.72],[98.98,5.72],[98.98,5.8],[98.9,5.8],[98.9,5.72]]],[[[98.98,5.72],[99.06,5.72],[99.06,5.8],[98.98,5.8],[98.98,5.72]]],[[[99.06,5.72],[99.14,5.72],[99.14,5.8],[99.06,5.8],[99.06,5.72]]],[[[99.14,5.72],[99.22,5.72],[99.22,5.8],[99.14,5.8],[99.14,5.72]]],[[[99.22,5.72],[99.3,5.72],[99.3,5.8],[99.22,5.8],[99.22,5.72]]],[[[99.3,5.72],[99.38,5.72],[99.38,5.8],[99.3,5.8],[99.3,5.72]]],[[[99.38,5.72],[99.46,5.72],[99.46,5.8],[99.38,5.8],[99.38,5.72]]],[[[99.46,5.72],[99.53999999999999,5.72],[99.53999999999999,5.8],[99.46,5.8],[99.46,5.72]]],[[[99.54,5.72],[99.62,5.72],[99.62,5.8],[99.54,5.8],[99.54,5.72]]],[[[99.62,5.72],[99.7,5.72],[99.7,5.8],[99.62,5.8],[99.62,5.72]]],[[[99.7,5.72],[99.78,5.72],[99.78,5.8],[99.7,5.8],[99.7,5.72]]],[[[99.78,5.72],[99.86,5.72],[99.86,5.8],[99.78,5.8],[99.78,5.72]]],[[[99.86,5.72],[99.94,5.72],[99.94,5.8],[99.86,5.8],[99.86,5.72]]],[[[99.94,5.72],[100.02,5.72],[100.02,5.8],[99.94,5.8],[99.94,5.72]]],[[[100.02,5.72],[100.1,5.72],[100.1,5.8],[100.02,5.8],[100.02,5.72]]],[[[100.1,5.72],[100.17999999999999,5.72],[100.17999999999999,5.8],[100.1,5.8],[100.1,5.72]]],[[[100.18,5.72],[100.26,5.72],[100.26,5.8],[100.18,5.8],[100.18,5.72]]],[[[100.26,5.72],[100.34,5.72],[100.34,5.8],[100.26,5.8],[100.26,5.72]]],[[[100.34,5.72],[100.42,5.72],[100.42,5.8],[100.34,5.8],[100.34,5.72]]],[[[97.46,5.8],[97.53999999999999,5.8],[97.53999999999999,5.88],[97.46,5.88],[97.46,5.8]]],[[[97.54,5.8],[97.62,5.8],[97.62,5.88],[97.54,5.88],[97.54,5.8]]],[[[97.62,5.8],[97.7,5.8],[97.7,5.88],[97.62,5.88],[97.62,5.8]]],[[[97.7,5.8],[97.78,5.8],[97.78,5.88],[97.7,5.88],[97.7,5.8]]],[[[97.78,5.8],[97.86,5.8],[97.86,5.88],[97.78,5.88],[97.78,5.8]]],[[[97.86,5.8],[97.94,5.8],[97.94,5.88],[97.86,5.88],[97.86,5.8]]],[[[97.94,5.8],[98.02,5.8],[98.02,5.88],[97.94,5.88],[97.94,5.8]]],[[[98.02,5.8],[98.1,5.8],[98.1,5.88],[98.02,5.88],[98.02,5.8]]],[[[98.1,5.8],[98.17999999999999,5.8],[98.17999999999999,5.88],[98.1,5.88],[98.1,5.8]]],[[[98.18,5.8],[98.26,5.8],[98.26,5.88],[98.18,5.88],[98.18,5.8]]],[[[98.26,5.8],[98.34,5.8],[98.34,5.88],[98.26,5.88],[98.26,5.8]]],[[[98.34,5.8],[98.42,5.8],[98.42,5.88],[98.34,5.88],[98.34,5.8]]],[[[98.42,5.8],[98.5,5.8],[98.5,5.88],[98.42,5.88],[98.42,5.8]]],[[[98.5,5.8],[98.58,5.8],[98.58,5.88],[98.5,5.88],[98.5,5.8]]],[[[98.58,5.8],[98.66,5.8],[98.66,5.88],[98.58,5.88],[98.58,5.8]]],[[[98.66,5.8],[98.74,5.8],[98.74,5.88],[98.66,5.88],[98.66,5.8]]],[[[98.74,5.8],[98.82,5.8],[98.82,5.88],[98.74,5.88],[98.74,5.8]]],[[[98.82,5.8],[98.89999999999999,5.8],[98.89999999999999,5.88],[98.82,5.88],[98.82,5.8]]],[[[98.9,5.8],[98.98,5.8],[98.98,5.88],[98.9,5.88],[98.9,5.8]]],[[[98.98,5.8],[99.06,5.8],[99.06,5.88],[98.98,5.88],[98.98,5.8]]],[[[99.06,5.8],[99.14,5.8],[99.14,5.88],[99.06,5.88],[99.06,5.8]]],[[[99.14,5.8],[99.22,5.8],[99.22,5.88],[99.14,5.88],[99.14,5.8]]],[[[99.22,5.8],[99.3,5.8],[99.3,5.88],[99.22,5.88],[99.22,5.8]]],[[[99.3,5.8],[99.38,5.8],[99.38,5.88],[99.3,5.88],[99.3,5.8]]],[[[99.38,5.8],[99.46,5.8],[99.46,5.88],[99.38,5.88],[99.38,5.8]]],[[[99.46,5.8],[99.53999999999999,5.8],[99.53999999999999,5.88],[99.46,5.88],[99.46,5.8]]],[[[99.54,5.8],[99.62,5.8],[99.62,5.88],[99.54,5.88],[99.54,5.8]]],[[[99.62,5.8],[99.7,5.8],[99.7,5.88],[99.62,5.88],[99.62,5.8]]],[[[99.7,5.8],[99.78,5.8],[99.78,5.88],[99.7,5.88],[99.7,5.8]]],[[[99.78,5.8],[99.86,5.8],[99.86,5.88],[99.78,5.88],[99.78,5.8]]],[[[99.86,5.8],[99.94,5.8],[99.94,5.88],[99.86,5.88],[99.86,5.8]]],[[[99.94,5.8],[100.02,5.8],[100.02,5.88],[99.94,5.88],[99.94,5.8]]],[[[100.02,5.8],[100.1,5.8],[100.1,5.88],[100.02,5.88],[100.02,5.8]]],[[[100.1,5.8],[100.17999999999999,5.8],[100.17999999999999,5.88],[100.1,5.88],[100.1,5.8]]],[[[100.18,5.8],[100.26,5.8],[100.26,5.88],[100.18,5.88],[100.18,5.8]]],[[[100.26,5.8],[100.34,5.8],[100.34,5.88],[100.26,5.88],[100.26,5.8]]],[[[100.34,5.8],[100.42,5.8],[100.42,5.88],[100.34,5.88],[100.34,5.8]]],[[[97.54,5.88],[97.62,5.88],[97.62,5.96],[97.54,5.96],[97.54,5.88]]],[[[97.62,5.88],[97.7,5.88],[97.7,5.96],[97.62,5.96],[97.62,5.88]]],[[[97.7,5.88],[97.78,5.88],[97.78,5.96],[97.7,5.96],[97.7,5.88]]],[[[97.78,5.88],[97.86,5.88],[97.86,5.96],[97.78,5.96],[97.78,5.88]]],[[[97.86,5.88],[97.94,5.88],[97.94,5.96],[97.86,5.96],[97.86,5.88]]],[[[97.94,5.88],[98.02,5.88],[98.02,5.96],[97.94,5.96],[97.94,5.88]]],[[[98.02,5.88],[98.1,5.88],[98.1,5.96],[98.02,5.96],[98.02,5.88]]],[[[98.1,5.88],[98.17999999999999,5.88],[98.17999999999999,5.96],[98.1,5.96],[98.1,5.88]]],[[[98.18,5.88],[98.26,5.88],[98.26,5.96],[98.18,5.96],[98.18,5.88]]],[[[98.26,5.88],[98.34,5.88],[98.34,5.96],[98.26,5.96],[98.26,5.88]]],[[[98.34,5.88],[98.42,5.88],[98.42,5.96],[98.34,5.96],[98.34,5.88]]],[[[98.42,5.88],[98.5,5.88],[98.5,5.96],[98.42,5.96],[98.42,5.88]]],[[[98.5,5.88],[98.58,5.88],[98.58,5.96],[98.5,5.96],[98.5,5.88]]],[[[98.58,5.88],[98.66,5.88],[98.66,5.96],[98.58,5.96],[98.58,5.88]]],[[[98.66,5.88],[98.74,5.88],[98.74,5.96],[98.66,5.96],[98.66,5.88]]],[[[98.74,5.88],[98.82,5.88],[98.82,5.96],[98.74,5.96],[98.74,5.88]]],[[[98.82,5.88],[98.89999999999999,5.88],[98.89999999999999,5.96],[98.82,5.96],[98.82,5.88]]],[[[98.9,5.88],[98.98,5.88],[98.98,5.96],[98.9,5.96],[98.9,5.88]]],[[[98.98,5.88],[99.06,5.88],[99.06,5.96],[98.98,5.96],[98.98,5.88]]],[[[99.06,5.88],[99.14,5.88],[99.14,5.96],[99.06,5.96],[99.06,5.88]]],[[[99.14,5.88],[99.22,5.88],[99.22,5.96],[99.14,5.96],[99.14,5.88]]],[[[99.22,5.88],[99.3,5.88],[99.3,5.96],[99.22,5.96],[99.22,5.88]]],[[[99.3,5.88],[99.38,5.88],[99.38,5.96],[99.3,5.96],[99.3,5.88]]],[[[99.38,5.88],[99.46,5.88],[99.46,5.96],[99.38,5.96],[99.38,5.88]]],[[[99.46,5.88],[99.53999999999999,5.88],[99.53999999999999,5.96],[99.46,5.96],[99.46,5.88]]],[[[99.54,5.88],[99.62,5.88],[99.62,5.96],[99.54,5.96],[99.54,5.88]]],[[[99.62,5.88],[99.7,5.88],[99.7,5.96],[99.62,5.96],[99.62,5.88]]],[[[99.7,5.88],[99.78,5.88],[99.78,5.96],[99.7,5.96],[99.7,5.88]]],[[[99.78,5.88],[99.86,5.88],[99.86,5.96],[99.78,5.96],[99.78,5.88]]],[[[99.86,5.88],[99.94,5.88],[99.94,5.96],[99.86,5.96],[99.86,5.88]]],[[[99.94,5.88],[100.02,5.88],[100.02,5.96],[99.94,5.96],[99.94,5.88]]],[[[100.02,5.88],[100.1,5.88],[100.1,5.96],[100.02,5.96],[100.02,5.88]]],[[[100.1,5.88],[100.17999999999999,5.88],[100.17999999999999,5.96],[100.1,5.96],[100.1,5.88]]],[[[100.18,5.88],[100.26,5.88],[100.26,5.96],[100.18,5.96],[100.18,5.88]]],[[[100.26,5.88],[100.34,5.88],[100.34,5.96],[100.26,5.96],[100.26,5.88]]],[[[100.34,5.88],[100.42,5.88],[100.42,5.96],[100.34,5.96],[100.34,5.88]]],[[[97.62,5.96],[97.7,5.96],[97.7,6.04],[97.62,6.04],[97.62,5.96]]],[[[97.7,5.96],[97.78,5.96],[97.78,6.04],[97.7,6.04],[97.7,5.96]]],[[[97.78,5.96],[97.86,5.96],[97.86,6.04],[97.78,6.04],[97.78,5.96]]],[[[97.86,5.96],[97.94,5.96],[97.94,6.04],[97.86,6.04],[97.86,5.96]]],[[[97.94,5.96],[98.02,5.96],[98.02,6.04],[97.94,6.04],[97.94,5.96]]],[[[98.02,5.96],[98.1,5.96],[98.1,6.04],[98.02,6.04],[98.02,5.96]]],[[[98.1,5.96],[98.17999999999999,5.96],[98.17999999999999,6.04],[98.1,6.04],[98.1,5.96]]],[[[98.18,5.96],[98.26,5.96],[98.26,6.04],[98.18,6.04],[98.18,5.96]]],[[[98.26,5.96],[98.34,5.96],[98.34,6.04],[98.26,6.04],[98.26,5.96]]],[[[98.34,5.96],[98.42,5.96],[98.42,6.04],[98.34,6.04],[98.34,5.96]]],[[[98.42,5.96],[98.5,5.96],[98.5,6.04],[98.42,6.04],[98.42,5.96]]],[[[98.5,5.96],[98.58,5.96],[98.58,6.04],[98.5,6.04],[98.5,5.96]]],[[[98.58,5.96],[98.66,5.96],[98.66,6.04],[98.58,6.04],[98.58,5.96]]],[[[98.66,5.96],[98.74,5.96],[98.74,6.04],[98.66,6.04],[98.66,5.96]]],[[[98.74,5.96],[98.82,5.96],[98.82,6.04],[98.74,6.04],[98.74,5.96]]],[[[98.82,5.96],[98.89999999999999,5.96],[98.89999999999999,6.04],[98.82,6.04],[98.82,5.96]]],[[[98.9,5.96],[98.98,5.96],[98.98,6.04],[98.9,6.04],[98.9,5.96]]],[[[98.98,5.96],[99.06,5.96],[99.06,6.04],[98.98,6.04],[98.98,5.96]]],[[[99.06,5.96],[99.14,5.96],[99.14,6.04],[99.06,6.04],[99.06,5.96]]],[[[99.14,5.96],[99.22,5.96],[99.22,6.04],[99.14,6.04],[99.14,5.96]]],[[[99.22,5.96],[99.3,5.96],[99.3,6.04],[99.22,6.04],[99.22,5.96]]],[[[99.3,5.96],[99.38,5.96],[99.38,6.04],[99.3,6.04],[99.3,5.96]]],[[[99.38,5.96],[99.46,5.96],[99.46,6.04],[99.38,6.04],[99.38,5.96]]],[[[99.46,5.96],[99.53999999999999,5.96],[99.53999999999999,6.04],[99.46,6.04],[99.46,5.96]]],[[[99.54,5.96],[99.62,5.96],[99.62,6.04],[99.54,6.04],[99.54,5.96]]],[[[99.62,5.96],[99.7,5.96],[99.7,6.04],[99.62,6.04],[99.62,5.96]]],[[[99.7,5.96],[99.78,5.96],[99.78,6.04],[99.7,6.04],[99.7,5.96]]],[[[99.78,5.96],[99.86,5.96],[99.86,6.04],[99.78,6.04],[99.78,5.96]]],[[[99.86,5.96],[99.94,5.96],[99.94,6.04],[99.86,6.04],[99.86,5.96]]],[[[99.94,5.96],[100.02,5.96],[100.02,6.04],[99.94,6.04],[99.94,5.96]]],[[[100.02,5.96],[100.1,5.96],[100.1,6.04],[100.02,6.04],[100.02,5.96]]],[[[100.1,5.96],[100.17999999999999,5.96],[100.17999999999999,6.04],[100.1,6.04],[100.1,5.96]]],[[[100.18,5.96],[100.26,5.96],[100.26,6.04],[100.18,6.04],[100.18,5.96]]],[[[100.26,5.96],[100.34,5.96],[100.34,6.04],[100.26,6.04],[100.26,5.96]]],[[[100.34,5.96],[100.42,5.96],[100.42,6.04],[100.34,6.04],[100.34,5.96]]],[[[97.7,6.04],[97.78,6.04],[97.78,6.12],[97.7,6.12],[97.7,6.04]]],[[[97.78,6.04],[97.86,6.04],[97.86,6.12],[97.78,6.12],[97.78,6.04]]],[[[97.86,6.04],[97.94,6.04],[97.94,6.12],[97.86,6.12],[97.86,6.04]]],[[[97.94,6.04],[98.02,6.04],[98.02,6.12],[97.94,6.12],[97.94,6.04]]],[[[98.02,6.04],[98.1,6.04],[98.1,6.12],[98.02,6.12],[98.02,6.04]]],[[[98.1,6.04],[98.17999999999999,6.04],[98.17999999999999,6.12],[98.1,6.12],[98.1,6.04]]],[[[98.18,6.04],[98.26,6.04],[98.26,6.12],[98.18,6.12],[98.18,6.04]]],[[[98.26,6.04],[98.34,6.04],[98.34,6.12],[98.26,6.12],[98.26,6.04]]],[[[98.34,6.04],[98.42,6.04],[98.42,6.12],[98.34,6.12],[98.34,6.04]]],[[[98.42,6.04],[98.5,6.04],[98.5,6.12],[98.42,6.12],[98.42,6.04]]],[[[98.5,6.04],[98.58,6.04],[98.58,6.12],[98.5,6.12],[98.5,6.04]]],[[[98.58,6.04],[98.66,6.04],[98.66,6.12],[98.58,6.12],[98.58,6.04]]],[[[98.66,6.04],[98.74,6.04],[98.74,6.12],[98.66,6.12],[98.66,6.04]]],[[[98.74,6.04],[98.82,6.04],[98.82,6.12],[98.74,6.12],[98.74,6.04]]],[[[98.82,6.04],[98.89999999999999,6.04],[98.89999999999999,6.12],[98.82,6.12],[98.82,6.04]]],[[[98.9,6.04],[98.98,6.04],[98.98,6.12],[98.9,6.12],[98.9,6.04]]],[[[98.98,6.04],[99.06,6.04],[99.06,6.12],[98.98,6.12],[98.98,6.04]]],[[[99.06,6.04],[99.14,6.04],[99.14,6.12],[99.06,6.12],[99.06,6.04]]],[[[99.14,6.04],[99.22,6.04],[99.22,6.12],[99.14,6.12],[99.14,6.04]]],[[[99.22,6.04],[99.3,6.04],[99.3,6.12],[99.22,6.12],[99.22,6.04]]],[[[99.3,6.04],[99.38,6.04],[99.38,6.12],[99.3,6.12],[99.3,6.04]]],[[[99.38,6.04],[99.46,6.04],[99.46,6.12],[99.38,6.12],[99.38,6.04]]],[[[99.46,6.04],[99.53999999999999,6.04],[99.53999999999999,6.12],[99.46,6.12],[99.46,6.04]]],[[[99.54,6.04],[99.62,6.04],[99.62,6.12],[99.54,6.12],[99.54,6.04]]],[[[99.62,6.04],[99.7,6.04],[99.7,6.12],[99.62,6.12],[99.62,6.04]]],[[[99.7,6.04],[99.78,6.04],[99.78,6.12],[99.7,6.12],[99.7,6.04]]],[[[99.78,6.04],[99.86,6.04],[99.86,6.12],[99.78,6.12],[99.78,6.04]]],[[[99.86,6.04],[99.94,6.04],[99.94,6.12],[99.86,6.12],[99.86,6.04]]],[[[99.94,6.04],[100.02,6.04],[100.02,6.12],[99.94,6.12],[99.94,6.04]]],[[[100.02,6.04],[100.1,6.04],[100.1,6.12],[100.02,6.12],[100.02,6.04]]],[[[100.1,6.04],[100.17999999999999,6.04],[100.17999999999999,6.12],[100.1,6.12],[100.1,6.04]]],[[[100.18,6.04],[100.26,6.04],[100.26,6.12],[100.18,6.12],[100.18,6.04]]],[[[100.26,6.04],[100.34,6.04],[100.34,6.12],[100.26,6.12],[100.26,6.04]]],[[[100.34,6.04],[100.42,6.04],[100.42,6.12],[100.34,6.12],[100.34,6.04]]],[[[97.78,6.12],[97.86,6.12],[97.86,6.2],[97.78,6.2],[97.78,6.12]]],[[[97.86,6.12],[97.94,6.12],[97.94,6.2],[97.86,6.2],[97.86,6.12]]],[[[97.94,6.12],[98.02,6.12],[98.02,6.2],[97.94,6.2],[97.94,6.12]]],[[[98.02,6.12],[98.1,6.12],[98.1,6.2],[98.02,6.2],[98.02,6.12]]],[[[98.1,6.12],[98.17999999999999,6.12],[98.17999999999999,6.2],[98.1,6.2],[98.1,6.12]]],[[[98.18,6.12],[98.26,6.12],[98.26,6.2],[98.18,6.2],[98.18,6.12]]],[[[98.26,6.12],[98.34,6.12],[98.34,6.2],[98.26,6.2],[98.26,6.12]]],[[[98.34,6.12],[98.42,6.12],[98.42,6.2],[98.34,6.2],[98.34,6.12]]],[[[98.42,6.12],[98.5,6.12],[98.5,6.2],[98.42,6.2],[98.42,6.12]]],[[[98.5,6.12],[98.58,6.12],[98.58,6.2],[98.5,6.2],[98.5,6.12]]],[[[98.58,6.12],[98.66,6.12],[98.66,6.2],[98.58,6.2],[98.58,6.12]]],[[[98.66,6.12],[98.74,6.12],[98.74,6.2],[98.66,6.2],[98.66,6.12]]],[[[98.74,6.12],[98.82,6.12],[98.82,6.2],[98.74,6.2],[98.74,6.12]]],[[[98.82,6.12],[98.89999999999999,6.12],[98.89999999999999,6.2],[98.82,6.2],[98.82,6.12]]],[[[98.9,6.12],[98.98,6.12],[98.98,6.2],[98.9,6.2],[98.9,6.12]]],[[[98.98,6.12],[99.06,6.12],[99.06,6.2],[98.98,6.2],[98.98,6.12]]],[[[99.06,6.12],[99.14,6.12],[99.14,6.2],[99.06,6.2],[99.06,6.12]]],[[[99.14,6.12],[99.22,6.12],[99.22,6.2],[99.14,6.2],[99.14,6.12]]],[[[99.22,6.12],[99.3,6.12],[99.3,6.2],[99.22,6.2],[99.22,6.12]]],[[[99.3,6.12],[99.38,6.12],[99.38,6.2],[99.3,6.2],[99.3,6.12]]],[[[99.38,6.12],[99.46,6.12],[99.46,6.2],[99.38,6.2],[99.38,6.12]]],[[[99.46,6.12],[99.53999999999999,6.12],[99.53999999999999,6.2],[99.46,6.2],[99.46,6.12]]],[[[99.54,6.12],[99.62,6.12],[99.62,6.2],[99.54,6.2],[99.54,6.12]]],[[[99.62,6.12],[99.7,6.12],[99.7,6.2],[99.62,6.2],[99.62,6.12]]],[[[99.7,6.12],[99.78,6.12],[99.78,6.2],[99.7,6.2],[99.7,6.12]]],[[[99.78,6.12],[99.86,6.12],[99.86,6.2],[99.78,6.2],[99.78,6.12]]],[[[99.86,6.12],[99.94,6.12],[99.94,6.2],[99.86,6.2],[99.86,6.12]]],[[[99.94,6.12],[100.02,6.12],[100.02,6.2],[99.94,6.2],[99.94,6.12]]],[[[100.02,6.12],[100.1,6.12],[100.1,6.2],[100.02,6.2],[100.02,6.12]]],[[[100.1,6.12],[100.17999999999999,6.12],[100.17999999999999,6.2],[100.1,6.2],[100.1,6.12]]],[[[100.18,6.12],[100.26,6.12],[100.26,6.2],[100.18,6.2],[100.18,6.12]]],[[[100.26,6.12],[100.34,6.12],[100.34,6.2],[100.26,6.2],[100.26,6.12]]],[[[100.34,6.12],[100.42,6.12],[100.42,6.2],[100.34,6.2],[100.34,6.12]]],[[[97.94,6.2],[98.02,6.2],[98.02,6.28],[97.94,6.28],[97.94,6.2]]],[[[98.02,6.2],[98.1,6.2],[98.1,6.28],[98.02,6.28],[98.02,6.2]]],[[[98.1,6.2],[98.17999999999999,6.2],[98.17999999999999,6.28],[98.1,6.28],[98.1,6.2]]],[[[98.18,6.2],[98.26,6.2],[98.26,6.28],[98.18,6.28],[98.18,6.2]]],[[[98.26,6.2],[98.34,6.2],[98.34,6.28],[98.26,6.28],[98.26,6.2]]],[[[98.34,6.2],[98.42,6.2],[98.42,6.28],[98.34,6.28],[98.34,6.2]]],[[[98.42,6.2],[98.5,6.2],[98.5,6.28],[98.42,6.28],[98.42,6.2]]],[[[98.5,6.2],[98.58,6.2],[98.58,6.28],[98.5,6.28],[98.5,6.2]]],[[[98.58,6.2],[98.66,6.2],[98.66,6.28],[98.58,6.28],[98.58,6.2]]],[[[98.66,6.2],[98.74,6.2],[98.74,6.28],[98.66,6.28],[98.66,6.2]]],[[[98.74,6.2],[98.82,6.2],[98.82,6.28],[98.74,6.28],[98.74,6.2]]],[[[98.82,6.2],[98.89999999999999,6.2],[98.89999999999999,6.28],[98.82,6.28],[98.82,6.2]]],[[[98.9,6.2],[98.98,6.2],[98.98,6.28],[98.9,6.28],[98.9,6.2]]],[[[98.98,6.2],[99.06,6.2],[99.06,6.28],[98.98,6.28],[98.98,6.2]]],[[[99.06,6.2],[99.14,6.2],[99.14,6.28],[99.06,6.28],[99.06,6.2]]],[[[99.14,6.2],[99.22,6.2],[99.22,6.28],[99.14,6.28],[99.14,6.2]]],[[[99.22,6.2],[99.3,6.2],[99.3,6.28],[99.22,6.28],[99.22,6.2]]],[[[99.3,6.2],[99.38,6.2],[99.38,6.28],[99.3,6.28],[99.3,6.2]]],[[[99.38,6.2],[99.46,6.2],[99.46,6.28],[99.38,6.28],[99.38,6.2]]],[[[99.46,6.2],[99.53999999999999,6.2],[99.53999999999999,6.28],[99.46,6.28],[99.46,6.2]]],[[[99.54,6.2],[99.62,6.2],[99.62,6.28],[99.54,6.28],[99.54,6.2]]],[[[99.62,6.2],[99.7,6.2],[99.7,6.28],[99.62,6.28],[99.62,6.2]]],[[[99.7,6.2],[99.78,6.2],[99.78,6.28],[99.7,6.28],[99.7,6.2]]],[[[99.78,6.2],[99.86,6.2],[99.86,6.28],[99.78,6.28],[99.78,6.2]]],[[[99.86,6.2],[99.94,6.2],[99.94,6.28],[99.86,6.28],[99.86,6.2]]],[[[99.94,6.2],[100.02,6.2],[100.02,6.28],[99.94,6.28],[99.94,6.2]]],[[[100.02,6.2],[100.1,6.2],[100.1,6.28],[100.02,6.28],[100.02,6.2]]],[[[100.1,6.2],[100.17999999999999,6.2],[100.17999999999999,6.28],[100.1,6.28],[100.1,6.2]]],[[[100.18,6.2],[100.26,6.2],[100.26,6.28],[100.18,6.28],[100.18,6.2]]],[[[100.26,6.2],[100.34,6.2],[100.34,6.28],[100.26,6.28],[100.26,6.2]]],[[[98.02,6.28],[98.1,6.28],[98.1,6.36],[98.02,6.36],[98.02,6.28]]],[[[98.1,6.28],[98.17999999999999,6.28],[98.17999999999999,6.36],[98.1,6.36],[98.1,6.28]]],[[[98.18,6.28],[98.26,6.28],[98.26,6.36],[98.18,6.36],[98.18,6.28]]],[[[98.26,6.28],[98.34,6.28],[98.34,6.36],[98.26,6.36],[98.26,6.28]]],[[[98.34,6.28],[98.42,6.28],[98.42,6.36],[98.34,6.36],[98.34,6.28]]],[[[98.42,6.28],[98.5,6.28],[98.5,6.36],[98.42,6.36],[98.42,6.28]]],[[[98.5,6.28],[98.58,6.28],[98.58,6.36],[98.5,6.36],[98.5,6.28]]],[[[98.58,6.28],[98.66,6.28],[98.66,6.36],[98.58,6.36],[98.58,6.28]]],[[[98.66,6.28],[98.74,6.28],[98.74,6.36],[98.66,6.36],[98.66,6.28]]],[[[98.74,6.28],[98.82,6.28],[98.82,6.36],[98.74,6.36],[98.74,6.28]]],[[[98.82,6.28],[98.89999999999999,6.28],[98.89999999999999,6.36],[98.82,6.36],[98.82,6.28]]],[[[98.9,6.28],[98.98,6.28],[98.98,6.36],[98.9,6.36],[98.9,6.28]]],[[[98.98,6.28],[99.06,6.28],[99.06,6.36],[98.98,6.36],[98.98,6.28]]],[[[99.06,6.28],[99.14,6.28],[99.14,6.36],[99.06,6.36],[99.06,6.28]]],[[[99.14,6.28],[99.22,6.28],[99.22,6.36],[99.14,6.36],[99.14,6.28]]],[[[99.22,6.28],[99.3,6.28],[99.3,6.36],[99.22,6.36],[99.22,6.28]]],[[[99.3,6.28],[99.38,6.28],[99.38,6.36],[99.3,6.36],[99.3,6.28]]],[[[99.38,6.28],[99.46,6.28],[99.46,6.36],[99.38,6.36],[99.38,6.28]]],[[[99.46,6.28],[99.53999999999999,6.28],[99.53999999999999,6.36],[99.46,6.36],[99.46,6.28]]],[[[99.54,6.28],[99.62,6.28],[99.62,6.36],[99.54,6.36],[99.54,6.28]]],[[[99.62,6.28],[99.7,6.28],[99.7,6.36],[99.62,6.36],[99.62,6.28]]],[[[99.7,6.28],[99.78,6.28],[99.78,6.36],[99.7,6.36],[99.7,6.28]]],[[[99.78,6.28],[99.86,6.28],[99.86,6.36],[99.78,6.36],[99.78,6.28]]],[[[99.86,6.28],[99.94,6.28],[99.94,6.36],[99.86,6.36],[99.86,6.28]]],[[[99.94,6.28],[100.02,6.28],[100.02,6.36],[99.94,6.36],[99.94,6.28]]],[[[100.02,6.28],[100.1,6.28],[100.1,6.36],[100.02,6.36],[100.02,6.28]]],[[[100.1,6.28],[100.17999999999999,6.28],[100.17999999999999,6.36],[100.1,6.36],[100.1,6.28]]],[[[100.18,6.28],[100.26,6.28],[100.26,6.36],[100.18,6.36],[100.18,6.28]]],[[[100.26,6.28],[100.34,6.28],[100.34,6.36],[100.26,6.36],[100.26,6.28]]],[[[98.1,6.36],[98.17999999999999,6.36],[98.17999999999999,6.44],[98.1,6.44],[98.1,6.36]]],[[[98.18,6.36],[98.26,6.36],[98.26,6.44],[98.18,6.44],[98.18,6.36]]],[[[98.26,6.36],[98.34,6.36],[98.34,6.44],[98.26,6.44],[98.26,6.36]]],[[[98.34,6.36],[98.42,6.36],[98.42,6.44],[98.34,6.44],[98.34,6.36]]],[[[98.42,6.36],[98.5,6.36],[98.5,6.44],[98.42,6.44],[98.42,6.36]]],[[[98.5,6.36],[98.58,6.36],[98.58,6.44],[98.5,6.44],[98.5,6.36]]],[[[98.58,6.36],[98.66,6.36],[98.66,6.44],[98.58,6.44],[98.58,6.36]]],[[[98.66,6.36],[98.74,6.36],[98.74,6.44],[98.66,6.44],[98.66,6.36]]],[[[98.74,6.36],[98.82,6.36],[98.82,6.44],[98.74,6.44],[98.74,6.36]]],[[[98.82,6.36],[98.89999999999999,6.36],[98.89999999999999,6.44],[98.82,6.44],[98.82,6.36]]],[[[98.9,6.36],[98.98,6.36],[98.98,6.44],[98.9,6.44],[98.9,6.36]]],[[[98.98,6.36],[99.06,6.36],[99.06,6.44],[98.98,6.44],[98.98,6.36]]],[[[99.06,6.36],[99.14,6.36],[99.14,6.44],[99.06,6.44],[99.06,6.36]]],[[[99.14,6.36],[99.22,6.36],[99.22,6.44],[99.14,6.44],[99.14,6.36]]],[[[99.22,6.36],[99.3,6.36],[99.3,6.44],[99.22,6.44],[99.22,6.36]]],[[[99.3,6.36],[99.38,6.36],[99.38,6.44],[99.3,6.44],[99.3,6.36]]],[[[99.38,6.36],[99.46,6.36],[99.46,6.44],[99.38,6.44],[99.38,6.36]]],[[[99.46,6.36],[99.53999999999999,6.36],[99.53999999999999,6.44],[99.46,6.44],[99.46,6.36]]],[[[99.54,6.36],[99.62,6.36],[99.62,6.44],[99.54,6.44],[99.54,6.36]]],[[[99.62,6.36],[99.7,6.36],[99.7,6.44],[99.62,6.44],[99.62,6.36]]],[[[99.7,6.36],[99.78,6.36],[99.78,6.44],[99.7,6.44],[99.7,6.36]]],[[[99.78,6.36],[99.86,6.36],[99.86,6.44],[99.78,6.44],[99.78,6.36]]],[[[99.86,6.36],[99.94,6.36],[99.94,6.44],[99.86,6.44],[99.86,6.36]]],[[[99.94,6.36],[100.02,6.36],[100.02,6.44],[99.94,6.44],[99.94,6.36]]],[[[100.02,6.36],[100.1,6.36],[100.1,6.44],[100.02,6.44],[100.02,6.36]]],[[[100.1,6.36],[100.17999999999999,6.36],[100.17999999999999,6.44],[100.1,6.44],[100.1,6.36]]],[[[100.18,6.36],[100.26,6.36],[100.26,6.44],[100.18,6.44],[100.18,6.36]]],[[[98.18,6.4399999999999995],[98.26,6.4399999999999995],[98.26,6.52],[98.18,6.52],[98.18,6.4399999999999995]]],[[[98.26,6.4399999999999995],[98.34,6.4399999999999995],[98.34,6.52],[98.26,6.52],[98.26,6.4399999999999995]]],[[[98.34,6.4399999999999995],[98.42,6.4399999999999995],[98.42,6.52],[98.34,6.52],[98.34,6.4399999999999995]]],[[[98.42,6.4399999999999995],[98.5,6.4399999999999995],[98.5,6.52],[98.42,6.52],[98.42,6.4399999999999995]]],[[[98.5,6.4399999999999995],[98.58,6.4399999999999995],[98.58,6.52],[98.5,6.52],[98.5,6.4399999999999995]]],[[[98.58,6.4399999999999995],[98.66,6.4399999999999995],[98.66,6.52],[98.58,6.52],[98.58,6.4399999999999995]]],[[[98.66,6.4399999999999995],[98.74,6.4399999999999995],[98.74,6.52],[98.66,6.52],[98.66,6.4399999999999995]]],[[[98.74,6.4399999999999995],[98.82,6.4399999999999995],[98.82,6.52],[98.74,6.52],[98.74,6.4399999999999995]]],[[[98.82,6.4399999999999995],[98.89999999999999,6.4399999999999995],[98.89999999999999,6.52],[98.82,6.52],[98.82,6.4399999999999995]]],[[[98.9,6.4399999999999995],[98.98,6.4399999999999995],[98.98,6.52],[98.9,6.52],[98.9,6.4399999999999995]]],[[[98.98,6.4399999999999995],[99.06,6.4399999999999995],[99.06,6.52],[98.98,6.52],[98.98,6.4399999999999995]]],[[[99.06,6.4399999999999995],[99.14,6.4399999999999995],[99.14,6.52],[99.06,6.52],[99.06,6.4399999999999995]]],[[[99.14,6.4399999999999995],[99.22,6.4399999999999995],[99.22,6.52],[99.14,6.52],[99.14,6.4399999999999995]]],[[[99.22,6.4399999999999995],[99.3,6.4399999999999995],[99.3,6.52],[99.22,6.52],[99.22,6.4399999999999995]]],[[[99.3,6.4399999999999995],[99.38,6.4399999999999995],[99.38,6.52],[99.3,6.52],[99.3,6.4399999999999995]]],[[[99.38,6.4399999999999995],[99.46,6.4399999999999995],[99.46,6.52],[99.38,6.52],[99.38,6.4399999999999995]]],[[[99.46,6.4399999999999995],[99.53999999999999,6.4399999999999995],[99.53999999999999,6.52],[99.46,6.52],[99.46,6.4399999999999995]]],[[[99.54,6.4399999999999995],[99.62,6.4399999999999995],[99.62,6.52],[99.54,6.52],[99.54,6.4399999999999995]]],[[[99.62,6.4399999999999995],[99.7,6.4399999999999995],[99.7,6.52],[99.62,6.52],[99.62,6.4399999999999995]]],[[[99.7,6.4399999999999995],[99.78,6.4399999999999995],[99.78,6.52],[99.7,6.52],[99.7,6.4399999999999995]]],[[[99.78,6.4399999999999995],[99.86,6.4399999999999995],[99.86,6.52],[99.78,6.52],[99.78,6.4399999999999995]]],[[[99.86,6.4399999999999995],[99.94,6.4399999999999995],[99.94,6.52],[99.86,6.52],[99.86,6.4399999999999995]]],[[[99.94,6.4399999999999995],[100.02,6.4399999999999995],[100.02,6.52],[99.94,6.52],[99.94,6.4399999999999995]]],[[[100.02,6.4399999999999995],[100.1,6.4399999999999995],[100.1,6.52],[100.02,6.52],[100.02,6.4399999999999995]]],[[[100.18,6.4399999999999995],[100.26,6.4399999999999995],[100.26,6.52],[100.18,6.52],[100.18,6.4399999999999995]]],[[[98.26,6.52],[98.34,6.52],[98.34,6.6],[98.26,6.6],[98.26,6.52]]],[[[98.34,6.52],[98.42,6.52],[98.42,6.6],[98.34,6.6],[98.34,6.52]]],[[[98.42,6.52],[98.5,6.52],[98.5,6.6],[98.42,6.6],[98.42,6.52]]],[[[98.5,6.52],[98.58,6.52],[98.58,6.6],[98.5,6.6],[98.5,6.52]]],[[[98.58,6.52],[98.66,6.52],[98.66,6.6],[98.58,6.6],[98.58,6.52]]],[[[98.66,6.52],[98.74,6.52],[98.74,6.6],[98.66,6.6],[98.66,6.52]]],[[[98.74,6.52],[98.82,6.52],[98.82,6.6],[98.74,6.6],[98.74,6.52]]],[[[98.82,6.52],[98.89999999999999,6.52],[98.89999999999999,6.6],[98.82,6.6],[98.82,6.52]]],[[[98.9,6.52],[98.98,6.52],[98.98,6.6],[98.9,6.6],[98.9,6.52]]],[[[98.98,6.52],[99.06,6.52],[99.06,6.6],[98.98,6.6],[98.98,6.52]]],[[[99.06,6.52],[99.14,6.52],[99.14,6.6],[99.06,6.6],[99.06,6.52]]],[[[99.14,6.52],[99.22,6.52],[99.22,6.6],[99.14,6.6],[99.14,6.52]]],[[[99.22,6.52],[99.3,6.52],[99.3,6.6],[99.22,6.6],[99.22,6.52]]],[[[99.3,6.52],[99.38,6.52],[99.38,6.6],[99.3,6.6],[99.3,6.52]]],[[[99.38,6.52],[99.46,6.52],[99.46,6.6],[99.38,6.6],[99.38,6.52]]],[[[99.46,6.52],[99.53999999999999,6.52],[99.53999999999999,6.6],[99.46,6.6],[99.46,6.52]]],[[[99.54,6.52],[99.62,6.52],[99.62,6.6],[99.54,6.6],[99.54,6.52]]],[[[99.7,6.52],[99.78,6.52],[99.78,6.6],[99.7,6.6],[99.7,6.52]]],[[[99.78,6.52],[99.86,6.52],[99.86,6.6],[99.78,6.6],[99.78,6.52]]],[[[99.86,6.52],[99.94,6.52],[99.94,6.6],[99.86,6.6],[99.86,6.52]]],[[[99.94,6.52],[100.02,6.52],[100.02,6.6],[99.94,6.6],[99.94,6.52]]],[[[100.18,6.52],[100.26,6.52],[100.26,6.6],[100.18,6.6],[100.18,6.52]]],[[[98.34,6.6],[98.42,6.6],[98.42,6.68],[98.34,6.68],[98.34,6.6]]],[[[98.42,6.6],[98.5,6.6],[98.5,6.68],[98.42,6.68],[98.42,6.6]]],[[[98.5,6.6],[98.58,6.6],[98.58,6.68],[98.5,6.68],[98.5,6.6]]],[[[98.58,6.6],[98.66,6.6],[98.66,6.68],[98.58,6.68],[98.58,6.6]]],[[[98.66,6.6],[98.74,6.6],[98.74,6.68],[98.66,6.68],[98.66,6.6]]],[[[98.74,6.6],[98.82,6.6],[98.82,6.68],[98.74,6.68],[98.74,6.6]]],[[[98.82,6.6],[98.89999999999999,6.6],[98.89999999999999,6.68],[98.82,6.68],[98.82,6.6]]],[[[98.9,6.6],[98.98,6.6],[98.98,6.68],[98.9,6.68],[98.9,6.6]]],[[[98.98,6.6],[99.06,6.6],[99.06,6.68],[98.98,6.68],[98.98,6.6]]],[[[99.06,6.6],[99.14,6.6],[99.14,6.68],[99.06,6.68],[99.06,6.6]]],[[[99.14,6.6],[99.22,6.6],[99.22,6.68],[99.14,6.68],[99.14,6.6]]],[[[99.22,6.6],[99.3,6.6],[99.3,6.68],[99.22,6.68],[99.22,6.6]]],[[[99.3,6.6],[99.38,6.6],[99.38,6.68],[99.3,6.68],[99.3,6.6]]],[[[99.38,6.6],[99.46,6.6],[99.46,6.68],[99.38,6.68],[99.38,6.6]]],[[[99.46,6.6],[99.53999999999999,6.6],[99.53999999999999,6.68],[99.46,6.68],[99.46,6.6]]],[[[99.54,6.6],[99.62,6.6],[99.62,6.68],[99.54,6.68],[99.54,6.6]]],[[[99.7,6.6],[99.78,6.6],[99.78,6.68],[99.7,6.68],[99.7,6.6]]],[[[99.78,6.6],[99.86,6.6],[99.86,6.68],[99.78,6.68],[99.78,6.6]]],[[[99.86,6.6],[99.94,6.6],[99.94,6.68],[99.86,6.68],[99.86,6.6]]],[[[100.18,6.6],[100.26,6.6],[100.26,6.68],[100.18,6.68],[100.18,6.6]]],[[[98.42,6.68],[98.5,6.68],[98.5,6.76],[98.42,6.76],[98.42,6.68]]],[[[98.5,6.68],[98.58,6.68],[98.58,6.76],[98.5,6.76],[98.5,6.68]]],[[[98.58,6.68],[98.66,6.68],[98.66,6.76],[98.58,6.76],[98.58,6.68]]],[[[98.66,6.68],[98.74,6.68],[98.74,6.76],[98.66,6.76],[98.66,6.68]]],[[[98.74,6.68],[98.82,6.68],[98.82,6.76],[98.74,6.76],[98.74,6.68]]],[[[98.82,6.68],[98.89999999999999,6.68],[98.89999999999999,6.76],[98.82,6.76],[98.82,6.68]]],[[[98.9,6.68],[98.98,6.68],[98.98,6.76],[98.9,6.76],[98.9,6.68]]],[[[98.98,6.68],[99.06,6.68],[99.06,6.76],[98.98,6.76],[98.98,6.68]]],[[[99.06,6.68],[99.14,6.68],[99.14,6.76],[99.06,6.76],[99.06,6.68]]],[[[99.14,6.68],[99.22,6.68],[99.22,6.76],[99.14,6.76],[99.14,6.68]]],[[[99.22,6.68],[99.3,6.68],[99.3,6.76],[99.22,6.76],[99.22,6.68]]],[[[99.3,6.68],[99.38,6.68],[99.38,6.76],[99.3,6.76],[99.3,6.68]]],[[[99.54,6.68],[99.62,6.68],[99.62,6.76],[99.54,6.76],[99.54,6.68]]],[[[99.7,6.68],[99.78,6.68],[99.78,6.76],[99.7,6.76],[99.7,6.68]]],[[[99.78,6.68],[99.86,6.68],[99.86,6.76],[99.78,6.76],[99.78,6.68]]],[[[99.86,6.68],[99.94,6.68],[99.94,6.76],[99.86,6.76],[99.86,6.68]]],[[[98.66,6.76],[98.74,6.76],[98.74,6.84],[98.66,6.84],[98.66,6.76]]],[[[98.74,6.76],[98.82,6.76],[98.82,6.84],[98.74,6.84],[98.74,6.76]]],[[[98.82,6.76],[98.89999999999999,6.76],[98.89999999999999,6.84],[98.82,6.84],[98.82,6.76]]],[[[98.9,6.76],[98.98,6.76],[98.98,6.84],[98.9,6.84],[98.9,6.76]]],[[[98.98,6.76],[99.06,6.76],[99.06,6.84],[98.98,6.84],[98.98,6.76]]],[[[99.06,6.76],[99.14,6.76],[99.14,6.84],[99.06,6.84],[99.06,6.76]]],[[[99.14,6.76],[99.22,6.76],[99.22,6.84],[99.14,6.84],[99.14,6.76]]],[[[99.22,6.76],[99.3,6.76],[99.3,6.84],[99.22,6.84],[99.22,6.76]]],[[[99.62,6.76],[99.7,6.76],[99.7,6.84],[99.62,6.84],[99.62,6.76]]],[[[99.7,6.76],[99.78,6.76],[99.78,6.84],[99.7,6.84],[99.7,6.76]]],[[[99.06,6.84],[99.14,6.84],[99.14,6.92],[99.06,6.92],[99.06,6.84]]],[[[99.62,6.84],[99.7,6.84],[99.7,6.92],[99.62,6.92],[99.62,6.84]]],[[[99.62,6.92],[99.7,6.92],[99.7,7],[99.62,7],[99.62,6.92]]],[[[99.62,7],[99.7,7],[99.7,7.08],[99.62,7.08],[99.62,7]]]]}},{"type":"Feature","properties":{"region_id":"TH-90","region_iso":"TH-90","region_shape_id":"36821470B65611179255944","region_name":"Songkhla","region_name_local":"Songkhla","adm_level":"ADM1","zone_hint":"GOT","geometry_kind":"derived_marine_admin_polygon","derivation":"nearest_coastal_province_on_regular_sea_grid","cell_count":258,"cell_size_deg":0.08},"geometry":{"type":"MultiPolygon","coordinates":[[[[100.26,5],[100.34,5],[100.34,5.08],[100.26,5.08],[100.26,5]]],[[[100.34,5],[100.42,5],[100.42,5.08],[100.34,5.08],[100.34,5]]],[[[100.42,5],[100.5,5],[100.5,5.08],[100.42,5.08],[100.42,5]]],[[[100.26,5.08],[100.34,5.08],[100.34,5.16],[100.26,5.16],[100.26,5.08]]],[[[100.34,5.08],[100.42,5.08],[100.42,5.16],[100.34,5.16],[100.34,5.08]]],[[[100.42,5.08],[100.5,5.08],[100.5,5.16],[100.42,5.16],[100.42,5.08]]],[[[100.5,5.08],[100.58,5.08],[100.58,5.16],[100.5,5.16],[100.5,5.08]]],[[[100.34,5.16],[100.42,5.16],[100.42,5.24],[100.34,5.24],[100.34,5.16]]],[[[100.42,5.16],[100.5,5.16],[100.5,5.24],[100.42,5.24],[100.42,5.16]]],[[[100.5,5.16],[100.58,5.16],[100.58,5.24],[100.5,5.24],[100.5,5.16]]],[[[100.58,5.16],[100.66,5.16],[100.66,5.24],[100.58,5.24],[100.58,5.16]]],[[[100.34,5.24],[100.42,5.24],[100.42,5.32],[100.34,5.32],[100.34,5.24]]],[[[100.42,5.24],[100.5,5.24],[100.5,5.32],[100.42,5.32],[100.42,5.24]]],[[[100.5,5.24],[100.58,5.24],[100.58,5.32],[100.5,5.32],[100.5,5.24]]],[[[100.58,5.24],[100.66,5.24],[100.66,5.32],[100.58,5.32],[100.58,5.24]]],[[[100.34,5.32],[100.42,5.32],[100.42,5.4],[100.34,5.4],[100.34,5.32]]],[[[100.42,5.32],[100.5,5.32],[100.5,5.4],[100.42,5.4],[100.42,5.32]]],[[[100.5,5.32],[100.58,5.32],[100.58,5.4],[100.5,5.4],[100.5,5.32]]],[[[100.58,5.32],[100.66,5.32],[100.66,5.4],[100.58,5.4],[100.58,5.32]]],[[[100.66,5.32],[100.74,5.32],[100.74,5.4],[100.66,5.4],[100.66,5.32]]],[[[100.34,5.4],[100.42,5.4],[100.42,5.48],[100.34,5.48],[100.34,5.4]]],[[[100.42,5.4],[100.5,5.4],[100.5,5.48],[100.42,5.48],[100.42,5.4]]],[[[100.5,5.4],[100.58,5.4],[100.58,5.48],[100.5,5.48],[100.5,5.4]]],[[[100.58,5.4],[100.66,5.4],[100.66,5.48],[100.58,5.48],[100.58,5.4]]],[[[100.66,5.4],[100.74,5.4],[100.74,5.48],[100.66,5.48],[100.66,5.4]]],[[[100.34,5.48],[100.42,5.48],[100.42,5.5600000000000005],[100.34,5.5600000000000005],[100.34,5.48]]],[[[100.42,5.48],[100.5,5.48],[100.5,5.5600000000000005],[100.42,5.5600000000000005],[100.42,5.48]]],[[[100.5,5.48],[100.58,5.48],[100.58,5.5600000000000005],[100.5,5.5600000000000005],[100.5,5.48]]],[[[100.58,5.48],[100.66,5.48],[100.66,5.5600000000000005],[100.58,5.5600000000000005],[100.58,5.48]]],[[[100.66,5.48],[100.74,5.48],[100.74,5.5600000000000005],[100.66,5.5600000000000005],[100.66,5.48]]],[[[100.74,5.48],[100.82,5.48],[100.82,5.5600000000000005],[100.74,5.5600000000000005],[100.74,5.48]]],[[[100.34,5.5600000000000005],[100.42,5.5600000000000005],[100.42,5.640000000000001],[100.34,5.640000000000001],[100.34,5.5600000000000005]]],[[[100.42,5.5600000000000005],[100.5,5.5600000000000005],[100.5,5.640000000000001],[100.42,5.640000000000001],[100.42,5.5600000000000005]]],[[[100.5,5.5600000000000005],[100.58,5.5600000000000005],[100.58,5.640000000000001],[100.5,5.640000000000001],[100.5,5.5600000000000005]]],[[[100.58,5.5600000000000005],[100.66,5.5600000000000005],[100.66,5.640000000000001],[100.58,5.640000000000001],[100.58,5.5600000000000005]]],[[[100.66,5.5600000000000005],[100.74,5.5600000000000005],[100.74,5.640000000000001],[100.66,5.640000000000001],[100.66,5.5600000000000005]]],[[[100.74,5.5600000000000005],[100.82,5.5600000000000005],[100.82,5.640000000000001],[100.74,5.640000000000001],[100.74,5.5600000000000005]]],[[[100.82,5.5600000000000005],[100.89999999999999,5.5600000000000005],[100.89999999999999,5.640000000000001],[100.82,5.640000000000001],[100.82,5.5600000000000005]]],[[[100.34,5.64],[100.42,5.64],[100.42,5.72],[100.34,5.72],[100.34,5.64]]],[[[100.42,5.64],[100.5,5.64],[100.5,5.72],[100.42,5.72],[100.42,5.64]]],[[[100.5,5.64],[100.58,5.64],[100.58,5.72],[100.5,5.72],[100.5,5.64]]],[[[100.58,5.64],[100.66,5.64],[100.66,5.72],[100.58,5.72],[100.58,5.64]]],[[[100.66,5.64],[100.74,5.64],[100.74,5.72],[100.66,5.72],[100.66,5.64]]],[[[100.74,5.64],[100.82,5.64],[100.82,5.72],[100.74,5.72],[100.74,5.64]]],[[[100.82,5.64],[100.89999999999999,5.64],[100.89999999999999,5.72],[100.82,5.72],[100.82,5.64]]],[[[100.42,5.72],[100.5,5.72],[100.5,5.8],[100.42,5.8],[100.42,5.72]]],[[[100.5,5.72],[100.58,5.72],[100.58,5.8],[100.5,5.8],[100.5,5.72]]],[[[100.58,5.72],[100.66,5.72],[100.66,5.8],[100.58,5.8],[100.58,5.72]]],[[[100.66,5.72],[100.74,5.72],[100.74,5.8],[100.66,5.8],[100.66,5.72]]],[[[100.74,5.72],[100.82,5.72],[100.82,5.8],[100.74,5.8],[100.74,5.72]]],[[[100.82,5.72],[100.89999999999999,5.72],[100.89999999999999,5.8],[100.82,5.8],[100.82,5.72]]],[[[100.9,5.72],[100.98,5.72],[100.98,5.8],[100.9,5.8],[100.9,5.72]]],[[[100.42,5.8],[100.5,5.8],[100.5,5.88],[100.42,5.88],[100.42,5.8]]],[[[100.5,5.8],[100.58,5.8],[100.58,5.88],[100.5,5.88],[100.5,5.8]]],[[[100.58,5.8],[100.66,5.8],[100.66,5.88],[100.58,5.88],[100.58,5.8]]],[[[100.66,5.8],[100.74,5.8],[100.74,5.88],[100.66,5.88],[100.66,5.8]]],[[[100.74,5.8],[100.82,5.8],[100.82,5.88],[100.74,5.88],[100.74,5.8]]],[[[100.82,5.8],[100.89999999999999,5.8],[100.89999999999999,5.88],[100.82,5.88],[100.82,5.8]]],[[[100.9,5.8],[100.98,5.8],[100.98,5.88],[100.9,5.88],[100.9,5.8]]],[[[100.42,5.88],[100.5,5.88],[100.5,5.96],[100.42,5.96],[100.42,5.88]]],[[[100.5,5.88],[100.58,5.88],[100.58,5.96],[100.5,5.96],[100.5,5.88]]],[[[100.58,5.88],[100.66,5.88],[100.66,5.96],[100.58,5.96],[100.58,5.88]]],[[[100.66,5.88],[100.74,5.88],[100.74,5.96],[100.66,5.96],[100.66,5.88]]],[[[100.74,5.88],[100.82,5.88],[100.82,5.96],[100.74,5.96],[100.74,5.88]]],[[[100.82,5.88],[100.89999999999999,5.88],[100.89999999999999,5.96],[100.82,5.96],[100.82,5.88]]],[[[100.9,5.88],[100.98,5.88],[100.98,5.96],[100.9,5.96],[100.9,5.88]]],[[[100.98,5.88],[101.06,5.88],[101.06,5.96],[100.98,5.96],[100.98,5.88]]],[[[100.42,5.96],[100.5,5.96],[100.5,6.04],[100.42,6.04],[100.42,5.96]]],[[[100.5,5.96],[100.58,5.96],[100.58,6.04],[100.5,6.04],[100.5,5.96]]],[[[100.58,5.96],[100.66,5.96],[100.66,6.04],[100.58,6.04],[100.58,5.96]]],[[[100.66,5.96],[100.74,5.96],[100.74,6.04],[100.66,6.04],[100.66,5.96]]],[[[100.74,5.96],[100.82,5.96],[100.82,6.04],[100.74,6.04],[100.74,5.96]]],[[[100.82,5.96],[100.89999999999999,5.96],[100.89999999999999,6.04],[100.82,6.04],[100.82,5.96]]],[[[100.9,5.96],[100.98,5.96],[100.98,6.04],[100.9,6.04],[100.9,5.96]]],[[[100.98,5.96],[101.06,5.96],[101.06,6.04],[100.98,6.04],[100.98,5.96]]],[[[100.42,6.04],[100.5,6.04],[100.5,6.12],[100.42,6.12],[100.42,6.04]]],[[[100.5,6.04],[100.58,6.04],[100.58,6.12],[100.5,6.12],[100.5,6.04]]],[[[100.58,6.04],[100.66,6.04],[100.66,6.12],[100.58,6.12],[100.58,6.04]]],[[[100.66,6.04],[100.74,6.04],[100.74,6.12],[100.66,6.12],[100.66,6.04]]],[[[100.74,6.04],[100.82,6.04],[100.82,6.12],[100.74,6.12],[100.74,6.04]]],[[[100.82,6.04],[100.89999999999999,6.04],[100.89999999999999,6.12],[100.82,6.12],[100.82,6.04]]],[[[100.9,6.04],[100.98,6.04],[100.98,6.12],[100.9,6.12],[100.9,6.04]]],[[[100.98,6.04],[101.06,6.04],[101.06,6.12],[100.98,6.12],[100.98,6.04]]],[[[101.06,6.04],[101.14,6.04],[101.14,6.12],[101.06,6.12],[101.06,6.04]]],[[[100.42,6.12],[100.5,6.12],[100.5,6.2],[100.42,6.2],[100.42,6.12]]],[[[100.5,6.12],[100.58,6.12],[100.58,6.2],[100.5,6.2],[100.5,6.12]]],[[[100.58,6.12],[100.66,6.12],[100.66,6.2],[100.58,6.2],[100.58,6.12]]],[[[100.66,6.12],[100.74,6.12],[100.74,6.2],[100.66,6.2],[100.66,6.12]]],[[[100.74,6.12],[100.82,6.12],[100.82,6.2],[100.74,6.2],[100.74,6.12]]],[[[100.82,6.12],[100.89999999999999,6.12],[100.89999999999999,6.2],[100.82,6.2],[100.82,6.12]]],[[[100.9,6.12],[100.98,6.12],[100.98,6.2],[100.9,6.2],[100.9,6.12]]],[[[100.98,6.12],[101.06,6.12],[101.06,6.2],[100.98,6.2],[100.98,6.12]]],[[[101.06,6.12],[101.14,6.12],[101.14,6.2],[101.06,6.2],[101.06,6.12]]],[[[100.34,6.2],[100.42,6.2],[100.42,6.28],[100.34,6.28],[100.34,6.2]]],[[[100.42,6.2],[100.5,6.2],[100.5,6.28],[100.42,6.28],[100.42,6.2]]],[[[100.5,6.2],[100.58,6.2],[100.58,6.28],[100.5,6.28],[100.5,6.2]]],[[[100.58,6.2],[100.66,6.2],[100.66,6.28],[100.58,6.28],[100.58,6.2]]],[[[100.66,6.2],[100.74,6.2],[100.74,6.28],[100.66,6.28],[100.66,6.2]]],[[[100.74,6.2],[100.82,6.2],[100.82,6.28],[100.74,6.28],[100.74,6.2]]],[[[100.82,6.2],[100.89999999999999,6.2],[100.89999999999999,6.28],[100.82,6.28],[100.82,6.2]]],[[[100.9,6.2],[100.98,6.2],[100.98,6.28],[100.9,6.28],[100.9,6.2]]],[[[100.98,6.2],[101.06,6.2],[101.06,6.28],[100.98,6.28],[100.98,6.2]]],[[[101.06,6.2],[101.14,6.2],[101.14,6.28],[101.06,6.28],[101.06,6.2]]],[[[100.34,6.28],[100.42,6.28],[100.42,6.36],[100.34,6.36],[100.34,6.28]]],[[[100.42,6.28],[100.5,6.28],[100.5,6.36],[100.42,6.36],[100.42,6.28]]],[[[100.5,6.28],[100.58,6.28],[100.58,6.36],[100.5,6.36],[100.5,6.28]]],[[[100.58,6.28],[100.66,6.28],[100.66,6.36],[100.58,6.36],[100.58,6.28]]],[[[100.66,6.28],[100.74,6.28],[100.74,6.36],[100.66,6.36],[100.66,6.28]]],[[[100.74,6.28],[100.82,6.28],[100.82,6.36],[100.74,6.36],[100.74,6.28]]],[[[100.9,6.28],[100.98,6.28],[100.98,6.36],[100.9,6.36],[100.9,6.28]]],[[[100.98,6.28],[101.06,6.28],[101.06,6.36],[100.98,6.36],[100.98,6.28]]],[[[101.06,6.28],[101.14,6.28],[101.14,6.36],[101.06,6.36],[101.06,6.28]]],[[[100.26,6.36],[100.34,6.36],[100.34,6.44],[100.26,6.44],[100.26,6.36]]],[[[100.34,6.36],[100.42,6.36],[100.42,6.44],[100.34,6.44],[100.34,6.36]]],[[[100.42,6.36],[100.5,6.36],[100.5,6.44],[100.42,6.44],[100.42,6.36]]],[[[100.5,6.36],[100.58,6.36],[100.58,6.44],[100.5,6.44],[100.5,6.36]]],[[[100.58,6.36],[100.66,6.36],[100.66,6.44],[100.58,6.44],[100.58,6.36]]],[[[100.66,6.36],[100.74,6.36],[100.74,6.44],[100.66,6.44],[100.66,6.36]]],[[[100.74,6.36],[100.82,6.36],[100.82,6.44],[100.74,6.44],[100.74,6.36]]],[[[100.9,6.36],[100.98,6.36],[100.98,6.44],[100.9,6.44],[100.9,6.36]]],[[[100.98,6.36],[101.06,6.36],[101.06,6.44],[100.98,6.44],[100.98,6.36]]],[[[101.06,6.36],[101.14,6.36],[101.14,6.44],[101.06,6.44],[101.06,6.36]]],[[[101.14,6.36],[101.22,6.36],[101.22,6.44],[101.14,6.44],[101.14,6.36]]],[[[100.26,6.4399999999999995],[100.34,6.4399999999999995],[100.34,6.52],[100.26,6.52],[100.26,6.4399999999999995]]],[[[100.34,6.4399999999999995],[100.42,6.4399999999999995],[100.42,6.52],[100.34,6.52],[100.34,6.4399999999999995]]],[[[100.42,6.4399999999999995],[100.5,6.4399999999999995],[100.5,6.52],[100.42,6.52],[100.42,6.4399999999999995]]],[[[100.5,6.4399999999999995],[100.58,6.4399999999999995],[100.58,6.52],[100.5,6.52],[100.5,6.4399999999999995]]],[[[100.98,6.4399999999999995],[101.06,6.4399999999999995],[101.06,6.52],[100.98,6.52],[100.98,6.4399999999999995]]],[[[101.06,6.4399999999999995],[101.14,6.4399999999999995],[101.14,6.52],[101.06,6.52],[101.06,6.4399999999999995]]],[[[100.26,6.52],[100.34,6.52],[100.34,6.6],[100.26,6.6],[100.26,6.52]]],[[[101.06,6.52],[101.14,6.52],[101.14,6.6],[101.06,6.6],[101.06,6.52]]],[[[100.26,6.6],[100.34,6.6],[100.34,6.68],[100.26,6.68],[100.26,6.6]]],[[[100.98,6.84],[101.06,6.84],[101.06,6.92],[100.98,6.92],[100.98,6.84]]],[[[100.82,6.92],[100.89999999999999,6.92],[100.89999999999999,7],[100.82,7],[100.82,6.92]]],[[[100.9,6.92],[100.98,6.92],[100.98,7],[100.9,7],[100.9,6.92]]],[[[100.98,6.92],[101.06,6.92],[101.06,7],[100.98,7],[100.98,6.92]]],[[[100.74,7],[100.82,7],[100.82,7.08],[100.74,7.08],[100.74,7]]],[[[100.82,7],[100.89999999999999,7],[100.89999999999999,7.08],[100.82,7.08],[100.82,7]]],[[[100.9,7],[100.98,7],[100.98,7.08],[100.9,7.08],[100.9,7]]],[[[100.98,7],[101.06,7],[101.06,7.08],[100.98,7.08],[100.98,7]]],[[[100.02,7.08],[100.1,7.08],[100.1,7.16],[100.02,7.16],[100.02,7.08]]],[[[100.66,7.08],[100.74,7.08],[100.74,7.16],[100.66,7.16],[100.66,7.08]]],[[[100.74,7.08],[100.82,7.08],[100.82,7.16],[100.74,7.16],[100.74,7.08]]],[[[100.82,7.08],[100.89999999999999,7.08],[100.89999999999999,7.16],[100.82,7.16],[100.82,7.08]]],[[[100.9,7.08],[100.98,7.08],[100.98,7.16],[100.9,7.16],[100.9,7.08]]],[[[100.98,7.08],[101.06,7.08],[101.06,7.16],[100.98,7.16],[100.98,7.08]]],[[[100.02,7.16],[100.1,7.16],[100.1,7.24],[100.02,7.24],[100.02,7.16]]],[[[100.1,7.16],[100.17999999999999,7.16],[100.17999999999999,7.24],[100.1,7.24],[100.1,7.16]]],[[[100.18,7.16],[100.26,7.16],[100.26,7.24],[100.18,7.24],[100.18,7.16]]],[[[100.42,7.16],[100.5,7.16],[100.5,7.24],[100.42,7.24],[100.42,7.16]]],[[[100.5,7.16],[100.58,7.16],[100.58,7.24],[100.5,7.24],[100.5,7.16]]],[[[100.58,7.16],[100.66,7.16],[100.66,7.24],[100.58,7.24],[100.58,7.16]]],[[[100.66,7.16],[100.74,7.16],[100.74,7.24],[100.66,7.24],[100.66,7.16]]],[[[100.74,7.16],[100.82,7.16],[100.82,7.24],[100.74,7.24],[100.74,7.16]]],[[[100.82,7.16],[100.89999999999999,7.16],[100.89999999999999,7.24],[100.82,7.24],[100.82,7.16]]],[[[100.9,7.16],[100.98,7.16],[100.98,7.24],[100.9,7.24],[100.9,7.16]]],[[[100.98,7.16],[101.06,7.16],[101.06,7.24],[100.98,7.24],[100.98,7.16]]],[[[100.1,7.24],[100.17999999999999,7.24],[100.17999999999999,7.32],[100.1,7.32],[100.1,7.24]]],[[[100.18,7.24],[100.26,7.24],[100.26,7.32],[100.18,7.32],[100.18,7.24]]],[[[100.26,7.24],[100.34,7.24],[100.34,7.32],[100.26,7.32],[100.26,7.24]]],[[[100.5,7.24],[100.58,7.24],[100.58,7.32],[100.5,7.32],[100.5,7.24]]],[[[100.58,7.24],[100.66,7.24],[100.66,7.32],[100.58,7.32],[100.58,7.24]]],[[[100.66,7.24],[100.74,7.24],[100.74,7.32],[100.66,7.32],[100.66,7.24]]],[[[100.74,7.24],[100.82,7.24],[100.82,7.32],[100.74,7.32],[100.74,7.24]]],[[[100.82,7.24],[100.89999999999999,7.24],[100.89999999999999,7.32],[100.82,7.32],[100.82,7.24]]],[[[100.9,7.24],[100.98,7.24],[100.98,7.32],[100.9,7.32],[100.9,7.24]]],[[[100.98,7.24],[101.06,7.24],[101.06,7.32],[100.98,7.32],[100.98,7.24]]],[[[100.1,7.32],[100.17999999999999,7.32],[100.17999999999999,7.4],[100.1,7.4],[100.1,7.32]]],[[[100.18,7.32],[100.26,7.32],[100.26,7.4],[100.18,7.4],[100.18,7.32]]],[[[100.26,7.32],[100.34,7.32],[100.34,7.4],[100.26,7.4],[100.26,7.32]]],[[[100.34,7.32],[100.42,7.32],[100.42,7.4],[100.34,7.4],[100.34,7.32]]],[[[100.5,7.32],[100.58,7.32],[100.58,7.4],[100.5,7.4],[100.5,7.32]]],[[[100.58,7.32],[100.66,7.32],[100.66,7.4],[100.58,7.4],[100.58,7.32]]],[[[100.66,7.32],[100.74,7.32],[100.74,7.4],[100.66,7.4],[100.66,7.32]]],[[[100.74,7.32],[100.82,7.32],[100.82,7.4],[100.74,7.4],[100.74,7.32]]],[[[100.82,7.32],[100.89999999999999,7.32],[100.89999999999999,7.4],[100.82,7.4],[100.82,7.32]]],[[[100.9,7.32],[100.98,7.32],[100.98,7.4],[100.9,7.4],[100.9,7.32]]],[[[100.98,7.32],[101.06,7.32],[101.06,7.4],[100.98,7.4],[100.98,7.32]]],[[[100.1,7.4],[100.17999999999999,7.4],[100.17999999999999,7.48],[100.1,7.48],[100.1,7.4]]],[[[100.18,7.4],[100.26,7.4],[100.26,7.48],[100.18,7.48],[100.18,7.4]]],[[[100.26,7.4],[100.34,7.4],[100.34,7.48],[100.26,7.48],[100.26,7.4]]],[[[100.34,7.4],[100.42,7.4],[100.42,7.48],[100.34,7.48],[100.34,7.4]]],[[[100.42,7.4],[100.5,7.4],[100.5,7.48],[100.42,7.48],[100.42,7.4]]],[[[100.5,7.4],[100.58,7.4],[100.58,7.48],[100.5,7.48],[100.5,7.4]]],[[[100.58,7.4],[100.66,7.4],[100.66,7.48],[100.58,7.48],[100.58,7.4]]],[[[100.66,7.4],[100.74,7.4],[100.74,7.48],[100.66,7.48],[100.66,7.4]]],[[[100.74,7.4],[100.82,7.4],[100.82,7.48],[100.74,7.48],[100.74,7.4]]],[[[100.82,7.4],[100.89999999999999,7.4],[100.89999999999999,7.48],[100.82,7.48],[100.82,7.4]]],[[[100.9,7.4],[100.98,7.4],[100.98,7.48],[100.9,7.48],[100.9,7.4]]],[[[100.98,7.4],[101.06,7.4],[101.06,7.48],[100.98,7.48],[100.98,7.4]]],[[[100.1,7.48],[100.17999999999999,7.48],[100.17999999999999,7.5600000000000005],[100.1,7.5600000000000005],[100.1,7.48]]],[[[100.18,7.48],[100.26,7.48],[100.26,7.5600000000000005],[100.18,7.5600000000000005],[100.18,7.48]]],[[[100.26,7.48],[100.34,7.48],[100.34,7.5600000000000005],[100.26,7.5600000000000005],[100.26,7.48]]],[[[100.34,7.48],[100.42,7.48],[100.42,7.5600000000000005],[100.34,7.5600000000000005],[100.34,7.48]]],[[[100.42,7.48],[100.5,7.48],[100.5,7.5600000000000005],[100.42,7.5600000000000005],[100.42,7.48]]],[[[100.5,7.48],[100.58,7.48],[100.58,7.5600000000000005],[100.5,7.5600000000000005],[100.5,7.48]]],[[[100.58,7.48],[100.66,7.48],[100.66,7.5600000000000005],[100.58,7.5600000000000005],[100.58,7.48]]],[[[100.66,7.48],[100.74,7.48],[100.74,7.5600000000000005],[100.66,7.5600000000000005],[100.66,7.48]]],[[[100.74,7.48],[100.82,7.48],[100.82,7.5600000000000005],[100.74,7.5600000000000005],[100.74,7.48]]],[[[100.82,7.48],[100.89999999999999,7.48],[100.89999999999999,7.5600000000000005],[100.82,7.5600000000000005],[100.82,7.48]]],[[[100.9,7.48],[100.98,7.48],[100.98,7.5600000000000005],[100.9,7.5600000000000005],[100.9,7.48]]],[[[100.98,7.48],[101.06,7.48],[101.06,7.5600000000000005],[100.98,7.5600000000000005],[100.98,7.48]]],[[[101.06,7.48],[101.14,7.48],[101.14,7.5600000000000005],[101.06,7.5600000000000005],[101.06,7.48]]],[[[100.02,7.5600000000000005],[100.1,7.5600000000000005],[100.1,7.640000000000001],[100.02,7.640000000000001],[100.02,7.5600000000000005]]],[[[100.1,7.5600000000000005],[100.17999999999999,7.5600000000000005],[100.17999999999999,7.640000000000001],[100.1,7.640000000000001],[100.1,7.5600000000000005]]],[[[100.18,7.5600000000000005],[100.26,7.5600000000000005],[100.26,7.640000000000001],[100.18,7.640000000000001],[100.18,7.5600000000000005]]],[[[100.26,7.5600000000000005],[100.34,7.5600000000000005],[100.34,7.640000000000001],[100.26,7.640000000000001],[100.26,7.5600000000000005]]],[[[100.42,7.5600000000000005],[100.5,7.5600000000000005],[100.5,7.640000000000001],[100.42,7.640000000000001],[100.42,7.5600000000000005]]],[[[100.5,7.5600000000000005],[100.58,7.5600000000000005],[100.58,7.640000000000001],[100.5,7.640000000000001],[100.5,7.5600000000000005]]],[[[100.58,7.5600000000000005],[100.66,7.5600000000000005],[100.66,7.640000000000001],[100.58,7.640000000000001],[100.58,7.5600000000000005]]],[[[100.66,7.5600000000000005],[100.74,7.5600000000000005],[100.74,7.640000000000001],[100.66,7.640000000000001],[100.66,7.5600000000000005]]],[[[100.74,7.5600000000000005],[100.82,7.5600000000000005],[100.82,7.640000000000001],[100.74,7.640000000000001],[100.74,7.5600000000000005]]],[[[100.82,7.5600000000000005],[100.89999999999999,7.5600000000000005],[100.89999999999999,7.640000000000001],[100.82,7.640000000000001],[100.82,7.5600000000000005]]],[[[100.9,7.5600000000000005],[100.98,7.5600000000000005],[100.98,7.640000000000001],[100.9,7.640000000000001],[100.9,7.5600000000000005]]],[[[100.98,7.5600000000000005],[101.06,7.5600000000000005],[101.06,7.640000000000001],[100.98,7.640000000000001],[100.98,7.5600000000000005]]],[[[101.06,7.5600000000000005],[101.14,7.5600000000000005],[101.14,7.640000000000001],[101.06,7.640000000000001],[101.06,7.5600000000000005]]],[[[100.02,7.640000000000001],[100.1,7.640000000000001],[100.1,7.720000000000001],[100.02,7.720000000000001],[100.02,7.640000000000001]]],[[[100.1,7.640000000000001],[100.17999999999999,7.640000000000001],[100.17999999999999,7.720000000000001],[100.1,7.720000000000001],[100.1,7.640000000000001]]],[[[100.18,7.640000000000001],[100.26,7.640000000000001],[100.26,7.720000000000001],[100.18,7.720000000000001],[100.18,7.640000000000001]]],[[[100.26,7.640000000000001],[100.34,7.640000000000001],[100.34,7.720000000000001],[100.26,7.720000000000001],[100.26,7.640000000000001]]],[[[100.42,7.640000000000001],[100.5,7.640000000000001],[100.5,7.720000000000001],[100.42,7.720000000000001],[100.42,7.640000000000001]]],[[[100.5,7.640000000000001],[100.58,7.640000000000001],[100.58,7.720000000000001],[100.5,7.720000000000001],[100.5,7.640000000000001]]],[[[100.58,7.640000000000001],[100.66,7.640000000000001],[100.66,7.720000000000001],[100.58,7.720000000000001],[100.58,7.640000000000001]]],[[[100.66,7.640000000000001],[100.74,7.640000000000001],[100.74,7.720000000000001],[100.66,7.720000000000001],[100.66,7.640000000000001]]],[[[100.74,7.640000000000001],[100.82,7.640000000000001],[100.82,7.720000000000001],[100.74,7.720000000000001],[100.74,7.640000000000001]]],[[[100.82,7.640000000000001],[100.89999999999999,7.640000000000001],[100.89999999999999,7.720000000000001],[100.82,7.720000000000001],[100.82,7.640000000000001]]],[[[100.9,7.640000000000001],[100.98,7.640000000000001],[100.98,7.720000000000001],[100.9,7.720000000000001],[100.9,7.640000000000001]]],[[[100.98,7.640000000000001],[101.06,7.640000000000001],[101.06,7.720000000000001],[100.98,7.720000000000001],[100.98,7.640000000000001]]],[[[101.06,7.640000000000001],[101.14,7.640000000000001],[101.14,7.720000000000001],[101.06,7.720000000000001],[101.06,7.640000000000001]]],[[[101.14,7.640000000000001],[101.22,7.640000000000001],[101.22,7.720000000000001],[101.14,7.720000000000001],[101.14,7.640000000000001]]],[[[100.1,7.720000000000001],[100.17999999999999,7.720000000000001],[100.17999999999999,7.800000000000001],[100.1,7.800000000000001],[100.1,7.720000000000001]]],[[[100.18,7.720000000000001],[100.26,7.720000000000001],[100.26,7.800000000000001],[100.18,7.800000000000001],[100.18,7.720000000000001]]],[[[100.26,7.720000000000001],[100.34,7.720000000000001],[100.34,7.800000000000001],[100.26,7.800000000000001],[100.26,7.720000000000001]]],[[[100.34,7.720000000000001],[100.42,7.720000000000001],[100.42,7.800000000000001],[100.34,7.800000000000001],[100.34,7.720000000000001]]],[[[100.42,7.720000000000001],[100.5,7.720000000000001],[100.5,7.800000000000001],[100.42,7.800000000000001],[100.42,7.720000000000001]]],[[[100.5,7.720000000000001],[100.58,7.720000000000001],[100.58,7.800000000000001],[100.5,7.800000000000001],[100.5,7.720000000000001]]],[[[100.58,7.720000000000001],[100.66,7.720000000000001],[100.66,7.800000000000001],[100.58,7.800000000000001],[100.58,7.720000000000001]]],[[[100.66,7.720000000000001],[100.74,7.720000000000001],[100.74,7.800000000000001],[100.66,7.800000000000001],[100.66,7.720000000000001]]],[[[100.74,7.720000000000001],[100.82,7.720000000000001],[100.82,7.800000000000001],[100.74,7.800000000000001],[100.74,7.720000000000001]]],[[[100.82,7.720000000000001],[100.89999999999999,7.720000000000001],[100.89999999999999,7.800000000000001],[100.82,7.800000000000001],[100.82,7.720000000000001]]],[[[100.9,7.720000000000001],[100.98,7.720000000000001],[100.98,7.800000000000001],[100.9,7.800000000000001],[100.9,7.720000000000001]]],[[[100.98,7.720000000000001],[101.06,7.720000000000001],[101.06,7.800000000000001],[100.98,7.800000000000001],[100.98,7.720000000000001]]],[[[101.06,7.720000000000001],[101.14,7.720000000000001],[101.14,7.800000000000001],[101.06,7.800000000000001],[101.06,7.720000000000001]]],[[[100.34,7.800000000000001],[100.42,7.800000000000001],[100.42,7.880000000000001],[100.34,7.880000000000001],[100.34,7.800000000000001]]],[[[100.42,7.800000000000001],[100.5,7.800000000000001],[100.5,7.880000000000001],[100.42,7.880000000000001],[100.42,7.800000000000001]]],[[[100.5,7.800000000000001],[100.58,7.800000000000001],[100.58,7.880000000000001],[100.5,7.880000000000001],[100.5,7.800000000000001]]],[[[100.58,7.800000000000001],[100.66,7.800000000000001],[100.66,7.880000000000001],[100.58,7.880000000000001],[100.58,7.800000000000001]]],[[[100.66,7.800000000000001],[100.74,7.800000000000001],[100.74,7.880000000000001],[100.66,7.880000000000001],[100.66,7.800000000000001]]],[[[100.74,7.800000000000001],[100.82,7.800000000000001],[100.82,7.880000000000001],[100.74,7.880000000000001],[100.74,7.800000000000001]]],[[[100.82,7.800000000000001],[100.89999999999999,7.800000000000001],[100.89999999999999,7.880000000000001],[100.82,7.880000000000001],[100.82,7.800000000000001]]],[[[100.9,7.800000000000001],[100.98,7.800000000000001],[100.98,7.880000000000001],[100.9,7.880000000000001],[100.9,7.800000000000001]]],[[[100.34,7.88],[100.42,7.88],[100.42,7.96],[100.34,7.96],[100.34,7.88]]],[[[100.42,7.88],[100.5,7.88],[100.5,7.96],[100.42,7.96],[100.42,7.88]]],[[[100.5,7.88],[100.58,7.88],[100.58,7.96],[100.5,7.96],[100.5,7.88]]],[[[100.58,7.88],[100.66,7.88],[100.66,7.96],[100.58,7.96],[100.58,7.88]]],[[[100.66,7.88],[100.74,7.88],[100.74,7.96],[100.66,7.96],[100.66,7.88]]],[[[100.74,7.88],[100.82,7.88],[100.82,7.96],[100.74,7.96],[100.74,7.88]]],[[[100.66,7.96],[100.74,7.96],[100.74,8.04],[100.66,8.04],[100.66,7.96]]]]}},{"type":"Feature","properties":{"region_id":"TH-84","region_iso":"TH-84","region_shape_id":"36821470B94320894939793","region_name":"Surat Thani","region_name_local":"Surat Thani","adm_level":"ADM1","zone_hint":"GOT","geometry_kind":"derived_marine_admin_polygon","derivation":"nearest_coastal_province_on_regular_sea_grid","cell_count":489,"cell_size_deg":0.08},"geometry":{"type":"MultiPolygon","coordinates":[[[[100.34,9.08],[100.42,9.08],[100.42,9.16],[100.34,9.16],[100.34,9.08]]],[[[100.42,9.08],[100.5,9.08],[100.5,9.16],[100.42,9.16],[100.42,9.08]]],[[[100.5,9.08],[100.58,9.08],[100.58,9.16],[100.5,9.16],[100.5,9.08]]],[[[100.58,9.08],[100.66,9.08],[100.66,9.16],[100.58,9.16],[100.58,9.08]]],[[[100.66,9.08],[100.74,9.08],[100.74,9.16],[100.66,9.16],[100.66,9.08]]],[[[100.18,9.16],[100.26,9.16],[100.26,9.24],[100.18,9.24],[100.18,9.16]]],[[[100.26,9.16],[100.34,9.16],[100.34,9.24],[100.26,9.24],[100.26,9.16]]],[[[100.34,9.16],[100.42,9.16],[100.42,9.24],[100.34,9.24],[100.34,9.16]]],[[[100.42,9.16],[100.5,9.16],[100.5,9.24],[100.42,9.24],[100.42,9.16]]],[[[100.5,9.16],[100.58,9.16],[100.58,9.24],[100.5,9.24],[100.5,9.16]]],[[[100.58,9.16],[100.66,9.16],[100.66,9.24],[100.58,9.24],[100.58,9.16]]],[[[100.66,9.16],[100.74,9.16],[100.74,9.24],[100.66,9.24],[100.66,9.16]]],[[[100.74,9.16],[100.82,9.16],[100.82,9.24],[100.74,9.24],[100.74,9.16]]],[[[99.22,9.24],[99.3,9.24],[99.3,9.32],[99.22,9.32],[99.22,9.24]]],[[[99.3,9.24],[99.38,9.24],[99.38,9.32],[99.3,9.32],[99.3,9.24]]],[[[99.38,9.24],[99.46,9.24],[99.46,9.32],[99.38,9.32],[99.38,9.24]]],[[[99.46,9.24],[99.53999999999999,9.24],[99.53999999999999,9.32],[99.46,9.32],[99.46,9.24]]],[[[99.54,9.24],[99.62,9.24],[99.62,9.32],[99.54,9.32],[99.54,9.24]]],[[[100.02,9.24],[100.1,9.24],[100.1,9.32],[100.02,9.32],[100.02,9.24]]],[[[100.1,9.24],[100.17999999999999,9.24],[100.17999999999999,9.32],[100.1,9.32],[100.1,9.24]]],[[[100.18,9.24],[100.26,9.24],[100.26,9.32],[100.18,9.32],[100.18,9.24]]],[[[100.26,9.24],[100.34,9.24],[100.34,9.32],[100.26,9.32],[100.26,9.24]]],[[[100.34,9.24],[100.42,9.24],[100.42,9.32],[100.34,9.32],[100.34,9.24]]],[[[100.42,9.24],[100.5,9.24],[100.5,9.32],[100.42,9.32],[100.42,9.24]]],[[[100.5,9.24],[100.58,9.24],[100.58,9.32],[100.5,9.32],[100.5,9.24]]],[[[100.58,9.24],[100.66,9.24],[100.66,9.32],[100.58,9.32],[100.58,9.24]]],[[[100.66,9.24],[100.74,9.24],[100.74,9.32],[100.66,9.32],[100.66,9.24]]],[[[100.74,9.24],[100.82,9.24],[100.82,9.32],[100.74,9.32],[100.74,9.24]]],[[[100.82,9.24],[100.89999999999999,9.24],[100.89999999999999,9.32],[100.82,9.32],[100.82,9.24]]],[[[100.9,9.24],[100.98,9.24],[100.98,9.32],[100.9,9.32],[100.9,9.24]]],[[[99.22,9.32],[99.3,9.32],[99.3,9.4],[99.22,9.4],[99.22,9.32]]],[[[99.3,9.32],[99.38,9.32],[99.38,9.4],[99.3,9.4],[99.3,9.32]]],[[[99.38,9.32],[99.46,9.32],[99.46,9.4],[99.38,9.4],[99.38,9.32]]],[[[99.46,9.32],[99.53999999999999,9.32],[99.53999999999999,9.4],[99.46,9.4],[99.46,9.32]]],[[[99.54,9.32],[99.62,9.32],[99.62,9.4],[99.54,9.4],[99.54,9.32]]],[[[99.62,9.32],[99.7,9.32],[99.7,9.4],[99.62,9.4],[99.62,9.32]]],[[[99.7,9.32],[99.78,9.32],[99.78,9.4],[99.7,9.4],[99.7,9.32]]],[[[99.86,9.32],[99.94,9.32],[99.94,9.4],[99.86,9.4],[99.86,9.32]]],[[[99.94,9.32],[100.02,9.32],[100.02,9.4],[99.94,9.4],[99.94,9.32]]],[[[100.02,9.32],[100.1,9.32],[100.1,9.4],[100.02,9.4],[100.02,9.32]]],[[[100.1,9.32],[100.17999999999999,9.32],[100.17999999999999,9.4],[100.1,9.4],[100.1,9.32]]],[[[100.18,9.32],[100.26,9.32],[100.26,9.4],[100.18,9.4],[100.18,9.32]]],[[[100.26,9.32],[100.34,9.32],[100.34,9.4],[100.26,9.4],[100.26,9.32]]],[[[100.34,9.32],[100.42,9.32],[100.42,9.4],[100.34,9.4],[100.34,9.32]]],[[[100.42,9.32],[100.5,9.32],[100.5,9.4],[100.42,9.4],[100.42,9.32]]],[[[100.5,9.32],[100.58,9.32],[100.58,9.4],[100.5,9.4],[100.5,9.32]]],[[[100.58,9.32],[100.66,9.32],[100.66,9.4],[100.58,9.4],[100.58,9.32]]],[[[100.66,9.32],[100.74,9.32],[100.74,9.4],[100.66,9.4],[100.66,9.32]]],[[[100.74,9.32],[100.82,9.32],[100.82,9.4],[100.74,9.4],[100.74,9.32]]],[[[100.82,9.32],[100.89999999999999,9.32],[100.89999999999999,9.4],[100.82,9.4],[100.82,9.32]]],[[[100.9,9.32],[100.98,9.32],[100.98,9.4],[100.9,9.4],[100.9,9.32]]],[[[100.98,9.32],[101.06,9.32],[101.06,9.4],[100.98,9.4],[100.98,9.32]]],[[[99.3,9.4],[99.38,9.4],[99.38,9.48],[99.3,9.48],[99.3,9.4]]],[[[99.38,9.4],[99.46,9.4],[99.46,9.48],[99.38,9.48],[99.38,9.4]]],[[[99.46,9.4],[99.53999999999999,9.4],[99.53999999999999,9.48],[99.46,9.48],[99.46,9.4]]],[[[99.54,9.4],[99.62,9.4],[99.62,9.48],[99.54,9.48],[99.54,9.4]]],[[[99.62,9.4],[99.7,9.4],[99.7,9.48],[99.62,9.48],[99.62,9.4]]],[[[99.7,9.4],[99.78,9.4],[99.78,9.48],[99.7,9.48],[99.7,9.4]]],[[[99.78,9.4],[99.86,9.4],[99.86,9.48],[99.78,9.48],[99.78,9.4]]],[[[99.86,9.4],[99.94,9.4],[99.94,9.48],[99.86,9.48],[99.86,9.4]]],[[[100.02,9.4],[100.1,9.4],[100.1,9.48],[100.02,9.48],[100.02,9.4]]],[[[100.1,9.4],[100.17999999999999,9.4],[100.17999999999999,9.48],[100.1,9.48],[100.1,9.4]]],[[[100.18,9.4],[100.26,9.4],[100.26,9.48],[100.18,9.48],[100.18,9.4]]],[[[100.26,9.4],[100.34,9.4],[100.34,9.48],[100.26,9.48],[100.26,9.4]]],[[[100.34,9.4],[100.42,9.4],[100.42,9.48],[100.34,9.48],[100.34,9.4]]],[[[100.42,9.4],[100.5,9.4],[100.5,9.48],[100.42,9.48],[100.42,9.4]]],[[[100.5,9.4],[100.58,9.4],[100.58,9.48],[100.5,9.48],[100.5,9.4]]],[[[100.58,9.4],[100.66,9.4],[100.66,9.48],[100.58,9.48],[100.58,9.4]]],[[[100.66,9.4],[100.74,9.4],[100.74,9.48],[100.66,9.48],[100.66,9.4]]],[[[100.74,9.4],[100.82,9.4],[100.82,9.48],[100.74,9.48],[100.74,9.4]]],[[[100.82,9.4],[100.89999999999999,9.4],[100.89999999999999,9.48],[100.82,9.48],[100.82,9.4]]],[[[100.9,9.4],[100.98,9.4],[100.98,9.48],[100.9,9.48],[100.9,9.4]]],[[[100.98,9.4],[101.06,9.4],[101.06,9.48],[100.98,9.48],[100.98,9.4]]],[[[101.06,9.4],[101.14,9.4],[101.14,9.48],[101.06,9.48],[101.06,9.4]]],[[[101.14,9.4],[101.22,9.4],[101.22,9.48],[101.14,9.48],[101.14,9.4]]],[[[99.22,9.48],[99.3,9.48],[99.3,9.56],[99.22,9.56],[99.22,9.48]]],[[[99.3,9.48],[99.38,9.48],[99.38,9.56],[99.3,9.56],[99.3,9.48]]],[[[99.38,9.48],[99.46,9.48],[99.46,9.56],[99.38,9.56],[99.38,9.48]]],[[[99.46,9.48],[99.53999999999999,9.48],[99.53999999999999,9.56],[99.46,9.56],[99.46,9.48]]],[[[99.54,9.48],[99.62,9.48],[99.62,9.56],[99.54,9.56],[99.54,9.48]]],[[[99.62,9.48],[99.7,9.48],[99.7,9.56],[99.62,9.56],[99.62,9.48]]],[[[99.7,9.48],[99.78,9.48],[99.78,9.56],[99.7,9.56],[99.7,9.48]]],[[[99.78,9.48],[99.86,9.48],[99.86,9.56],[99.78,9.56],[99.78,9.48]]],[[[99.86,9.48],[99.94,9.48],[99.94,9.56],[99.86,9.56],[99.86,9.48]]],[[[100.02,9.48],[100.1,9.48],[100.1,9.56],[100.02,9.56],[100.02,9.48]]],[[[100.1,9.48],[100.17999999999999,9.48],[100.17999999999999,9.56],[100.1,9.56],[100.1,9.48]]],[[[100.18,9.48],[100.26,9.48],[100.26,9.56],[100.18,9.56],[100.18,9.48]]],[[[100.26,9.48],[100.34,9.48],[100.34,9.56],[100.26,9.56],[100.26,9.48]]],[[[100.34,9.48],[100.42,9.48],[100.42,9.56],[100.34,9.56],[100.34,9.48]]],[[[100.42,9.48],[100.5,9.48],[100.5,9.56],[100.42,9.56],[100.42,9.48]]],[[[100.5,9.48],[100.58,9.48],[100.58,9.56],[100.5,9.56],[100.5,9.48]]],[[[100.58,9.48],[100.66,9.48],[100.66,9.56],[100.58,9.56],[100.58,9.48]]],[[[100.66,9.48],[100.74,9.48],[100.74,9.56],[100.66,9.56],[100.66,9.48]]],[[[100.74,9.48],[100.82,9.48],[100.82,9.56],[100.74,9.56],[100.74,9.48]]],[[[100.82,9.48],[100.89999999999999,9.48],[100.89999999999999,9.56],[100.82,9.56],[100.82,9.48]]],[[[100.9,9.48],[100.98,9.48],[100.98,9.56],[100.9,9.56],[100.9,9.48]]],[[[100.98,9.48],[101.06,9.48],[101.06,9.56],[100.98,9.56],[100.98,9.48]]],[[[101.06,9.48],[101.14,9.48],[101.14,9.56],[101.06,9.56],[101.06,9.48]]],[[[101.14,9.48],[101.22,9.48],[101.22,9.56],[101.14,9.56],[101.14,9.48]]],[[[101.22,9.48],[101.3,9.48],[101.3,9.56],[101.22,9.56],[101.22,9.48]]],[[[101.3,9.48],[101.38,9.48],[101.38,9.56],[101.3,9.56],[101.3,9.48]]],[[[99.22,9.56],[99.3,9.56],[99.3,9.64],[99.22,9.64],[99.22,9.56]]],[[[99.3,9.56],[99.38,9.56],[99.38,9.64],[99.3,9.64],[99.3,9.56]]],[[[99.38,9.56],[99.46,9.56],[99.46,9.64],[99.38,9.64],[99.38,9.56]]],[[[99.46,9.56],[99.53999999999999,9.56],[99.53999999999999,9.64],[99.46,9.64],[99.46,9.56]]],[[[99.54,9.56],[99.62,9.56],[99.62,9.64],[99.54,9.64],[99.54,9.56]]],[[[99.62,9.56],[99.7,9.56],[99.7,9.64],[99.62,9.64],[99.62,9.56]]],[[[99.7,9.56],[99.78,9.56],[99.78,9.64],[99.7,9.64],[99.7,9.56]]],[[[99.78,9.56],[99.86,9.56],[99.86,9.64],[99.78,9.64],[99.78,9.56]]],[[[99.86,9.56],[99.94,9.56],[99.94,9.64],[99.86,9.64],[99.86,9.56]]],[[[99.94,9.56],[100.02,9.56],[100.02,9.64],[99.94,9.64],[99.94,9.56]]],[[[100.02,9.56],[100.1,9.56],[100.1,9.64],[100.02,9.64],[100.02,9.56]]],[[[100.1,9.56],[100.17999999999999,9.56],[100.17999999999999,9.64],[100.1,9.64],[100.1,9.56]]],[[[100.18,9.56],[100.26,9.56],[100.26,9.64],[100.18,9.64],[100.18,9.56]]],[[[100.26,9.56],[100.34,9.56],[100.34,9.64],[100.26,9.64],[100.26,9.56]]],[[[100.34,9.56],[100.42,9.56],[100.42,9.64],[100.34,9.64],[100.34,9.56]]],[[[100.42,9.56],[100.5,9.56],[100.5,9.64],[100.42,9.64],[100.42,9.56]]],[[[100.5,9.56],[100.58,9.56],[100.58,9.64],[100.5,9.64],[100.5,9.56]]],[[[100.58,9.56],[100.66,9.56],[100.66,9.64],[100.58,9.64],[100.58,9.56]]],[[[100.66,9.56],[100.74,9.56],[100.74,9.64],[100.66,9.64],[100.66,9.56]]],[[[100.74,9.56],[100.82,9.56],[100.82,9.64],[100.74,9.64],[100.74,9.56]]],[[[100.82,9.56],[100.89999999999999,9.56],[100.89999999999999,9.64],[100.82,9.64],[100.82,9.56]]],[[[100.9,9.56],[100.98,9.56],[100.98,9.64],[100.9,9.64],[100.9,9.56]]],[[[100.98,9.56],[101.06,9.56],[101.06,9.64],[100.98,9.64],[100.98,9.56]]],[[[101.06,9.56],[101.14,9.56],[101.14,9.64],[101.06,9.64],[101.06,9.56]]],[[[101.14,9.56],[101.22,9.56],[101.22,9.64],[101.14,9.64],[101.14,9.56]]],[[[101.22,9.56],[101.3,9.56],[101.3,9.64],[101.22,9.64],[101.22,9.56]]],[[[101.3,9.56],[101.38,9.56],[101.38,9.64],[101.3,9.64],[101.3,9.56]]],[[[101.38,9.56],[101.46,9.56],[101.46,9.64],[101.38,9.64],[101.38,9.56]]],[[[101.46,9.56],[101.53999999999999,9.56],[101.53999999999999,9.64],[101.46,9.64],[101.46,9.56]]],[[[99.14,9.64],[99.22,9.64],[99.22,9.72],[99.14,9.72],[99.14,9.64]]],[[[99.22,9.64],[99.3,9.64],[99.3,9.72],[99.22,9.72],[99.22,9.64]]],[[[99.3,9.64],[99.38,9.64],[99.38,9.72],[99.3,9.72],[99.3,9.64]]],[[[99.38,9.64],[99.46,9.64],[99.46,9.72],[99.38,9.72],[99.38,9.64]]],[[[99.46,9.64],[99.53999999999999,9.64],[99.53999999999999,9.72],[99.46,9.72],[99.46,9.64]]],[[[99.54,9.64],[99.62,9.64],[99.62,9.72],[99.54,9.72],[99.54,9.64]]],[[[99.62,9.64],[99.7,9.64],[99.7,9.72],[99.62,9.72],[99.62,9.64]]],[[[99.7,9.64],[99.78,9.64],[99.78,9.72],[99.7,9.72],[99.7,9.64]]],[[[99.78,9.64],[99.86,9.64],[99.86,9.72],[99.78,9.72],[99.78,9.64]]],[[[99.86,9.64],[99.94,9.64],[99.94,9.72],[99.86,9.72],[99.86,9.64]]],[[[99.94,9.64],[100.02,9.64],[100.02,9.72],[99.94,9.72],[99.94,9.64]]],[[[100.1,9.64],[100.17999999999999,9.64],[100.17999999999999,9.72],[100.1,9.72],[100.1,9.64]]],[[[100.18,9.64],[100.26,9.64],[100.26,9.72],[100.18,9.72],[100.18,9.64]]],[[[100.26,9.64],[100.34,9.64],[100.34,9.72],[100.26,9.72],[100.26,9.64]]],[[[100.34,9.64],[100.42,9.64],[100.42,9.72],[100.34,9.72],[100.34,9.64]]],[[[100.42,9.64],[100.5,9.64],[100.5,9.72],[100.42,9.72],[100.42,9.64]]],[[[100.5,9.64],[100.58,9.64],[100.58,9.72],[100.5,9.72],[100.5,9.64]]],[[[100.58,9.64],[100.66,9.64],[100.66,9.72],[100.58,9.72],[100.58,9.64]]],[[[100.66,9.64],[100.74,9.64],[100.74,9.72],[100.66,9.72],[100.66,9.64]]],[[[100.74,9.64],[100.82,9.64],[100.82,9.72],[100.74,9.72],[100.74,9.64]]],[[[100.82,9.64],[100.89999999999999,9.64],[100.89999999999999,9.72],[100.82,9.72],[100.82,9.64]]],[[[100.9,9.64],[100.98,9.64],[100.98,9.72],[100.9,9.72],[100.9,9.64]]],[[[100.98,9.64],[101.06,9.64],[101.06,9.72],[100.98,9.72],[100.98,9.64]]],[[[101.06,9.64],[101.14,9.64],[101.14,9.72],[101.06,9.72],[101.06,9.64]]],[[[101.14,9.64],[101.22,9.64],[101.22,9.72],[101.14,9.72],[101.14,9.64]]],[[[101.22,9.64],[101.3,9.64],[101.3,9.72],[101.22,9.72],[101.22,9.64]]],[[[101.3,9.64],[101.38,9.64],[101.38,9.72],[101.3,9.72],[101.3,9.64]]],[[[101.38,9.64],[101.46,9.64],[101.46,9.72],[101.38,9.72],[101.38,9.64]]],[[[101.46,9.64],[101.53999999999999,9.64],[101.53999999999999,9.72],[101.46,9.72],[101.46,9.64]]],[[[101.54,9.64],[101.62,9.64],[101.62,9.72],[101.54,9.72],[101.54,9.64]]],[[[101.62,9.64],[101.7,9.64],[101.7,9.72],[101.62,9.72],[101.62,9.64]]],[[[99.38,9.719999999999999],[99.46,9.719999999999999],[99.46,9.799999999999999],[99.38,9.799999999999999],[99.38,9.719999999999999]]],[[[99.46,9.719999999999999],[99.53999999999999,9.719999999999999],[99.53999999999999,9.799999999999999],[99.46,9.799999999999999],[99.46,9.719999999999999]]],[[[99.54,9.719999999999999],[99.62,9.719999999999999],[99.62,9.799999999999999],[99.54,9.799999999999999],[99.54,9.719999999999999]]],[[[99.62,9.719999999999999],[99.7,9.719999999999999],[99.7,9.799999999999999],[99.62,9.799999999999999],[99.62,9.719999999999999]]],[[[99.7,9.719999999999999],[99.78,9.719999999999999],[99.78,9.799999999999999],[99.7,9.799999999999999],[99.7,9.719999999999999]]],[[[99.78,9.719999999999999],[99.86,9.719999999999999],[99.86,9.799999999999999],[99.78,9.799999999999999],[99.78,9.719999999999999]]],[[[99.86,9.719999999999999],[99.94,9.719999999999999],[99.94,9.799999999999999],[99.86,9.799999999999999],[99.86,9.719999999999999]]],[[[100.1,9.719999999999999],[100.17999999999999,9.719999999999999],[100.17999999999999,9.799999999999999],[100.1,9.799999999999999],[100.1,9.719999999999999]]],[[[100.18,9.719999999999999],[100.26,9.719999999999999],[100.26,9.799999999999999],[100.18,9.799999999999999],[100.18,9.719999999999999]]],[[[100.26,9.719999999999999],[100.34,9.719999999999999],[100.34,9.799999999999999],[100.26,9.799999999999999],[100.26,9.719999999999999]]],[[[100.34,9.719999999999999],[100.42,9.719999999999999],[100.42,9.799999999999999],[100.34,9.799999999999999],[100.34,9.719999999999999]]],[[[100.42,9.719999999999999],[100.5,9.719999999999999],[100.5,9.799999999999999],[100.42,9.799999999999999],[100.42,9.719999999999999]]],[[[100.5,9.719999999999999],[100.58,9.719999999999999],[100.58,9.799999999999999],[100.5,9.799999999999999],[100.5,9.719999999999999]]],[[[100.58,9.719999999999999],[100.66,9.719999999999999],[100.66,9.799999999999999],[100.58,9.799999999999999],[100.58,9.719999999999999]]],[[[100.66,9.719999999999999],[100.74,9.719999999999999],[100.74,9.799999999999999],[100.66,9.799999999999999],[100.66,9.719999999999999]]],[[[100.74,9.719999999999999],[100.82,9.719999999999999],[100.82,9.799999999999999],[100.74,9.799999999999999],[100.74,9.719999999999999]]],[[[100.82,9.719999999999999],[100.89999999999999,9.719999999999999],[100.89999999999999,9.799999999999999],[100.82,9.799999999999999],[100.82,9.719999999999999]]],[[[100.9,9.719999999999999],[100.98,9.719999999999999],[100.98,9.799999999999999],[100.9,9.799999999999999],[100.9,9.719999999999999]]],[[[100.98,9.719999999999999],[101.06,9.719999999999999],[101.06,9.799999999999999],[100.98,9.799999999999999],[100.98,9.719999999999999]]],[[[101.06,9.719999999999999],[101.14,9.719999999999999],[101.14,9.799999999999999],[101.06,9.799999999999999],[101.06,9.719999999999999]]],[[[101.14,9.719999999999999],[101.22,9.719999999999999],[101.22,9.799999999999999],[101.14,9.799999999999999],[101.14,9.719999999999999]]],[[[101.22,9.719999999999999],[101.3,9.719999999999999],[101.3,9.799999999999999],[101.22,9.799999999999999],[101.22,9.719999999999999]]],[[[101.3,9.719999999999999],[101.38,9.719999999999999],[101.38,9.799999999999999],[101.3,9.799999999999999],[101.3,9.719999999999999]]],[[[101.38,9.719999999999999],[101.46,9.719999999999999],[101.46,9.799999999999999],[101.38,9.799999999999999],[101.38,9.719999999999999]]],[[[101.46,9.719999999999999],[101.53999999999999,9.719999999999999],[101.53999999999999,9.799999999999999],[101.46,9.799999999999999],[101.46,9.719999999999999]]],[[[101.54,9.719999999999999],[101.62,9.719999999999999],[101.62,9.799999999999999],[101.54,9.799999999999999],[101.54,9.719999999999999]]],[[[101.62,9.719999999999999],[101.7,9.719999999999999],[101.7,9.799999999999999],[101.62,9.799999999999999],[101.62,9.719999999999999]]],[[[101.7,9.719999999999999],[101.78,9.719999999999999],[101.78,9.799999999999999],[101.7,9.799999999999999],[101.7,9.719999999999999]]],[[[99.54,9.8],[99.62,9.8],[99.62,9.88],[99.54,9.88],[99.54,9.8]]],[[[99.62,9.8],[99.7,9.8],[99.7,9.88],[99.62,9.88],[99.62,9.8]]],[[[99.7,9.8],[99.78,9.8],[99.78,9.88],[99.7,9.88],[99.7,9.8]]],[[[99.78,9.8],[99.86,9.8],[99.86,9.88],[99.78,9.88],[99.78,9.8]]],[[[99.86,9.8],[99.94,9.8],[99.94,9.88],[99.86,9.88],[99.86,9.8]]],[[[99.94,9.8],[100.02,9.8],[100.02,9.88],[99.94,9.88],[99.94,9.8]]],[[[100.02,9.8],[100.1,9.8],[100.1,9.88],[100.02,9.88],[100.02,9.8]]],[[[100.1,9.8],[100.17999999999999,9.8],[100.17999999999999,9.88],[100.1,9.88],[100.1,9.8]]],[[[100.18,9.8],[100.26,9.8],[100.26,9.88],[100.18,9.88],[100.18,9.8]]],[[[100.26,9.8],[100.34,9.8],[100.34,9.88],[100.26,9.88],[100.26,9.8]]],[[[100.34,9.8],[100.42,9.8],[100.42,9.88],[100.34,9.88],[100.34,9.8]]],[[[100.42,9.8],[100.5,9.8],[100.5,9.88],[100.42,9.88],[100.42,9.8]]],[[[100.5,9.8],[100.58,9.8],[100.58,9.88],[100.5,9.88],[100.5,9.8]]],[[[100.58,9.8],[100.66,9.8],[100.66,9.88],[100.58,9.88],[100.58,9.8]]],[[[100.66,9.8],[100.74,9.8],[100.74,9.88],[100.66,9.88],[100.66,9.8]]],[[[100.74,9.8],[100.82,9.8],[100.82,9.88],[100.74,9.88],[100.74,9.8]]],[[[100.82,9.8],[100.89999999999999,9.8],[100.89999999999999,9.88],[100.82,9.88],[100.82,9.8]]],[[[100.9,9.8],[100.98,9.8],[100.98,9.88],[100.9,9.88],[100.9,9.8]]],[[[100.98,9.8],[101.06,9.8],[101.06,9.88],[100.98,9.88],[100.98,9.8]]],[[[101.06,9.8],[101.14,9.8],[101.14,9.88],[101.06,9.88],[101.06,9.8]]],[[[101.14,9.8],[101.22,9.8],[101.22,9.88],[101.14,9.88],[101.14,9.8]]],[[[101.22,9.8],[101.3,9.8],[101.3,9.88],[101.22,9.88],[101.22,9.8]]],[[[101.3,9.8],[101.38,9.8],[101.38,9.88],[101.3,9.88],[101.3,9.8]]],[[[101.38,9.8],[101.46,9.8],[101.46,9.88],[101.38,9.88],[101.38,9.8]]],[[[101.46,9.8],[101.53999999999999,9.8],[101.53999999999999,9.88],[101.46,9.88],[101.46,9.8]]],[[[101.54,9.8],[101.62,9.8],[101.62,9.88],[101.54,9.88],[101.54,9.8]]],[[[101.62,9.8],[101.7,9.8],[101.7,9.88],[101.62,9.88],[101.62,9.8]]],[[[101.7,9.8],[101.78,9.8],[101.78,9.88],[101.7,9.88],[101.7,9.8]]],[[[101.78,9.8],[101.86,9.8],[101.86,9.88],[101.78,9.88],[101.78,9.8]]],[[[101.86,9.8],[101.94,9.8],[101.94,9.88],[101.86,9.88],[101.86,9.8]]],[[[99.54,9.879999999999999],[99.62,9.879999999999999],[99.62,9.959999999999999],[99.54,9.959999999999999],[99.54,9.879999999999999]]],[[[99.62,9.879999999999999],[99.7,9.879999999999999],[99.7,9.959999999999999],[99.62,9.959999999999999],[99.62,9.879999999999999]]],[[[99.7,9.879999999999999],[99.78,9.879999999999999],[99.78,9.959999999999999],[99.7,9.959999999999999],[99.7,9.879999999999999]]],[[[99.78,9.879999999999999],[99.86,9.879999999999999],[99.86,9.959999999999999],[99.78,9.959999999999999],[99.78,9.879999999999999]]],[[[99.86,9.879999999999999],[99.94,9.879999999999999],[99.94,9.959999999999999],[99.86,9.959999999999999],[99.86,9.879999999999999]]],[[[99.94,9.879999999999999],[100.02,9.879999999999999],[100.02,9.959999999999999],[99.94,9.959999999999999],[99.94,9.879999999999999]]],[[[100.02,9.879999999999999],[100.1,9.879999999999999],[100.1,9.959999999999999],[100.02,9.959999999999999],[100.02,9.879999999999999]]],[[[100.1,9.879999999999999],[100.17999999999999,9.879999999999999],[100.17999999999999,9.959999999999999],[100.1,9.959999999999999],[100.1,9.879999999999999]]],[[[100.18,9.879999999999999],[100.26,9.879999999999999],[100.26,9.959999999999999],[100.18,9.959999999999999],[100.18,9.879999999999999]]],[[[100.26,9.879999999999999],[100.34,9.879999999999999],[100.34,9.959999999999999],[100.26,9.959999999999999],[100.26,9.879999999999999]]],[[[100.34,9.879999999999999],[100.42,9.879999999999999],[100.42,9.959999999999999],[100.34,9.959999999999999],[100.34,9.879999999999999]]],[[[100.42,9.879999999999999],[100.5,9.879999999999999],[100.5,9.959999999999999],[100.42,9.959999999999999],[100.42,9.879999999999999]]],[[[100.5,9.879999999999999],[100.58,9.879999999999999],[100.58,9.959999999999999],[100.5,9.959999999999999],[100.5,9.879999999999999]]],[[[100.58,9.879999999999999],[100.66,9.879999999999999],[100.66,9.959999999999999],[100.58,9.959999999999999],[100.58,9.879999999999999]]],[[[100.66,9.879999999999999],[100.74,9.879999999999999],[100.74,9.959999999999999],[100.66,9.959999999999999],[100.66,9.879999999999999]]],[[[100.74,9.879999999999999],[100.82,9.879999999999999],[100.82,9.959999999999999],[100.74,9.959999999999999],[100.74,9.879999999999999]]],[[[100.82,9.879999999999999],[100.89999999999999,9.879999999999999],[100.89999999999999,9.959999999999999],[100.82,9.959999999999999],[100.82,9.879999999999999]]],[[[100.9,9.879999999999999],[100.98,9.879999999999999],[100.98,9.959999999999999],[100.9,9.959999999999999],[100.9,9.879999999999999]]],[[[100.98,9.879999999999999],[101.06,9.879999999999999],[101.06,9.959999999999999],[100.98,9.959999999999999],[100.98,9.879999999999999]]],[[[101.06,9.879999999999999],[101.14,9.879999999999999],[101.14,9.959999999999999],[101.06,9.959999999999999],[101.06,9.879999999999999]]],[[[101.14,9.879999999999999],[101.22,9.879999999999999],[101.22,9.959999999999999],[101.14,9.959999999999999],[101.14,9.879999999999999]]],[[[101.22,9.879999999999999],[101.3,9.879999999999999],[101.3,9.959999999999999],[101.22,9.959999999999999],[101.22,9.879999999999999]]],[[[101.3,9.879999999999999],[101.38,9.879999999999999],[101.38,9.959999999999999],[101.3,9.959999999999999],[101.3,9.879999999999999]]],[[[101.38,9.879999999999999],[101.46,9.879999999999999],[101.46,9.959999999999999],[101.38,9.959999999999999],[101.38,9.879999999999999]]],[[[101.46,9.879999999999999],[101.53999999999999,9.879999999999999],[101.53999999999999,9.959999999999999],[101.46,9.959999999999999],[101.46,9.879999999999999]]],[[[101.54,9.879999999999999],[101.62,9.879999999999999],[101.62,9.959999999999999],[101.54,9.959999999999999],[101.54,9.879999999999999]]],[[[101.62,9.879999999999999],[101.7,9.879999999999999],[101.7,9.959999999999999],[101.62,9.959999999999999],[101.62,9.879999999999999]]],[[[101.7,9.879999999999999],[101.78,9.879999999999999],[101.78,9.959999999999999],[101.7,9.959999999999999],[101.7,9.879999999999999]]],[[[101.78,9.879999999999999],[101.86,9.879999999999999],[101.86,9.959999999999999],[101.78,9.959999999999999],[101.78,9.879999999999999]]],[[[99.54,9.96],[99.62,9.96],[99.62,10.040000000000001],[99.54,10.040000000000001],[99.54,9.96]]],[[[99.62,9.96],[99.7,9.96],[99.7,10.040000000000001],[99.62,10.040000000000001],[99.62,9.96]]],[[[99.7,9.96],[99.78,9.96],[99.78,10.040000000000001],[99.7,10.040000000000001],[99.7,9.96]]],[[[99.78,9.96],[99.86,9.96],[99.86,10.040000000000001],[99.78,10.040000000000001],[99.78,9.96]]],[[[99.86,9.96],[99.94,9.96],[99.94,10.040000000000001],[99.86,10.040000000000001],[99.86,9.96]]],[[[99.94,9.96],[100.02,9.96],[100.02,10.040000000000001],[99.94,10.040000000000001],[99.94,9.96]]],[[[100.02,9.96],[100.1,9.96],[100.1,10.040000000000001],[100.02,10.040000000000001],[100.02,9.96]]],[[[100.1,9.96],[100.17999999999999,9.96],[100.17999999999999,10.040000000000001],[100.1,10.040000000000001],[100.1,9.96]]],[[[100.18,9.96],[100.26,9.96],[100.26,10.040000000000001],[100.18,10.040000000000001],[100.18,9.96]]],[[[100.26,9.96],[100.34,9.96],[100.34,10.040000000000001],[100.26,10.040000000000001],[100.26,9.96]]],[[[100.34,9.96],[100.42,9.96],[100.42,10.040000000000001],[100.34,10.040000000000001],[100.34,9.96]]],[[[100.42,9.96],[100.5,9.96],[100.5,10.040000000000001],[100.42,10.040000000000001],[100.42,9.96]]],[[[100.5,9.96],[100.58,9.96],[100.58,10.040000000000001],[100.5,10.040000000000001],[100.5,9.96]]],[[[100.58,9.96],[100.66,9.96],[100.66,10.040000000000001],[100.58,10.040000000000001],[100.58,9.96]]],[[[100.66,9.96],[100.74,9.96],[100.74,10.040000000000001],[100.66,10.040000000000001],[100.66,9.96]]],[[[100.74,9.96],[100.82,9.96],[100.82,10.040000000000001],[100.74,10.040000000000001],[100.74,9.96]]],[[[100.82,9.96],[100.89999999999999,9.96],[100.89999999999999,10.040000000000001],[100.82,10.040000000000001],[100.82,9.96]]],[[[100.9,9.96],[100.98,9.96],[100.98,10.040000000000001],[100.9,10.040000000000001],[100.9,9.96]]],[[[100.98,9.96],[101.06,9.96],[101.06,10.040000000000001],[100.98,10.040000000000001],[100.98,9.96]]],[[[101.06,9.96],[101.14,9.96],[101.14,10.040000000000001],[101.06,10.040000000000001],[101.06,9.96]]],[[[101.14,9.96],[101.22,9.96],[101.22,10.040000000000001],[101.14,10.040000000000001],[101.14,9.96]]],[[[101.22,9.96],[101.3,9.96],[101.3,10.040000000000001],[101.22,10.040000000000001],[101.22,9.96]]],[[[101.3,9.96],[101.38,9.96],[101.38,10.040000000000001],[101.3,10.040000000000001],[101.3,9.96]]],[[[101.38,9.96],[101.46,9.96],[101.46,10.040000000000001],[101.38,10.040000000000001],[101.38,9.96]]],[[[101.46,9.96],[101.53999999999999,9.96],[101.53999999999999,10.040000000000001],[101.46,10.040000000000001],[101.46,9.96]]],[[[101.54,9.96],[101.62,9.96],[101.62,10.040000000000001],[101.54,10.040000000000001],[101.54,9.96]]],[[[101.62,9.96],[101.7,9.96],[101.7,10.040000000000001],[101.62,10.040000000000001],[101.62,9.96]]],[[[101.7,9.96],[101.78,9.96],[101.78,10.040000000000001],[101.7,10.040000000000001],[101.7,9.96]]],[[[99.54,10.04],[99.62,10.04],[99.62,10.12],[99.54,10.12],[99.54,10.04]]],[[[99.62,10.04],[99.7,10.04],[99.7,10.12],[99.62,10.12],[99.62,10.04]]],[[[99.7,10.04],[99.78,10.04],[99.78,10.12],[99.7,10.12],[99.7,10.04]]],[[[99.86,10.04],[99.94,10.04],[99.94,10.12],[99.86,10.12],[99.86,10.04]]],[[[99.94,10.04],[100.02,10.04],[100.02,10.12],[99.94,10.12],[99.94,10.04]]],[[[100.02,10.04],[100.1,10.04],[100.1,10.12],[100.02,10.12],[100.02,10.04]]],[[[100.1,10.04],[100.17999999999999,10.04],[100.17999999999999,10.12],[100.1,10.12],[100.1,10.04]]],[[[100.18,10.04],[100.26,10.04],[100.26,10.12],[100.18,10.12],[100.18,10.04]]],[[[100.26,10.04],[100.34,10.04],[100.34,10.12],[100.26,10.12],[100.26,10.04]]],[[[100.34,10.04],[100.42,10.04],[100.42,10.12],[100.34,10.12],[100.34,10.04]]],[[[100.42,10.04],[100.5,10.04],[100.5,10.12],[100.42,10.12],[100.42,10.04]]],[[[100.5,10.04],[100.58,10.04],[100.58,10.12],[100.5,10.12],[100.5,10.04]]],[[[100.58,10.04],[100.66,10.04],[100.66,10.12],[100.58,10.12],[100.58,10.04]]],[[[100.66,10.04],[100.74,10.04],[100.74,10.12],[100.66,10.12],[100.66,10.04]]],[[[100.74,10.04],[100.82,10.04],[100.82,10.12],[100.74,10.12],[100.74,10.04]]],[[[100.82,10.04],[100.89999999999999,10.04],[100.89999999999999,10.12],[100.82,10.12],[100.82,10.04]]],[[[100.9,10.04],[100.98,10.04],[100.98,10.12],[100.9,10.12],[100.9,10.04]]],[[[100.98,10.04],[101.06,10.04],[101.06,10.12],[100.98,10.12],[100.98,10.04]]],[[[101.06,10.04],[101.14,10.04],[101.14,10.12],[101.06,10.12],[101.06,10.04]]],[[[101.14,10.04],[101.22,10.04],[101.22,10.12],[101.14,10.12],[101.14,10.04]]],[[[101.22,10.04],[101.3,10.04],[101.3,10.12],[101.22,10.12],[101.22,10.04]]],[[[101.3,10.04],[101.38,10.04],[101.38,10.12],[101.3,10.12],[101.3,10.04]]],[[[101.38,10.04],[101.46,10.04],[101.46,10.12],[101.38,10.12],[101.38,10.04]]],[[[101.46,10.04],[101.53999999999999,10.04],[101.53999999999999,10.12],[101.46,10.12],[101.46,10.04]]],[[[101.54,10.04],[101.62,10.04],[101.62,10.12],[101.54,10.12],[101.54,10.04]]],[[[101.62,10.04],[101.7,10.04],[101.7,10.12],[101.62,10.12],[101.62,10.04]]],[[[101.7,10.04],[101.78,10.04],[101.78,10.12],[101.7,10.12],[101.7,10.04]]],[[[99.54,10.120000000000001],[99.62,10.120000000000001],[99.62,10.200000000000001],[99.54,10.200000000000001],[99.54,10.120000000000001]]],[[[99.62,10.120000000000001],[99.7,10.120000000000001],[99.7,10.200000000000001],[99.62,10.200000000000001],[99.62,10.120000000000001]]],[[[99.7,10.120000000000001],[99.78,10.120000000000001],[99.78,10.200000000000001],[99.7,10.200000000000001],[99.7,10.120000000000001]]],[[[99.78,10.120000000000001],[99.86,10.120000000000001],[99.86,10.200000000000001],[99.78,10.200000000000001],[99.78,10.120000000000001]]],[[[99.86,10.120000000000001],[99.94,10.120000000000001],[99.94,10.200000000000001],[99.86,10.200000000000001],[99.86,10.120000000000001]]],[[[99.94,10.120000000000001],[100.02,10.120000000000001],[100.02,10.200000000000001],[99.94,10.200000000000001],[99.94,10.120000000000001]]],[[[100.02,10.120000000000001],[100.1,10.120000000000001],[100.1,10.200000000000001],[100.02,10.200000000000001],[100.02,10.120000000000001]]],[[[100.1,10.120000000000001],[100.17999999999999,10.120000000000001],[100.17999999999999,10.200000000000001],[100.1,10.200000000000001],[100.1,10.120000000000001]]],[[[100.18,10.120000000000001],[100.26,10.120000000000001],[100.26,10.200000000000001],[100.18,10.200000000000001],[100.18,10.120000000000001]]],[[[100.26,10.120000000000001],[100.34,10.120000000000001],[100.34,10.200000000000001],[100.26,10.200000000000001],[100.26,10.120000000000001]]],[[[100.34,10.120000000000001],[100.42,10.120000000000001],[100.42,10.200000000000001],[100.34,10.200000000000001],[100.34,10.120000000000001]]],[[[100.42,10.120000000000001],[100.5,10.120000000000001],[100.5,10.200000000000001],[100.42,10.200000000000001],[100.42,10.120000000000001]]],[[[100.5,10.120000000000001],[100.58,10.120000000000001],[100.58,10.200000000000001],[100.5,10.200000000000001],[100.5,10.120000000000001]]],[[[100.58,10.120000000000001],[100.66,10.120000000000001],[100.66,10.200000000000001],[100.58,10.200000000000001],[100.58,10.120000000000001]]],[[[100.66,10.120000000000001],[100.74,10.120000000000001],[100.74,10.200000000000001],[100.66,10.200000000000001],[100.66,10.120000000000001]]],[[[100.74,10.120000000000001],[100.82,10.120000000000001],[100.82,10.200000000000001],[100.74,10.200000000000001],[100.74,10.120000000000001]]],[[[100.82,10.120000000000001],[100.89999999999999,10.120000000000001],[100.89999999999999,10.200000000000001],[100.82,10.200000000000001],[100.82,10.120000000000001]]],[[[100.9,10.120000000000001],[100.98,10.120000000000001],[100.98,10.200000000000001],[100.9,10.200000000000001],[100.9,10.120000000000001]]],[[[100.98,10.120000000000001],[101.06,10.120000000000001],[101.06,10.200000000000001],[100.98,10.200000000000001],[100.98,10.120000000000001]]],[[[101.06,10.120000000000001],[101.14,10.120000000000001],[101.14,10.200000000000001],[101.06,10.200000000000001],[101.06,10.120000000000001]]],[[[101.14,10.120000000000001],[101.22,10.120000000000001],[101.22,10.200000000000001],[101.14,10.200000000000001],[101.14,10.120000000000001]]],[[[101.22,10.120000000000001],[101.3,10.120000000000001],[101.3,10.200000000000001],[101.22,10.200000000000001],[101.22,10.120000000000001]]],[[[101.3,10.120000000000001],[101.38,10.120000000000001],[101.38,10.200000000000001],[101.3,10.200000000000001],[101.3,10.120000000000001]]],[[[101.38,10.120000000000001],[101.46,10.120000000000001],[101.46,10.200000000000001],[101.38,10.200000000000001],[101.38,10.120000000000001]]],[[[101.46,10.120000000000001],[101.53999999999999,10.120000000000001],[101.53999999999999,10.200000000000001],[101.46,10.200000000000001],[101.46,10.120000000000001]]],[[[101.54,10.120000000000001],[101.62,10.120000000000001],[101.62,10.200000000000001],[101.54,10.200000000000001],[101.54,10.120000000000001]]],[[[101.62,10.120000000000001],[101.7,10.120000000000001],[101.7,10.200000000000001],[101.62,10.200000000000001],[101.62,10.120000000000001]]],[[[99.54,10.2],[99.62,10.2],[99.62,10.28],[99.54,10.28],[99.54,10.2]]],[[[99.62,10.2],[99.7,10.2],[99.7,10.28],[99.62,10.28],[99.62,10.2]]],[[[99.7,10.2],[99.78,10.2],[99.78,10.28],[99.7,10.28],[99.7,10.2]]],[[[99.78,10.2],[99.86,10.2],[99.86,10.28],[99.78,10.28],[99.78,10.2]]],[[[99.86,10.2],[99.94,10.2],[99.94,10.28],[99.86,10.28],[99.86,10.2]]],[[[99.94,10.2],[100.02,10.2],[100.02,10.28],[99.94,10.28],[99.94,10.2]]],[[[100.02,10.2],[100.1,10.2],[100.1,10.28],[100.02,10.28],[100.02,10.2]]],[[[100.1,10.2],[100.17999999999999,10.2],[100.17999999999999,10.28],[100.1,10.28],[100.1,10.2]]],[[[100.18,10.2],[100.26,10.2],[100.26,10.28],[100.18,10.28],[100.18,10.2]]],[[[100.26,10.2],[100.34,10.2],[100.34,10.28],[100.26,10.28],[100.26,10.2]]],[[[100.34,10.2],[100.42,10.2],[100.42,10.28],[100.34,10.28],[100.34,10.2]]],[[[100.42,10.2],[100.5,10.2],[100.5,10.28],[100.42,10.28],[100.42,10.2]]],[[[100.5,10.2],[100.58,10.2],[100.58,10.28],[100.5,10.28],[100.5,10.2]]],[[[100.58,10.2],[100.66,10.2],[100.66,10.28],[100.58,10.28],[100.58,10.2]]],[[[100.66,10.2],[100.74,10.2],[100.74,10.28],[100.66,10.28],[100.66,10.2]]],[[[100.74,10.2],[100.82,10.2],[100.82,10.28],[100.74,10.28],[100.74,10.2]]],[[[100.82,10.2],[100.89999999999999,10.2],[100.89999999999999,10.28],[100.82,10.28],[100.82,10.2]]],[[[100.9,10.2],[100.98,10.2],[100.98,10.28],[100.9,10.28],[100.9,10.2]]],[[[100.98,10.2],[101.06,10.2],[101.06,10.28],[100.98,10.28],[100.98,10.2]]],[[[101.06,10.2],[101.14,10.2],[101.14,10.28],[101.06,10.28],[101.06,10.2]]],[[[101.14,10.2],[101.22,10.2],[101.22,10.28],[101.14,10.28],[101.14,10.2]]],[[[101.22,10.2],[101.3,10.2],[101.3,10.28],[101.22,10.28],[101.22,10.2]]],[[[101.3,10.2],[101.38,10.2],[101.38,10.28],[101.3,10.28],[101.3,10.2]]],[[[101.38,10.2],[101.46,10.2],[101.46,10.28],[101.38,10.28],[101.38,10.2]]],[[[101.46,10.2],[101.53999999999999,10.2],[101.53999999999999,10.28],[101.46,10.28],[101.46,10.2]]],[[[101.54,10.2],[101.62,10.2],[101.62,10.28],[101.54,10.28],[101.54,10.2]]],[[[99.62,10.280000000000001],[99.7,10.280000000000001],[99.7,10.360000000000001],[99.62,10.360000000000001],[99.62,10.280000000000001]]],[[[99.7,10.280000000000001],[99.78,10.280000000000001],[99.78,10.360000000000001],[99.7,10.360000000000001],[99.7,10.280000000000001]]],[[[99.78,10.280000000000001],[99.86,10.280000000000001],[99.86,10.360000000000001],[99.78,10.360000000000001],[99.78,10.280000000000001]]],[[[99.86,10.280000000000001],[99.94,10.280000000000001],[99.94,10.360000000000001],[99.86,10.360000000000001],[99.86,10.280000000000001]]],[[[99.94,10.280000000000001],[100.02,10.280000000000001],[100.02,10.360000000000001],[99.94,10.360000000000001],[99.94,10.280000000000001]]],[[[100.02,10.280000000000001],[100.1,10.280000000000001],[100.1,10.360000000000001],[100.02,10.360000000000001],[100.02,10.280000000000001]]],[[[100.1,10.280000000000001],[100.17999999999999,10.280000000000001],[100.17999999999999,10.360000000000001],[100.1,10.360000000000001],[100.1,10.280000000000001]]],[[[100.18,10.280000000000001],[100.26,10.280000000000001],[100.26,10.360000000000001],[100.18,10.360000000000001],[100.18,10.280000000000001]]],[[[100.26,10.280000000000001],[100.34,10.280000000000001],[100.34,10.360000000000001],[100.26,10.360000000000001],[100.26,10.280000000000001]]],[[[100.34,10.280000000000001],[100.42,10.280000000000001],[100.42,10.360000000000001],[100.34,10.360000000000001],[100.34,10.280000000000001]]],[[[100.42,10.280000000000001],[100.5,10.280000000000001],[100.5,10.360000000000001],[100.42,10.360000000000001],[100.42,10.280000000000001]]],[[[100.5,10.280000000000001],[100.58,10.280000000000001],[100.58,10.360000000000001],[100.5,10.360000000000001],[100.5,10.280000000000001]]],[[[100.58,10.280000000000001],[100.66,10.280000000000001],[100.66,10.360000000000001],[100.58,10.360000000000001],[100.58,10.280000000000001]]],[[[100.66,10.280000000000001],[100.74,10.280000000000001],[100.74,10.360000000000001],[100.66,10.360000000000001],[100.66,10.280000000000001]]],[[[100.74,10.280000000000001],[100.82,10.280000000000001],[100.82,10.360000000000001],[100.74,10.360000000000001],[100.74,10.280000000000001]]],[[[100.82,10.280000000000001],[100.89999999999999,10.280000000000001],[100.89999999999999,10.360000000000001],[100.82,10.360000000000001],[100.82,10.280000000000001]]],[[[100.9,10.280000000000001],[100.98,10.280000000000001],[100.98,10.360000000000001],[100.9,10.360000000000001],[100.9,10.280000000000001]]],[[[100.98,10.280000000000001],[101.06,10.280000000000001],[101.06,10.360000000000001],[100.98,10.360000000000001],[100.98,10.280000000000001]]],[[[101.06,10.280000000000001],[101.14,10.280000000000001],[101.14,10.360000000000001],[101.06,10.360000000000001],[101.06,10.280000000000001]]],[[[101.14,10.280000000000001],[101.22,10.280000000000001],[101.22,10.360000000000001],[101.14,10.360000000000001],[101.14,10.280000000000001]]],[[[101.22,10.280000000000001],[101.3,10.280000000000001],[101.3,10.360000000000001],[101.22,10.360000000000001],[101.22,10.280000000000001]]],[[[101.3,10.280000000000001],[101.38,10.280000000000001],[101.38,10.360000000000001],[101.3,10.360000000000001],[101.3,10.280000000000001]]],[[[101.38,10.280000000000001],[101.46,10.280000000000001],[101.46,10.360000000000001],[101.38,10.360000000000001],[101.38,10.280000000000001]]],[[[101.46,10.280000000000001],[101.53999999999999,10.280000000000001],[101.53999999999999,10.360000000000001],[101.46,10.360000000000001],[101.46,10.280000000000001]]],[[[99.7,10.36],[99.78,10.36],[99.78,10.44],[99.7,10.44],[99.7,10.36]]],[[[99.78,10.36],[99.86,10.36],[99.86,10.44],[99.78,10.44],[99.78,10.36]]],[[[99.86,10.36],[99.94,10.36],[99.94,10.44],[99.86,10.44],[99.86,10.36]]],[[[99.94,10.36],[100.02,10.36],[100.02,10.44],[99.94,10.44],[99.94,10.36]]],[[[100.02,10.36],[100.1,10.36],[100.1,10.44],[100.02,10.44],[100.02,10.36]]],[[[100.1,10.36],[100.17999999999999,10.36],[100.17999999999999,10.44],[100.1,10.44],[100.1,10.36]]],[[[100.18,10.36],[100.26,10.36],[100.26,10.44],[100.18,10.44],[100.18,10.36]]],[[[100.26,10.36],[100.34,10.36],[100.34,10.44],[100.26,10.44],[100.26,10.36]]],[[[100.34,10.36],[100.42,10.36],[100.42,10.44],[100.34,10.44],[100.34,10.36]]],[[[100.42,10.36],[100.5,10.36],[100.5,10.44],[100.42,10.44],[100.42,10.36]]],[[[100.5,10.36],[100.58,10.36],[100.58,10.44],[100.5,10.44],[100.5,10.36]]],[[[100.58,10.36],[100.66,10.36],[100.66,10.44],[100.58,10.44],[100.58,10.36]]],[[[100.66,10.36],[100.74,10.36],[100.74,10.44],[100.66,10.44],[100.66,10.36]]],[[[100.74,10.36],[100.82,10.36],[100.82,10.44],[100.74,10.44],[100.74,10.36]]],[[[100.82,10.36],[100.89999999999999,10.36],[100.89999999999999,10.44],[100.82,10.44],[100.82,10.36]]],[[[100.9,10.36],[100.98,10.36],[100.98,10.44],[100.9,10.44],[100.9,10.36]]],[[[100.98,10.36],[101.06,10.36],[101.06,10.44],[100.98,10.44],[100.98,10.36]]],[[[101.06,10.36],[101.14,10.36],[101.14,10.44],[101.06,10.44],[101.06,10.36]]],[[[101.14,10.36],[101.22,10.36],[101.22,10.44],[101.14,10.44],[101.14,10.36]]],[[[101.22,10.36],[101.3,10.36],[101.3,10.44],[101.22,10.44],[101.22,10.36]]],[[[101.3,10.36],[101.38,10.36],[101.38,10.44],[101.3,10.44],[101.3,10.36]]],[[[101.38,10.36],[101.46,10.36],[101.46,10.44],[101.38,10.44],[101.38,10.36]]],[[[101.46,10.36],[101.53999999999999,10.36],[101.53999999999999,10.44],[101.46,10.44],[101.46,10.36]]],[[[99.78,10.440000000000001],[99.86,10.440000000000001],[99.86,10.520000000000001],[99.78,10.520000000000001],[99.78,10.440000000000001]]],[[[99.86,10.440000000000001],[99.94,10.440000000000001],[99.94,10.520000000000001],[99.86,10.520000000000001],[99.86,10.440000000000001]]],[[[99.94,10.440000000000001],[100.02,10.440000000000001],[100.02,10.520000000000001],[99.94,10.520000000000001],[99.94,10.440000000000001]]],[[[100.02,10.440000000000001],[100.1,10.440000000000001],[100.1,10.520000000000001],[100.02,10.520000000000001],[100.02,10.440000000000001]]],[[[100.1,10.440000000000001],[100.17999999999999,10.440000000000001],[100.17999999999999,10.520000000000001],[100.1,10.520000000000001],[100.1,10.440000000000001]]],[[[100.18,10.440000000000001],[100.26,10.440000000000001],[100.26,10.520000000000001],[100.18,10.520000000000001],[100.18,10.440000000000001]]],[[[100.26,10.440000000000001],[100.34,10.440000000000001],[100.34,10.520000000000001],[100.26,10.520000000000001],[100.26,10.440000000000001]]],[[[100.34,10.440000000000001],[100.42,10.440000000000001],[100.42,10.520000000000001],[100.34,10.520000000000001],[100.34,10.440000000000001]]],[[[100.42,10.440000000000001],[100.5,10.440000000000001],[100.5,10.520000000000001],[100.42,10.520000000000001],[100.42,10.440000000000001]]],[[[100.5,10.440000000000001],[100.58,10.440000000000001],[100.58,10.520000000000001],[100.5,10.520000000000001],[100.5,10.440000000000001]]],[[[100.58,10.440000000000001],[100.66,10.440000000000001],[100.66,10.520000000000001],[100.58,10.520000000000001],[100.58,10.440000000000001]]],[[[100.66,10.440000000000001],[100.74,10.440000000000001],[100.74,10.520000000000001],[100.66,10.520000000000001],[100.66,10.440000000000001]]],[[[100.74,10.440000000000001],[100.82,10.440000000000001],[100.82,10.520000000000001],[100.74,10.520000000000001],[100.74,10.440000000000001]]],[[[100.82,10.440000000000001],[100.89999999999999,10.440000000000001],[100.89999999999999,10.520000000000001],[100.82,10.520000000000001],[100.82,10.440000000000001]]],[[[100.9,10.440000000000001],[100.98,10.440000000000001],[100.98,10.520000000000001],[100.9,10.520000000000001],[100.9,10.440000000000001]]],[[[100.98,10.440000000000001],[101.06,10.440000000000001],[101.06,10.520000000000001],[100.98,10.520000000000001],[100.98,10.440000000000001]]],[[[101.06,10.440000000000001],[101.14,10.440000000000001],[101.14,10.520000000000001],[101.06,10.520000000000001],[101.06,10.440000000000001]]],[[[101.14,10.440000000000001],[101.22,10.440000000000001],[101.22,10.520000000000001],[101.14,10.520000000000001],[101.14,10.440000000000001]]],[[[101.22,10.440000000000001],[101.3,10.440000000000001],[101.3,10.520000000000001],[101.22,10.520000000000001],[101.22,10.440000000000001]]],[[[101.3,10.440000000000001],[101.38,10.440000000000001],[101.38,10.520000000000001],[101.3,10.520000000000001],[101.3,10.440000000000001]]],[[[101.38,10.440000000000001],[101.46,10.440000000000001],[101.46,10.520000000000001],[101.38,10.520000000000001],[101.38,10.440000000000001]]],[[[99.86,10.52],[99.94,10.52],[99.94,10.6],[99.86,10.6],[99.86,10.52]]],[[[99.94,10.52],[100.02,10.52],[100.02,10.6],[99.94,10.6],[99.94,10.52]]],[[[100.02,10.52],[100.1,10.52],[100.1,10.6],[100.02,10.6],[100.02,10.52]]],[[[100.1,10.52],[100.17999999999999,10.52],[100.17999999999999,10.6],[100.1,10.6],[100.1,10.52]]],[[[100.18,10.52],[100.26,10.52],[100.26,10.6],[100.18,10.6],[100.18,10.52]]],[[[100.26,10.52],[100.34,10.52],[100.34,10.6],[100.26,10.6],[100.26,10.52]]],[[[100.34,10.52],[100.42,10.52],[100.42,10.6],[100.34,10.6],[100.34,10.52]]],[[[100.42,10.52],[100.5,10.52],[100.5,10.6],[100.42,10.6],[100.42,10.52]]],[[[100.5,10.52],[100.58,10.52],[100.58,10.6],[100.5,10.6],[100.5,10.52]]],[[[100.58,10.52],[100.66,10.52],[100.66,10.6],[100.58,10.6],[100.58,10.52]]],[[[100.66,10.52],[100.74,10.52],[100.74,10.6],[100.66,10.6],[100.66,10.52]]],[[[100.74,10.52],[100.82,10.52],[100.82,10.6],[100.74,10.6],[100.74,10.52]]],[[[100.82,10.52],[100.89999999999999,10.52],[100.89999999999999,10.6],[100.82,10.6],[100.82,10.52]]],[[[100.9,10.52],[100.98,10.52],[100.98,10.6],[100.9,10.6],[100.9,10.52]]],[[[100.98,10.52],[101.06,10.52],[101.06,10.6],[100.98,10.6],[100.98,10.52]]],[[[101.06,10.52],[101.14,10.52],[101.14,10.6],[101.06,10.6],[101.06,10.52]]],[[[101.14,10.52],[101.22,10.52],[101.22,10.6],[101.14,10.6],[101.14,10.52]]],[[[101.22,10.52],[101.3,10.52],[101.3,10.6],[101.22,10.6],[101.22,10.52]]],[[[101.3,10.52],[101.38,10.52],[101.38,10.6],[101.3,10.6],[101.3,10.52]]],[[[100.02,10.600000000000001],[100.1,10.600000000000001],[100.1,10.680000000000001],[100.02,10.680000000000001],[100.02,10.600000000000001]]],[[[100.1,10.600000000000001],[100.17999999999999,10.600000000000001],[100.17999999999999,10.680000000000001],[100.1,10.680000000000001],[100.1,10.600000000000001]]],[[[100.18,10.600000000000001],[100.26,10.600000000000001],[100.26,10.680000000000001],[100.18,10.680000000000001],[100.18,10.600000000000001]]],[[[100.26,10.600000000000001],[100.34,10.600000000000001],[100.34,10.680000000000001],[100.26,10.680000000000001],[100.26,10.600000000000001]]],[[[100.34,10.600000000000001],[100.42,10.600000000000001],[100.42,10.680000000000001],[100.34,10.680000000000001],[100.34,10.600000000000001]]],[[[100.42,10.600000000000001],[100.5,10.600000000000001],[100.5,10.680000000000001],[100.42,10.680000000000001],[100.42,10.600000000000001]]],[[[100.5,10.600000000000001],[100.58,10.600000000000001],[100.58,10.680000000000001],[100.5,10.680000000000001],[100.5,10.600000000000001]]],[[[100.58,10.600000000000001],[100.66,10.600000000000001],[100.66,10.680000000000001],[100.58,10.680000000000001],[100.58,10.600000000000001]]],[[[100.66,10.600000000000001],[100.74,10.600000000000001],[100.74,10.680000000000001],[100.66,10.680000000000001],[100.66,10.600000000000001]]],[[[100.74,10.600000000000001],[100.82,10.600000000000001],[100.82,10.680000000000001],[100.74,10.680000000000001],[100.74,10.600000000000001]]],[[[100.82,10.600000000000001],[100.89999999999999,10.600000000000001],[100.89999999999999,10.680000000000001],[100.82,10.680000000000001],[100.82,10.600000000000001]]],[[[100.9,10.600000000000001],[100.98,10.600000000000001],[100.98,10.680000000000001],[100.9,10.680000000000001],[100.9,10.600000000000001]]],[[[100.98,10.600000000000001],[101.06,10.600000000000001],[101.06,10.680000000000001],[100.98,10.680000000000001],[100.98,10.600000000000001]]],[[[101.06,10.600000000000001],[101.14,10.600000000000001],[101.14,10.680000000000001],[101.06,10.680000000000001],[101.06,10.600000000000001]]],[[[101.14,10.600000000000001],[101.22,10.600000000000001],[101.22,10.680000000000001],[101.14,10.680000000000001],[101.14,10.600000000000001]]],[[[101.22,10.600000000000001],[101.3,10.600000000000001],[101.3,10.680000000000001],[101.22,10.680000000000001],[101.22,10.600000000000001]]],[[[100.18,10.68],[100.26,10.68],[100.26,10.76],[100.18,10.76],[100.18,10.68]]],[[[100.26,10.68],[100.34,10.68],[100.34,10.76],[100.26,10.76],[100.26,10.68]]],[[[100.34,10.68],[100.42,10.68],[100.42,10.76],[100.34,10.76],[100.34,10.68]]],[[[100.42,10.68],[100.5,10.68],[100.5,10.76],[100.42,10.76],[100.42,10.68]]],[[[100.5,10.68],[100.58,10.68],[100.58,10.76],[100.5,10.76],[100.5,10.68]]],[[[100.58,10.68],[100.66,10.68],[100.66,10.76],[100.58,10.76],[100.58,10.68]]],[[[100.66,10.68],[100.74,10.68],[100.74,10.76],[100.66,10.76],[100.66,10.68]]],[[[100.74,10.68],[100.82,10.68],[100.82,10.76],[100.74,10.76],[100.74,10.68]]],[[[100.82,10.68],[100.89999999999999,10.68],[100.89999999999999,10.76],[100.82,10.76],[100.82,10.68]]],[[[100.9,10.68],[100.98,10.68],[100.98,10.76],[100.9,10.76],[100.9,10.68]]],[[[100.98,10.68],[101.06,10.68],[101.06,10.76],[100.98,10.76],[100.98,10.68]]],[[[101.06,10.68],[101.14,10.68],[101.14,10.76],[101.06,10.76],[101.06,10.68]]],[[[101.14,10.68],[101.22,10.68],[101.22,10.76],[101.14,10.76],[101.14,10.68]]],[[[101.22,10.68],[101.3,10.68],[101.3,10.76],[101.22,10.76],[101.22,10.68]]],[[[100.42,10.76],[100.5,10.76],[100.5,10.84],[100.42,10.84],[100.42,10.76]]],[[[100.5,10.76],[100.58,10.76],[100.58,10.84],[100.5,10.84],[100.5,10.76]]],[[[100.58,10.76],[100.66,10.76],[100.66,10.84],[100.58,10.84],[100.58,10.76]]],[[[100.66,10.76],[100.74,10.76],[100.74,10.84],[100.66,10.84],[100.66,10.76]]],[[[100.74,10.76],[100.82,10.76],[100.82,10.84],[100.74,10.84],[100.74,10.76]]],[[[100.82,10.76],[100.89999999999999,10.76],[100.89999999999999,10.84],[100.82,10.84],[100.82,10.76]]],[[[100.9,10.76],[100.98,10.76],[100.98,10.84],[100.9,10.84],[100.9,10.76]]],[[[100.98,10.76],[101.06,10.76],[101.06,10.84],[100.98,10.84],[100.98,10.76]]],[[[101.06,10.76],[101.14,10.76],[101.14,10.84],[101.06,10.84],[101.06,10.76]]],[[[101.14,10.76],[101.22,10.76],[101.22,10.84],[101.14,10.84],[101.14,10.76]]],[[[100.66,10.84],[100.74,10.84],[100.74,10.92],[100.66,10.92],[100.66,10.84]]],[[[100.74,10.84],[100.82,10.84],[100.82,10.92],[100.74,10.92],[100.74,10.84]]],[[[100.82,10.84],[100.89999999999999,10.84],[100.89999999999999,10.92],[100.82,10.92],[100.82,10.84]]],[[[100.9,10.84],[100.98,10.84],[100.98,10.92],[100.9,10.92],[100.9,10.84]]],[[[100.98,10.84],[101.06,10.84],[101.06,10.92],[100.98,10.92],[100.98,10.84]]],[[[101.06,10.84],[101.14,10.84],[101.14,10.92],[101.06,10.92],[101.06,10.84]]]]}},{"type":"Feature","properties":{"region_id":"TH-92","region_iso":"TH-92","region_shape_id":"36821470B70022128015779","region_name":"Trang","region_name_local":"Trang","adm_level":"ADM1","zone_hint":"ADM","geometry_kind":"derived_marine_admin_polygon","derivation":"nearest_coastal_province_on_regular_sea_grid","cell_count":106,"cell_size_deg":0.08},"geometry":{"type":"MultiPolygon","coordinates":[[[[99.38,6.68],[99.46,6.68],[99.46,6.76],[99.38,6.76],[99.38,6.68]]],[[[99.46,6.68],[99.53999999999999,6.68],[99.53999999999999,6.76],[99.46,6.76],[99.46,6.68]]],[[[98.5,6.76],[98.58,6.76],[98.58,6.84],[98.5,6.84],[98.5,6.76]]],[[[98.58,6.76],[98.66,6.76],[98.66,6.84],[98.58,6.84],[98.58,6.76]]],[[[99.3,6.76],[99.38,6.76],[99.38,6.84],[99.3,6.84],[99.3,6.76]]],[[[99.38,6.76],[99.46,6.76],[99.46,6.84],[99.38,6.84],[99.38,6.76]]],[[[99.46,6.76],[99.53999999999999,6.76],[99.53999999999999,6.84],[99.46,6.84],[99.46,6.76]]],[[[99.54,6.76],[99.62,6.76],[99.62,6.84],[99.54,6.84],[99.54,6.76]]],[[[98.5,6.84],[98.58,6.84],[98.58,6.92],[98.5,6.92],[98.5,6.84]]],[[[98.58,6.84],[98.66,6.84],[98.66,6.92],[98.58,6.92],[98.58,6.84]]],[[[98.66,6.84],[98.74,6.84],[98.74,6.92],[98.66,6.92],[98.66,6.84]]],[[[98.74,6.84],[98.82,6.84],[98.82,6.92],[98.74,6.92],[98.74,6.84]]],[[[98.82,6.84],[98.89999999999999,6.84],[98.89999999999999,6.92],[98.82,6.92],[98.82,6.84]]],[[[98.9,6.84],[98.98,6.84],[98.98,6.92],[98.9,6.92],[98.9,6.84]]],[[[98.98,6.84],[99.06,6.84],[99.06,6.92],[98.98,6.92],[98.98,6.84]]],[[[99.14,6.84],[99.22,6.84],[99.22,6.92],[99.14,6.92],[99.14,6.84]]],[[[99.22,6.84],[99.3,6.84],[99.3,6.92],[99.22,6.92],[99.22,6.84]]],[[[99.3,6.84],[99.38,6.84],[99.38,6.92],[99.3,6.92],[99.3,6.84]]],[[[99.38,6.84],[99.46,6.84],[99.46,6.92],[99.38,6.92],[99.38,6.84]]],[[[99.46,6.84],[99.53999999999999,6.84],[99.53999999999999,6.92],[99.46,6.92],[99.46,6.84]]],[[[99.54,6.84],[99.62,6.84],[99.62,6.92],[99.54,6.92],[99.54,6.84]]],[[[98.58,6.92],[98.66,6.92],[98.66,7],[98.58,7],[98.58,6.92]]],[[[98.66,6.92],[98.74,6.92],[98.74,7],[98.66,7],[98.66,6.92]]],[[[98.74,6.92],[98.82,6.92],[98.82,7],[98.74,7],[98.74,6.92]]],[[[98.82,6.92],[98.89999999999999,6.92],[98.89999999999999,7],[98.82,7],[98.82,6.92]]],[[[98.9,6.92],[98.98,6.92],[98.98,7],[98.9,7],[98.9,6.92]]],[[[98.98,6.92],[99.06,6.92],[99.06,7],[98.98,7],[98.98,6.92]]],[[[99.06,6.92],[99.14,6.92],[99.14,7],[99.06,7],[99.06,6.92]]],[[[99.14,6.92],[99.22,6.92],[99.22,7],[99.14,7],[99.14,6.92]]],[[[99.22,6.92],[99.3,6.92],[99.3,7],[99.22,7],[99.22,6.92]]],[[[99.3,6.92],[99.38,6.92],[99.38,7],[99.3,7],[99.3,6.92]]],[[[99.38,6.92],[99.46,6.92],[99.46,7],[99.38,7],[99.38,6.92]]],[[[99.46,6.92],[99.53999999999999,6.92],[99.53999999999999,7],[99.46,7],[99.46,6.92]]],[[[99.54,6.92],[99.62,6.92],[99.62,7],[99.54,7],[99.54,6.92]]],[[[98.58,7],[98.66,7],[98.66,7.08],[98.58,7.08],[98.58,7]]],[[[98.66,7],[98.74,7],[98.74,7.08],[98.66,7.08],[98.66,7]]],[[[98.74,7],[98.82,7],[98.82,7.08],[98.74,7.08],[98.74,7]]],[[[98.82,7],[98.89999999999999,7],[98.89999999999999,7.08],[98.82,7.08],[98.82,7]]],[[[98.9,7],[98.98,7],[98.98,7.08],[98.9,7.08],[98.9,7]]],[[[98.98,7],[99.06,7],[99.06,7.08],[98.98,7.08],[98.98,7]]],[[[99.06,7],[99.14,7],[99.14,7.08],[99.06,7.08],[99.06,7]]],[[[99.14,7],[99.22,7],[99.22,7.08],[99.14,7.08],[99.14,7]]],[[[99.22,7],[99.3,7],[99.3,7.08],[99.22,7.08],[99.22,7]]],[[[99.3,7],[99.38,7],[99.38,7.08],[99.3,7.08],[99.3,7]]],[[[99.38,7],[99.46,7],[99.46,7.08],[99.38,7.08],[99.38,7]]],[[[99.46,7],[99.53999999999999,7],[99.53999999999999,7.08],[99.46,7.08],[99.46,7]]],[[[99.54,7],[99.62,7],[99.62,7.08],[99.54,7.08],[99.54,7]]],[[[98.74,7.08],[98.82,7.08],[98.82,7.16],[98.74,7.16],[98.74,7.08]]],[[[98.82,7.08],[98.89999999999999,7.08],[98.89999999999999,7.16],[98.82,7.16],[98.82,7.08]]],[[[98.9,7.08],[98.98,7.08],[98.98,7.16],[98.9,7.16],[98.9,7.08]]],[[[98.98,7.08],[99.06,7.08],[99.06,7.16],[98.98,7.16],[98.98,7.08]]],[[[99.06,7.08],[99.14,7.08],[99.14,7.16],[99.06,7.16],[99.06,7.08]]],[[[99.14,7.08],[99.22,7.08],[99.22,7.16],[99.14,7.16],[99.14,7.08]]],[[[99.22,7.08],[99.3,7.08],[99.3,7.16],[99.22,7.16],[99.22,7.08]]],[[[99.3,7.08],[99.38,7.08],[99.38,7.16],[99.3,7.16],[99.3,7.08]]],[[[99.38,7.08],[99.46,7.08],[99.46,7.16],[99.38,7.16],[99.38,7.08]]],[[[99.46,7.08],[99.53999999999999,7.08],[99.53999999999999,7.16],[99.46,7.16],[99.46,7.08]]],[[[99.54,7.08],[99.62,7.08],[99.62,7.16],[99.54,7.16],[99.54,7.08]]],[[[99.62,7.08],[99.7,7.08],[99.7,7.16],[99.62,7.16],[99.62,7.08]]],[[[98.82,7.16],[98.89999999999999,7.16],[98.89999999999999,7.24],[98.82,7.24],[98.82,7.16]]],[[[98.9,7.16],[98.98,7.16],[98.98,7.24],[98.9,7.24],[98.9,7.16]]],[[[98.98,7.16],[99.06,7.16],[99.06,7.24],[98.98,7.24],[98.98,7.16]]],[[[99.06,7.16],[99.14,7.16],[99.14,7.24],[99.06,7.24],[99.06,7.16]]],[[[99.14,7.16],[99.22,7.16],[99.22,7.24],[99.14,7.24],[99.14,7.16]]],[[[99.22,7.16],[99.3,7.16],[99.3,7.24],[99.22,7.24],[99.22,7.16]]],[[[99.3,7.16],[99.38,7.16],[99.38,7.24],[99.3,7.24],[99.3,7.16]]],[[[99.38,7.16],[99.46,7.16],[99.46,7.24],[99.38,7.24],[99.38,7.16]]],[[[99.46,7.16],[99.53999999999999,7.16],[99.53999999999999,7.24],[99.46,7.24],[99.46,7.16]]],[[[99.94,7.16],[100.02,7.16],[100.02,7.24],[99.94,7.24],[99.94,7.16]]],[[[98.9,7.24],[98.98,7.24],[98.98,7.32],[98.9,7.32],[98.9,7.24]]],[[[98.98,7.24],[99.06,7.24],[99.06,7.32],[98.98,7.32],[98.98,7.24]]],[[[99.06,7.24],[99.14,7.24],[99.14,7.32],[99.06,7.32],[99.06,7.24]]],[[[99.14,7.24],[99.22,7.24],[99.22,7.32],[99.14,7.32],[99.14,7.24]]],[[[99.22,7.24],[99.3,7.24],[99.3,7.32],[99.22,7.32],[99.22,7.24]]],[[[99.3,7.24],[99.38,7.24],[99.38,7.32],[99.3,7.32],[99.3,7.24]]],[[[99.38,7.24],[99.46,7.24],[99.46,7.32],[99.38,7.32],[99.38,7.24]]],[[[99.46,7.24],[99.53999999999999,7.24],[99.53999999999999,7.32],[99.46,7.32],[99.46,7.24]]],[[[99.94,7.24],[100.02,7.24],[100.02,7.32],[99.94,7.32],[99.94,7.24]]],[[[100.02,7.24],[100.1,7.24],[100.1,7.32],[100.02,7.32],[100.02,7.24]]],[[[99.22,7.32],[99.3,7.32],[99.3,7.4],[99.22,7.4],[99.22,7.32]]],[[[99.3,7.32],[99.38,7.32],[99.38,7.4],[99.3,7.4],[99.3,7.32]]],[[[99.46,7.32],[99.53999999999999,7.32],[99.53999999999999,7.4],[99.46,7.4],[99.46,7.32]]],[[[99.54,7.32],[99.62,7.32],[99.62,7.4],[99.54,7.4],[99.54,7.32]]],[[[99.86,7.32],[99.94,7.32],[99.94,7.4],[99.86,7.4],[99.86,7.32]]],[[[99.94,7.32],[100.02,7.32],[100.02,7.4],[99.94,7.4],[99.94,7.32]]],[[[100.02,7.32],[100.1,7.32],[100.1,7.4],[100.02,7.4],[100.02,7.32]]],[[[99.22,7.4],[99.3,7.4],[99.3,7.48],[99.22,7.48],[99.22,7.4]]],[[[99.3,7.4],[99.38,7.4],[99.38,7.48],[99.3,7.48],[99.3,7.4]]],[[[99.86,7.4],[99.94,7.4],[99.94,7.48],[99.86,7.48],[99.86,7.4]]],[[[99.94,7.4],[100.02,7.4],[100.02,7.48],[99.94,7.48],[99.94,7.4]]],[[[100.02,7.4],[100.1,7.4],[100.1,7.48],[100.02,7.48],[100.02,7.4]]],[[[99.22,7.48],[99.3,7.48],[99.3,7.5600000000000005],[99.22,7.5600000000000005],[99.22,7.48]]],[[[99.78,7.48],[99.86,7.48],[99.86,7.5600000000000005],[99.78,7.5600000000000005],[99.78,7.48]]],[[[99.86,7.48],[99.94,7.48],[99.94,7.5600000000000005],[99.86,7.5600000000000005],[99.86,7.48]]],[[[99.94,7.48],[100.02,7.48],[100.02,7.5600000000000005],[99.94,7.5600000000000005],[99.94,7.48]]],[[[100.02,7.48],[100.1,7.48],[100.1,7.5600000000000005],[100.02,7.5600000000000005],[100.02,7.48]]],[[[99.22,7.5600000000000005],[99.3,7.5600000000000005],[99.3,7.640000000000001],[99.22,7.640000000000001],[99.22,7.5600000000000005]]],[[[99.78,7.5600000000000005],[99.86,7.5600000000000005],[99.86,7.640000000000001],[99.78,7.640000000000001],[99.78,7.5600000000000005]]],[[[99.86,7.5600000000000005],[99.94,7.5600000000000005],[99.94,7.640000000000001],[99.86,7.640000000000001],[99.86,7.5600000000000005]]],[[[99.94,7.5600000000000005],[100.02,7.5600000000000005],[100.02,7.640000000000001],[99.94,7.640000000000001],[99.94,7.5600000000000005]]],[[[99.78,7.640000000000001],[99.86,7.640000000000001],[99.86,7.720000000000001],[99.78,7.720000000000001],[99.78,7.640000000000001]]],[[[99.86,7.640000000000001],[99.94,7.640000000000001],[99.94,7.720000000000001],[99.86,7.720000000000001],[99.86,7.640000000000001]]],[[[99.94,7.640000000000001],[100.02,7.640000000000001],[100.02,7.720000000000001],[99.94,7.720000000000001],[99.94,7.640000000000001]]],[[[99.78,7.720000000000001],[99.86,7.720000000000001],[99.86,7.800000000000001],[99.78,7.800000000000001],[99.78,7.720000000000001]]],[[[99.86,7.720000000000001],[99.94,7.720000000000001],[99.94,7.800000000000001],[99.86,7.800000000000001],[99.86,7.720000000000001]]],[[[99.7,7.800000000000001],[99.78,7.800000000000001],[99.78,7.880000000000001],[99.7,7.880000000000001],[99.7,7.800000000000001]]]]}},{"type":"Feature","properties":{"region_id":"TH-23","region_iso":"TH-23","region_shape_id":"36821470B56570402043943","region_name":"Trat","region_name_local":"Trat","adm_level":"ADM1","zone_hint":"GOT","geometry_kind":"derived_marine_admin_polygon","derivation":"nearest_coastal_province_on_regular_sea_grid","cell_count":1661,"cell_size_deg":0.08},"geometry":{"type":"MultiPolygon","coordinates":[[[[104.1,8.68],[104.17999999999999,8.68],[104.17999999999999,8.76],[104.1,8.76],[104.1,8.68]]],[[[104.18,8.68],[104.26,8.68],[104.26,8.76],[104.18,8.76],[104.18,8.68]]],[[[104.26,8.68],[104.34,8.68],[104.34,8.76],[104.26,8.76],[104.26,8.68]]],[[[104.34,8.68],[104.42,8.68],[104.42,8.76],[104.34,8.76],[104.34,8.68]]],[[[104.42,8.68],[104.5,8.68],[104.5,8.76],[104.42,8.76],[104.42,8.68]]],[[[103.78,8.76],[103.86,8.76],[103.86,8.84],[103.78,8.84],[103.78,8.76]]],[[[103.86,8.76],[103.94,8.76],[103.94,8.84],[103.86,8.84],[103.86,8.76]]],[[[103.94,8.76],[104.02,8.76],[104.02,8.84],[103.94,8.84],[103.94,8.76]]],[[[104.02,8.76],[104.1,8.76],[104.1,8.84],[104.02,8.84],[104.02,8.76]]],[[[104.1,8.76],[104.17999999999999,8.76],[104.17999999999999,8.84],[104.1,8.84],[104.1,8.76]]],[[[104.18,8.76],[104.26,8.76],[104.26,8.84],[104.18,8.84],[104.18,8.76]]],[[[104.26,8.76],[104.34,8.76],[104.34,8.84],[104.26,8.84],[104.26,8.76]]],[[[104.34,8.76],[104.42,8.76],[104.42,8.84],[104.34,8.84],[104.34,8.76]]],[[[104.42,8.76],[104.5,8.76],[104.5,8.84],[104.42,8.84],[104.42,8.76]]],[[[103.54,8.84],[103.62,8.84],[103.62,8.92],[103.54,8.92],[103.54,8.84]]],[[[103.62,8.84],[103.7,8.84],[103.7,8.92],[103.62,8.92],[103.62,8.84]]],[[[103.7,8.84],[103.78,8.84],[103.78,8.92],[103.7,8.92],[103.7,8.84]]],[[[103.78,8.84],[103.86,8.84],[103.86,8.92],[103.78,8.92],[103.78,8.84]]],[[[103.86,8.84],[103.94,8.84],[103.94,8.92],[103.86,8.92],[103.86,8.84]]],[[[103.94,8.84],[104.02,8.84],[104.02,8.92],[103.94,8.92],[103.94,8.84]]],[[[104.02,8.84],[104.1,8.84],[104.1,8.92],[104.02,8.92],[104.02,8.84]]],[[[104.1,8.84],[104.17999999999999,8.84],[104.17999999999999,8.92],[104.1,8.92],[104.1,8.84]]],[[[104.18,8.84],[104.26,8.84],[104.26,8.92],[104.18,8.92],[104.18,8.84]]],[[[104.26,8.84],[104.34,8.84],[104.34,8.92],[104.26,8.92],[104.26,8.84]]],[[[104.34,8.84],[104.42,8.84],[104.42,8.92],[104.34,8.92],[104.34,8.84]]],[[[104.42,8.84],[104.5,8.84],[104.5,8.92],[104.42,8.92],[104.42,8.84]]],[[[103.38,8.92],[103.46,8.92],[103.46,9],[103.38,9],[103.38,8.92]]],[[[103.46,8.92],[103.53999999999999,8.92],[103.53999999999999,9],[103.46,9],[103.46,8.92]]],[[[103.54,8.92],[103.62,8.92],[103.62,9],[103.54,9],[103.54,8.92]]],[[[103.62,8.92],[103.7,8.92],[103.7,9],[103.62,9],[103.62,8.92]]],[[[103.7,8.92],[103.78,8.92],[103.78,9],[103.7,9],[103.7,8.92]]],[[[103.78,8.92],[103.86,8.92],[103.86,9],[103.78,9],[103.78,8.92]]],[[[103.86,8.92],[103.94,8.92],[103.94,9],[103.86,9],[103.86,8.92]]],[[[103.94,8.92],[104.02,8.92],[104.02,9],[103.94,9],[103.94,8.92]]],[[[104.02,8.92],[104.1,8.92],[104.1,9],[104.02,9],[104.02,8.92]]],[[[104.1,8.92],[104.17999999999999,8.92],[104.17999999999999,9],[104.1,9],[104.1,8.92]]],[[[104.18,8.92],[104.26,8.92],[104.26,9],[104.18,9],[104.18,8.92]]],[[[104.26,8.92],[104.34,8.92],[104.34,9],[104.26,9],[104.26,8.92]]],[[[104.34,8.92],[104.42,8.92],[104.42,9],[104.34,9],[104.34,8.92]]],[[[104.42,8.92],[104.5,8.92],[104.5,9],[104.42,9],[104.42,8.92]]],[[[103.3,9],[103.38,9],[103.38,9.08],[103.3,9.08],[103.3,9]]],[[[103.38,9],[103.46,9],[103.46,9.08],[103.38,9.08],[103.38,9]]],[[[103.46,9],[103.53999999999999,9],[103.53999999999999,9.08],[103.46,9.08],[103.46,9]]],[[[103.54,9],[103.62,9],[103.62,9.08],[103.54,9.08],[103.54,9]]],[[[103.62,9],[103.7,9],[103.7,9.08],[103.62,9.08],[103.62,9]]],[[[103.7,9],[103.78,9],[103.78,9.08],[103.7,9.08],[103.7,9]]],[[[103.78,9],[103.86,9],[103.86,9.08],[103.78,9.08],[103.78,9]]],[[[103.86,9],[103.94,9],[103.94,9.08],[103.86,9.08],[103.86,9]]],[[[103.94,9],[104.02,9],[104.02,9.08],[103.94,9.08],[103.94,9]]],[[[104.02,9],[104.1,9],[104.1,9.08],[104.02,9.08],[104.02,9]]],[[[104.1,9],[104.17999999999999,9],[104.17999999999999,9.08],[104.1,9.08],[104.1,9]]],[[[104.18,9],[104.26,9],[104.26,9.08],[104.18,9.08],[104.18,9]]],[[[104.26,9],[104.34,9],[104.34,9.08],[104.26,9.08],[104.26,9]]],[[[104.34,9],[104.42,9],[104.42,9.08],[104.34,9.08],[104.34,9]]],[[[104.42,9],[104.5,9],[104.5,9.08],[104.42,9.08],[104.42,9]]],[[[103.14,9.08],[103.22,9.08],[103.22,9.16],[103.14,9.16],[103.14,9.08]]],[[[103.22,9.08],[103.3,9.08],[103.3,9.16],[103.22,9.16],[103.22,9.08]]],[[[103.3,9.08],[103.38,9.08],[103.38,9.16],[103.3,9.16],[103.3,9.08]]],[[[103.38,9.08],[103.46,9.08],[103.46,9.16],[103.38,9.16],[103.38,9.08]]],[[[103.46,9.08],[103.53999999999999,9.08],[103.53999999999999,9.16],[103.46,9.16],[103.46,9.08]]],[[[103.54,9.08],[103.62,9.08],[103.62,9.16],[103.54,9.16],[103.54,9.08]]],[[[103.62,9.08],[103.7,9.08],[103.7,9.16],[103.62,9.16],[103.62,9.08]]],[[[103.7,9.08],[103.78,9.08],[103.78,9.16],[103.7,9.16],[103.7,9.08]]],[[[103.78,9.08],[103.86,9.08],[103.86,9.16],[103.78,9.16],[103.78,9.08]]],[[[103.86,9.08],[103.94,9.08],[103.94,9.16],[103.86,9.16],[103.86,9.08]]],[[[103.94,9.08],[104.02,9.08],[104.02,9.16],[103.94,9.16],[103.94,9.08]]],[[[104.02,9.08],[104.1,9.08],[104.1,9.16],[104.02,9.16],[104.02,9.08]]],[[[104.1,9.08],[104.17999999999999,9.08],[104.17999999999999,9.16],[104.1,9.16],[104.1,9.08]]],[[[104.18,9.08],[104.26,9.08],[104.26,9.16],[104.18,9.16],[104.18,9.08]]],[[[104.26,9.08],[104.34,9.08],[104.34,9.16],[104.26,9.16],[104.26,9.08]]],[[[104.34,9.08],[104.42,9.08],[104.42,9.16],[104.34,9.16],[104.34,9.08]]],[[[104.42,9.08],[104.5,9.08],[104.5,9.16],[104.42,9.16],[104.42,9.08]]],[[[102.98,9.16],[103.06,9.16],[103.06,9.24],[102.98,9.24],[102.98,9.16]]],[[[103.06,9.16],[103.14,9.16],[103.14,9.24],[103.06,9.24],[103.06,9.16]]],[[[103.14,9.16],[103.22,9.16],[103.22,9.24],[103.14,9.24],[103.14,9.16]]],[[[103.22,9.16],[103.3,9.16],[103.3,9.24],[103.22,9.24],[103.22,9.16]]],[[[103.3,9.16],[103.38,9.16],[103.38,9.24],[103.3,9.24],[103.3,9.16]]],[[[103.38,9.16],[103.46,9.16],[103.46,9.24],[103.38,9.24],[103.38,9.16]]],[[[103.46,9.16],[103.53999999999999,9.16],[103.53999999999999,9.24],[103.46,9.24],[103.46,9.16]]],[[[103.54,9.16],[103.62,9.16],[103.62,9.24],[103.54,9.24],[103.54,9.16]]],[[[103.62,9.16],[103.7,9.16],[103.7,9.24],[103.62,9.24],[103.62,9.16]]],[[[103.7,9.16],[103.78,9.16],[103.78,9.24],[103.7,9.24],[103.7,9.16]]],[[[103.78,9.16],[103.86,9.16],[103.86,9.24],[103.78,9.24],[103.78,9.16]]],[[[103.86,9.16],[103.94,9.16],[103.94,9.24],[103.86,9.24],[103.86,9.16]]],[[[103.94,9.16],[104.02,9.16],[104.02,9.24],[103.94,9.24],[103.94,9.16]]],[[[104.02,9.16],[104.1,9.16],[104.1,9.24],[104.02,9.24],[104.02,9.16]]],[[[104.1,9.16],[104.17999999999999,9.16],[104.17999999999999,9.24],[104.1,9.24],[104.1,9.16]]],[[[104.18,9.16],[104.26,9.16],[104.26,9.24],[104.18,9.24],[104.18,9.16]]],[[[104.26,9.16],[104.34,9.16],[104.34,9.24],[104.26,9.24],[104.26,9.16]]],[[[104.34,9.16],[104.42,9.16],[104.42,9.24],[104.34,9.24],[104.34,9.16]]],[[[104.42,9.16],[104.5,9.16],[104.5,9.24],[104.42,9.24],[104.42,9.16]]],[[[102.82,9.24],[102.89999999999999,9.24],[102.89999999999999,9.32],[102.82,9.32],[102.82,9.24]]],[[[102.9,9.24],[102.98,9.24],[102.98,9.32],[102.9,9.32],[102.9,9.24]]],[[[102.98,9.24],[103.06,9.24],[103.06,9.32],[102.98,9.32],[102.98,9.24]]],[[[103.06,9.24],[103.14,9.24],[103.14,9.32],[103.06,9.32],[103.06,9.24]]],[[[103.14,9.24],[103.22,9.24],[103.22,9.32],[103.14,9.32],[103.14,9.24]]],[[[103.22,9.24],[103.3,9.24],[103.3,9.32],[103.22,9.32],[103.22,9.24]]],[[[103.3,9.24],[103.38,9.24],[103.38,9.32],[103.3,9.32],[103.3,9.24]]],[[[103.38,9.24],[103.46,9.24],[103.46,9.32],[103.38,9.32],[103.38,9.24]]],[[[103.46,9.24],[103.53999999999999,9.24],[103.53999999999999,9.32],[103.46,9.32],[103.46,9.24]]],[[[103.54,9.24],[103.62,9.24],[103.62,9.32],[103.54,9.32],[103.54,9.24]]],[[[103.62,9.24],[103.7,9.24],[103.7,9.32],[103.62,9.32],[103.62,9.24]]],[[[103.7,9.24],[103.78,9.24],[103.78,9.32],[103.7,9.32],[103.7,9.24]]],[[[103.78,9.24],[103.86,9.24],[103.86,9.32],[103.78,9.32],[103.78,9.24]]],[[[103.86,9.24],[103.94,9.24],[103.94,9.32],[103.86,9.32],[103.86,9.24]]],[[[103.94,9.24],[104.02,9.24],[104.02,9.32],[103.94,9.32],[103.94,9.24]]],[[[104.02,9.24],[104.1,9.24],[104.1,9.32],[104.02,9.32],[104.02,9.24]]],[[[104.1,9.24],[104.17999999999999,9.24],[104.17999999999999,9.32],[104.1,9.32],[104.1,9.24]]],[[[104.18,9.24],[104.26,9.24],[104.26,9.32],[104.18,9.32],[104.18,9.24]]],[[[104.26,9.24],[104.34,9.24],[104.34,9.32],[104.26,9.32],[104.26,9.24]]],[[[104.34,9.24],[104.42,9.24],[104.42,9.32],[104.34,9.32],[104.34,9.24]]],[[[104.42,9.24],[104.5,9.24],[104.5,9.32],[104.42,9.32],[104.42,9.24]]],[[[102.74,9.32],[102.82,9.32],[102.82,9.4],[102.74,9.4],[102.74,9.32]]],[[[102.82,9.32],[102.89999999999999,9.32],[102.89999999999999,9.4],[102.82,9.4],[102.82,9.32]]],[[[102.9,9.32],[102.98,9.32],[102.98,9.4],[102.9,9.4],[102.9,9.32]]],[[[102.98,9.32],[103.06,9.32],[103.06,9.4],[102.98,9.4],[102.98,9.32]]],[[[103.06,9.32],[103.14,9.32],[103.14,9.4],[103.06,9.4],[103.06,9.32]]],[[[103.14,9.32],[103.22,9.32],[103.22,9.4],[103.14,9.4],[103.14,9.32]]],[[[103.22,9.32],[103.3,9.32],[103.3,9.4],[103.22,9.4],[103.22,9.32]]],[[[103.3,9.32],[103.38,9.32],[103.38,9.4],[103.3,9.4],[103.3,9.32]]],[[[103.38,9.32],[103.46,9.32],[103.46,9.4],[103.38,9.4],[103.38,9.32]]],[[[103.46,9.32],[103.53999999999999,9.32],[103.53999999999999,9.4],[103.46,9.4],[103.46,9.32]]],[[[103.54,9.32],[103.62,9.32],[103.62,9.4],[103.54,9.4],[103.54,9.32]]],[[[103.62,9.32],[103.7,9.32],[103.7,9.4],[103.62,9.4],[103.62,9.32]]],[[[103.7,9.32],[103.78,9.32],[103.78,9.4],[103.7,9.4],[103.7,9.32]]],[[[103.78,9.32],[103.86,9.32],[103.86,9.4],[103.78,9.4],[103.78,9.32]]],[[[103.86,9.32],[103.94,9.32],[103.94,9.4],[103.86,9.4],[103.86,9.32]]],[[[103.94,9.32],[104.02,9.32],[104.02,9.4],[103.94,9.4],[103.94,9.32]]],[[[104.02,9.32],[104.1,9.32],[104.1,9.4],[104.02,9.4],[104.02,9.32]]],[[[104.1,9.32],[104.17999999999999,9.32],[104.17999999999999,9.4],[104.1,9.4],[104.1,9.32]]],[[[104.18,9.32],[104.26,9.32],[104.26,9.4],[104.18,9.4],[104.18,9.32]]],[[[104.26,9.32],[104.34,9.32],[104.34,9.4],[104.26,9.4],[104.26,9.32]]],[[[104.34,9.32],[104.42,9.32],[104.42,9.4],[104.34,9.4],[104.34,9.32]]],[[[104.42,9.32],[104.5,9.32],[104.5,9.4],[104.42,9.4],[104.42,9.32]]],[[[102.58,9.4],[102.66,9.4],[102.66,9.48],[102.58,9.48],[102.58,9.4]]],[[[102.66,9.4],[102.74,9.4],[102.74,9.48],[102.66,9.48],[102.66,9.4]]],[[[102.74,9.4],[102.82,9.4],[102.82,9.48],[102.74,9.48],[102.74,9.4]]],[[[102.82,9.4],[102.89999999999999,9.4],[102.89999999999999,9.48],[102.82,9.48],[102.82,9.4]]],[[[102.9,9.4],[102.98,9.4],[102.98,9.48],[102.9,9.48],[102.9,9.4]]],[[[102.98,9.4],[103.06,9.4],[103.06,9.48],[102.98,9.48],[102.98,9.4]]],[[[103.06,9.4],[103.14,9.4],[103.14,9.48],[103.06,9.48],[103.06,9.4]]],[[[103.14,9.4],[103.22,9.4],[103.22,9.48],[103.14,9.48],[103.14,9.4]]],[[[103.22,9.4],[103.3,9.4],[103.3,9.48],[103.22,9.48],[103.22,9.4]]],[[[103.3,9.4],[103.38,9.4],[103.38,9.48],[103.3,9.48],[103.3,9.4]]],[[[103.38,9.4],[103.46,9.4],[103.46,9.48],[103.38,9.48],[103.38,9.4]]],[[[103.46,9.4],[103.53999999999999,9.4],[103.53999999999999,9.48],[103.46,9.48],[103.46,9.4]]],[[[103.54,9.4],[103.62,9.4],[103.62,9.48],[103.54,9.48],[103.54,9.4]]],[[[103.62,9.4],[103.7,9.4],[103.7,9.48],[103.62,9.48],[103.62,9.4]]],[[[103.7,9.4],[103.78,9.4],[103.78,9.48],[103.7,9.48],[103.7,9.4]]],[[[103.78,9.4],[103.86,9.4],[103.86,9.48],[103.78,9.48],[103.78,9.4]]],[[[103.86,9.4],[103.94,9.4],[103.94,9.48],[103.86,9.48],[103.86,9.4]]],[[[103.94,9.4],[104.02,9.4],[104.02,9.48],[103.94,9.48],[103.94,9.4]]],[[[104.02,9.4],[104.1,9.4],[104.1,9.48],[104.02,9.48],[104.02,9.4]]],[[[104.1,9.4],[104.17999999999999,9.4],[104.17999999999999,9.48],[104.1,9.48],[104.1,9.4]]],[[[104.18,9.4],[104.26,9.4],[104.26,9.48],[104.18,9.48],[104.18,9.4]]],[[[104.26,9.4],[104.34,9.4],[104.34,9.48],[104.26,9.48],[104.26,9.4]]],[[[104.34,9.4],[104.42,9.4],[104.42,9.48],[104.34,9.48],[104.34,9.4]]],[[[104.42,9.4],[104.5,9.4],[104.5,9.48],[104.42,9.48],[104.42,9.4]]],[[[102.42,9.48],[102.5,9.48],[102.5,9.56],[102.42,9.56],[102.42,9.48]]],[[[102.5,9.48],[102.58,9.48],[102.58,9.56],[102.5,9.56],[102.5,9.48]]],[[[102.58,9.48],[102.66,9.48],[102.66,9.56],[102.58,9.56],[102.58,9.48]]],[[[102.66,9.48],[102.74,9.48],[102.74,9.56],[102.66,9.56],[102.66,9.48]]],[[[102.74,9.48],[102.82,9.48],[102.82,9.56],[102.74,9.56],[102.74,9.48]]],[[[102.82,9.48],[102.89999999999999,9.48],[102.89999999999999,9.56],[102.82,9.56],[102.82,9.48]]],[[[102.9,9.48],[102.98,9.48],[102.98,9.56],[102.9,9.56],[102.9,9.48]]],[[[102.98,9.48],[103.06,9.48],[103.06,9.56],[102.98,9.56],[102.98,9.48]]],[[[103.06,9.48],[103.14,9.48],[103.14,9.56],[103.06,9.56],[103.06,9.48]]],[[[103.14,9.48],[103.22,9.48],[103.22,9.56],[103.14,9.56],[103.14,9.48]]],[[[103.22,9.48],[103.3,9.48],[103.3,9.56],[103.22,9.56],[103.22,9.48]]],[[[103.3,9.48],[103.38,9.48],[103.38,9.56],[103.3,9.56],[103.3,9.48]]],[[[103.38,9.48],[103.46,9.48],[103.46,9.56],[103.38,9.56],[103.38,9.48]]],[[[103.46,9.48],[103.53999999999999,9.48],[103.53999999999999,9.56],[103.46,9.56],[103.46,9.48]]],[[[103.54,9.48],[103.62,9.48],[103.62,9.56],[103.54,9.56],[103.54,9.48]]],[[[103.62,9.48],[103.7,9.48],[103.7,9.56],[103.62,9.56],[103.62,9.48]]],[[[103.7,9.48],[103.78,9.48],[103.78,9.56],[103.7,9.56],[103.7,9.48]]],[[[103.78,9.48],[103.86,9.48],[103.86,9.56],[103.78,9.56],[103.78,9.48]]],[[[103.86,9.48],[103.94,9.48],[103.94,9.56],[103.86,9.56],[103.86,9.48]]],[[[103.94,9.48],[104.02,9.48],[104.02,9.56],[103.94,9.56],[103.94,9.48]]],[[[104.02,9.48],[104.1,9.48],[104.1,9.56],[104.02,9.56],[104.02,9.48]]],[[[104.1,9.48],[104.17999999999999,9.48],[104.17999999999999,9.56],[104.1,9.56],[104.1,9.48]]],[[[104.18,9.48],[104.26,9.48],[104.26,9.56],[104.18,9.56],[104.18,9.48]]],[[[104.26,9.48],[104.34,9.48],[104.34,9.56],[104.26,9.56],[104.26,9.48]]],[[[104.34,9.48],[104.42,9.48],[104.42,9.56],[104.34,9.56],[104.34,9.48]]],[[[104.42,9.48],[104.5,9.48],[104.5,9.56],[104.42,9.56],[104.42,9.48]]],[[[102.34,9.56],[102.42,9.56],[102.42,9.64],[102.34,9.64],[102.34,9.56]]],[[[102.42,9.56],[102.5,9.56],[102.5,9.64],[102.42,9.64],[102.42,9.56]]],[[[102.5,9.56],[102.58,9.56],[102.58,9.64],[102.5,9.64],[102.5,9.56]]],[[[102.58,9.56],[102.66,9.56],[102.66,9.64],[102.58,9.64],[102.58,9.56]]],[[[102.66,9.56],[102.74,9.56],[102.74,9.64],[102.66,9.64],[102.66,9.56]]],[[[102.74,9.56],[102.82,9.56],[102.82,9.64],[102.74,9.64],[102.74,9.56]]],[[[102.82,9.56],[102.89999999999999,9.56],[102.89999999999999,9.64],[102.82,9.64],[102.82,9.56]]],[[[102.9,9.56],[102.98,9.56],[102.98,9.64],[102.9,9.64],[102.9,9.56]]],[[[102.98,9.56],[103.06,9.56],[103.06,9.64],[102.98,9.64],[102.98,9.56]]],[[[103.06,9.56],[103.14,9.56],[103.14,9.64],[103.06,9.64],[103.06,9.56]]],[[[103.14,9.56],[103.22,9.56],[103.22,9.64],[103.14,9.64],[103.14,9.56]]],[[[103.22,9.56],[103.3,9.56],[103.3,9.64],[103.22,9.64],[103.22,9.56]]],[[[103.3,9.56],[103.38,9.56],[103.38,9.64],[103.3,9.64],[103.3,9.56]]],[[[103.38,9.56],[103.46,9.56],[103.46,9.64],[103.38,9.64],[103.38,9.56]]],[[[103.46,9.56],[103.53999999999999,9.56],[103.53999999999999,9.64],[103.46,9.64],[103.46,9.56]]],[[[103.54,9.56],[103.62,9.56],[103.62,9.64],[103.54,9.64],[103.54,9.56]]],[[[103.62,9.56],[103.7,9.56],[103.7,9.64],[103.62,9.64],[103.62,9.56]]],[[[103.7,9.56],[103.78,9.56],[103.78,9.64],[103.7,9.64],[103.7,9.56]]],[[[103.78,9.56],[103.86,9.56],[103.86,9.64],[103.78,9.64],[103.78,9.56]]],[[[103.86,9.56],[103.94,9.56],[103.94,9.64],[103.86,9.64],[103.86,9.56]]],[[[103.94,9.56],[104.02,9.56],[104.02,9.64],[103.94,9.64],[103.94,9.56]]],[[[104.02,9.56],[104.1,9.56],[104.1,9.64],[104.02,9.64],[104.02,9.56]]],[[[104.1,9.56],[104.17999999999999,9.56],[104.17999999999999,9.64],[104.1,9.64],[104.1,9.56]]],[[[104.18,9.56],[104.26,9.56],[104.26,9.64],[104.18,9.64],[104.18,9.56]]],[[[104.26,9.56],[104.34,9.56],[104.34,9.64],[104.26,9.64],[104.26,9.56]]],[[[104.34,9.56],[104.42,9.56],[104.42,9.64],[104.34,9.64],[104.34,9.56]]],[[[104.42,9.56],[104.5,9.56],[104.5,9.64],[104.42,9.64],[104.42,9.56]]],[[[102.18,9.64],[102.26,9.64],[102.26,9.72],[102.18,9.72],[102.18,9.64]]],[[[102.26,9.64],[102.34,9.64],[102.34,9.72],[102.26,9.72],[102.26,9.64]]],[[[102.34,9.64],[102.42,9.64],[102.42,9.72],[102.34,9.72],[102.34,9.64]]],[[[102.42,9.64],[102.5,9.64],[102.5,9.72],[102.42,9.72],[102.42,9.64]]],[[[102.5,9.64],[102.58,9.64],[102.58,9.72],[102.5,9.72],[102.5,9.64]]],[[[102.58,9.64],[102.66,9.64],[102.66,9.72],[102.58,9.72],[102.58,9.64]]],[[[102.66,9.64],[102.74,9.64],[102.74,9.72],[102.66,9.72],[102.66,9.64]]],[[[102.74,9.64],[102.82,9.64],[102.82,9.72],[102.74,9.72],[102.74,9.64]]],[[[102.82,9.64],[102.89999999999999,9.64],[102.89999999999999,9.72],[102.82,9.72],[102.82,9.64]]],[[[102.9,9.64],[102.98,9.64],[102.98,9.72],[102.9,9.72],[102.9,9.64]]],[[[102.98,9.64],[103.06,9.64],[103.06,9.72],[102.98,9.72],[102.98,9.64]]],[[[103.06,9.64],[103.14,9.64],[103.14,9.72],[103.06,9.72],[103.06,9.64]]],[[[103.14,9.64],[103.22,9.64],[103.22,9.72],[103.14,9.72],[103.14,9.64]]],[[[103.22,9.64],[103.3,9.64],[103.3,9.72],[103.22,9.72],[103.22,9.64]]],[[[103.3,9.64],[103.38,9.64],[103.38,9.72],[103.3,9.72],[103.3,9.64]]],[[[103.38,9.64],[103.46,9.64],[103.46,9.72],[103.38,9.72],[103.38,9.64]]],[[[103.46,9.64],[103.53999999999999,9.64],[103.53999999999999,9.72],[103.46,9.72],[103.46,9.64]]],[[[103.54,9.64],[103.62,9.64],[103.62,9.72],[103.54,9.72],[103.54,9.64]]],[[[103.62,9.64],[103.7,9.64],[103.7,9.72],[103.62,9.72],[103.62,9.64]]],[[[103.7,9.64],[103.78,9.64],[103.78,9.72],[103.7,9.72],[103.7,9.64]]],[[[103.78,9.64],[103.86,9.64],[103.86,9.72],[103.78,9.72],[103.78,9.64]]],[[[103.86,9.64],[103.94,9.64],[103.94,9.72],[103.86,9.72],[103.86,9.64]]],[[[103.94,9.64],[104.02,9.64],[104.02,9.72],[103.94,9.72],[103.94,9.64]]],[[[104.02,9.64],[104.1,9.64],[104.1,9.72],[104.02,9.72],[104.02,9.64]]],[[[104.1,9.64],[104.17999999999999,9.64],[104.17999999999999,9.72],[104.1,9.72],[104.1,9.64]]],[[[104.18,9.64],[104.26,9.64],[104.26,9.72],[104.18,9.72],[104.18,9.64]]],[[[104.26,9.64],[104.34,9.64],[104.34,9.72],[104.26,9.72],[104.26,9.64]]],[[[104.34,9.64],[104.42,9.64],[104.42,9.72],[104.34,9.72],[104.34,9.64]]],[[[104.42,9.64],[104.5,9.64],[104.5,9.72],[104.42,9.72],[104.42,9.64]]],[[[102.02,9.719999999999999],[102.1,9.719999999999999],[102.1,9.799999999999999],[102.02,9.799999999999999],[102.02,9.719999999999999]]],[[[102.1,9.719999999999999],[102.17999999999999,9.719999999999999],[102.17999999999999,9.799999999999999],[102.1,9.799999999999999],[102.1,9.719999999999999]]],[[[102.18,9.719999999999999],[102.26,9.719999999999999],[102.26,9.799999999999999],[102.18,9.799999999999999],[102.18,9.719999999999999]]],[[[102.26,9.719999999999999],[102.34,9.719999999999999],[102.34,9.799999999999999],[102.26,9.799999999999999],[102.26,9.719999999999999]]],[[[102.34,9.719999999999999],[102.42,9.719999999999999],[102.42,9.799999999999999],[102.34,9.799999999999999],[102.34,9.719999999999999]]],[[[102.42,9.719999999999999],[102.5,9.719999999999999],[102.5,9.799999999999999],[102.42,9.799999999999999],[102.42,9.719999999999999]]],[[[102.5,9.719999999999999],[102.58,9.719999999999999],[102.58,9.799999999999999],[102.5,9.799999999999999],[102.5,9.719999999999999]]],[[[102.58,9.719999999999999],[102.66,9.719999999999999],[102.66,9.799999999999999],[102.58,9.799999999999999],[102.58,9.719999999999999]]],[[[102.66,9.719999999999999],[102.74,9.719999999999999],[102.74,9.799999999999999],[102.66,9.799999999999999],[102.66,9.719999999999999]]],[[[102.74,9.719999999999999],[102.82,9.719999999999999],[102.82,9.799999999999999],[102.74,9.799999999999999],[102.74,9.719999999999999]]],[[[102.82,9.719999999999999],[102.89999999999999,9.719999999999999],[102.89999999999999,9.799999999999999],[102.82,9.799999999999999],[102.82,9.719999999999999]]],[[[102.9,9.719999999999999],[102.98,9.719999999999999],[102.98,9.799999999999999],[102.9,9.799999999999999],[102.9,9.719999999999999]]],[[[102.98,9.719999999999999],[103.06,9.719999999999999],[103.06,9.799999999999999],[102.98,9.799999999999999],[102.98,9.719999999999999]]],[[[103.06,9.719999999999999],[103.14,9.719999999999999],[103.14,9.799999999999999],[103.06,9.799999999999999],[103.06,9.719999999999999]]],[[[103.14,9.719999999999999],[103.22,9.719999999999999],[103.22,9.799999999999999],[103.14,9.799999999999999],[103.14,9.719999999999999]]],[[[103.22,9.719999999999999],[103.3,9.719999999999999],[103.3,9.799999999999999],[103.22,9.799999999999999],[103.22,9.719999999999999]]],[[[103.3,9.719999999999999],[103.38,9.719999999999999],[103.38,9.799999999999999],[103.3,9.799999999999999],[103.3,9.719999999999999]]],[[[103.38,9.719999999999999],[103.46,9.719999999999999],[103.46,9.799999999999999],[103.38,9.799999999999999],[103.38,9.719999999999999]]],[[[103.46,9.719999999999999],[103.53999999999999,9.719999999999999],[103.53999999999999,9.799999999999999],[103.46,9.799999999999999],[103.46,9.719999999999999]]],[[[103.54,9.719999999999999],[103.62,9.719999999999999],[103.62,9.799999999999999],[103.54,9.799999999999999],[103.54,9.719999999999999]]],[[[103.62,9.719999999999999],[103.7,9.719999999999999],[103.7,9.799999999999999],[103.62,9.799999999999999],[103.62,9.719999999999999]]],[[[103.7,9.719999999999999],[103.78,9.719999999999999],[103.78,9.799999999999999],[103.7,9.799999999999999],[103.7,9.719999999999999]]],[[[103.78,9.719999999999999],[103.86,9.719999999999999],[103.86,9.799999999999999],[103.78,9.799999999999999],[103.78,9.719999999999999]]],[[[103.86,9.719999999999999],[103.94,9.719999999999999],[103.94,9.799999999999999],[103.86,9.799999999999999],[103.86,9.719999999999999]]],[[[103.94,9.719999999999999],[104.02,9.719999999999999],[104.02,9.799999999999999],[103.94,9.799999999999999],[103.94,9.719999999999999]]],[[[104.02,9.719999999999999],[104.1,9.719999999999999],[104.1,9.799999999999999],[104.02,9.799999999999999],[104.02,9.719999999999999]]],[[[104.1,9.719999999999999],[104.17999999999999,9.719999999999999],[104.17999999999999,9.799999999999999],[104.1,9.799999999999999],[104.1,9.719999999999999]]],[[[104.18,9.719999999999999],[104.26,9.719999999999999],[104.26,9.799999999999999],[104.18,9.799999999999999],[104.18,9.719999999999999]]],[[[104.26,9.719999999999999],[104.34,9.719999999999999],[104.34,9.799999999999999],[104.26,9.799999999999999],[104.26,9.719999999999999]]],[[[104.34,9.719999999999999],[104.42,9.719999999999999],[104.42,9.799999999999999],[104.34,9.799999999999999],[104.34,9.719999999999999]]],[[[104.42,9.719999999999999],[104.5,9.719999999999999],[104.5,9.799999999999999],[104.42,9.799999999999999],[104.42,9.719999999999999]]],[[[101.94,9.8],[102.02,9.8],[102.02,9.88],[101.94,9.88],[101.94,9.8]]],[[[102.02,9.8],[102.1,9.8],[102.1,9.88],[102.02,9.88],[102.02,9.8]]],[[[102.1,9.8],[102.17999999999999,9.8],[102.17999999999999,9.88],[102.1,9.88],[102.1,9.8]]],[[[102.18,9.8],[102.26,9.8],[102.26,9.88],[102.18,9.88],[102.18,9.8]]],[[[102.26,9.8],[102.34,9.8],[102.34,9.88],[102.26,9.88],[102.26,9.8]]],[[[102.34,9.8],[102.42,9.8],[102.42,9.88],[102.34,9.88],[102.34,9.8]]],[[[102.42,9.8],[102.5,9.8],[102.5,9.88],[102.42,9.88],[102.42,9.8]]],[[[102.5,9.8],[102.58,9.8],[102.58,9.88],[102.5,9.88],[102.5,9.8]]],[[[102.58,9.8],[102.66,9.8],[102.66,9.88],[102.58,9.88],[102.58,9.8]]],[[[102.66,9.8],[102.74,9.8],[102.74,9.88],[102.66,9.88],[102.66,9.8]]],[[[102.74,9.8],[102.82,9.8],[102.82,9.88],[102.74,9.88],[102.74,9.8]]],[[[102.82,9.8],[102.89999999999999,9.8],[102.89999999999999,9.88],[102.82,9.88],[102.82,9.8]]],[[[102.9,9.8],[102.98,9.8],[102.98,9.88],[102.9,9.88],[102.9,9.8]]],[[[102.98,9.8],[103.06,9.8],[103.06,9.88],[102.98,9.88],[102.98,9.8]]],[[[103.06,9.8],[103.14,9.8],[103.14,9.88],[103.06,9.88],[103.06,9.8]]],[[[103.14,9.8],[103.22,9.8],[103.22,9.88],[103.14,9.88],[103.14,9.8]]],[[[103.22,9.8],[103.3,9.8],[103.3,9.88],[103.22,9.88],[103.22,9.8]]],[[[103.3,9.8],[103.38,9.8],[103.38,9.88],[103.3,9.88],[103.3,9.8]]],[[[103.38,9.8],[103.46,9.8],[103.46,9.88],[103.38,9.88],[103.38,9.8]]],[[[103.46,9.8],[103.53999999999999,9.8],[103.53999999999999,9.88],[103.46,9.88],[103.46,9.8]]],[[[103.54,9.8],[103.62,9.8],[103.62,9.88],[103.54,9.88],[103.54,9.8]]],[[[103.62,9.8],[103.7,9.8],[103.7,9.88],[103.62,9.88],[103.62,9.8]]],[[[103.7,9.8],[103.78,9.8],[103.78,9.88],[103.7,9.88],[103.7,9.8]]],[[[103.78,9.8],[103.86,9.8],[103.86,9.88],[103.78,9.88],[103.78,9.8]]],[[[103.86,9.8],[103.94,9.8],[103.94,9.88],[103.86,9.88],[103.86,9.8]]],[[[103.94,9.8],[104.02,9.8],[104.02,9.88],[103.94,9.88],[103.94,9.8]]],[[[104.02,9.8],[104.1,9.8],[104.1,9.88],[104.02,9.88],[104.02,9.8]]],[[[104.1,9.8],[104.17999999999999,9.8],[104.17999999999999,9.88],[104.1,9.88],[104.1,9.8]]],[[[104.18,9.8],[104.26,9.8],[104.26,9.88],[104.18,9.88],[104.18,9.8]]],[[[104.26,9.8],[104.34,9.8],[104.34,9.88],[104.26,9.88],[104.26,9.8]]],[[[104.34,9.8],[104.42,9.8],[104.42,9.88],[104.34,9.88],[104.34,9.8]]],[[[104.42,9.8],[104.5,9.8],[104.5,9.88],[104.42,9.88],[104.42,9.8]]],[[[101.86,9.879999999999999],[101.94,9.879999999999999],[101.94,9.959999999999999],[101.86,9.959999999999999],[101.86,9.879999999999999]]],[[[101.94,9.879999999999999],[102.02,9.879999999999999],[102.02,9.959999999999999],[101.94,9.959999999999999],[101.94,9.879999999999999]]],[[[102.02,9.879999999999999],[102.1,9.879999999999999],[102.1,9.959999999999999],[102.02,9.959999999999999],[102.02,9.879999999999999]]],[[[102.1,9.879999999999999],[102.17999999999999,9.879999999999999],[102.17999999999999,9.959999999999999],[102.1,9.959999999999999],[102.1,9.879999999999999]]],[[[102.18,9.879999999999999],[102.26,9.879999999999999],[102.26,9.959999999999999],[102.18,9.959999999999999],[102.18,9.879999999999999]]],[[[102.26,9.879999999999999],[102.34,9.879999999999999],[102.34,9.959999999999999],[102.26,9.959999999999999],[102.26,9.879999999999999]]],[[[102.34,9.879999999999999],[102.42,9.879999999999999],[102.42,9.959999999999999],[102.34,9.959999999999999],[102.34,9.879999999999999]]],[[[102.42,9.879999999999999],[102.5,9.879999999999999],[102.5,9.959999999999999],[102.42,9.959999999999999],[102.42,9.879999999999999]]],[[[102.5,9.879999999999999],[102.58,9.879999999999999],[102.58,9.959999999999999],[102.5,9.959999999999999],[102.5,9.879999999999999]]],[[[102.58,9.879999999999999],[102.66,9.879999999999999],[102.66,9.959999999999999],[102.58,9.959999999999999],[102.58,9.879999999999999]]],[[[102.66,9.879999999999999],[102.74,9.879999999999999],[102.74,9.959999999999999],[102.66,9.959999999999999],[102.66,9.879999999999999]]],[[[102.74,9.879999999999999],[102.82,9.879999999999999],[102.82,9.959999999999999],[102.74,9.959999999999999],[102.74,9.879999999999999]]],[[[102.82,9.879999999999999],[102.89999999999999,9.879999999999999],[102.89999999999999,9.959999999999999],[102.82,9.959999999999999],[102.82,9.879999999999999]]],[[[102.9,9.879999999999999],[102.98,9.879999999999999],[102.98,9.959999999999999],[102.9,9.959999999999999],[102.9,9.879999999999999]]],[[[102.98,9.879999999999999],[103.06,9.879999999999999],[103.06,9.959999999999999],[102.98,9.959999999999999],[102.98,9.879999999999999]]],[[[103.06,9.879999999999999],[103.14,9.879999999999999],[103.14,9.959999999999999],[103.06,9.959999999999999],[103.06,9.879999999999999]]],[[[103.14,9.879999999999999],[103.22,9.879999999999999],[103.22,9.959999999999999],[103.14,9.959999999999999],[103.14,9.879999999999999]]],[[[103.22,9.879999999999999],[103.3,9.879999999999999],[103.3,9.959999999999999],[103.22,9.959999999999999],[103.22,9.879999999999999]]],[[[103.3,9.879999999999999],[103.38,9.879999999999999],[103.38,9.959999999999999],[103.3,9.959999999999999],[103.3,9.879999999999999]]],[[[103.38,9.879999999999999],[103.46,9.879999999999999],[103.46,9.959999999999999],[103.38,9.959999999999999],[103.38,9.879999999999999]]],[[[103.46,9.879999999999999],[103.53999999999999,9.879999999999999],[103.53999999999999,9.959999999999999],[103.46,9.959999999999999],[103.46,9.879999999999999]]],[[[103.54,9.879999999999999],[103.62,9.879999999999999],[103.62,9.959999999999999],[103.54,9.959999999999999],[103.54,9.879999999999999]]],[[[103.62,9.879999999999999],[103.7,9.879999999999999],[103.7,9.959999999999999],[103.62,9.959999999999999],[103.62,9.879999999999999]]],[[[103.7,9.879999999999999],[103.78,9.879999999999999],[103.78,9.959999999999999],[103.7,9.959999999999999],[103.7,9.879999999999999]]],[[[103.78,9.879999999999999],[103.86,9.879999999999999],[103.86,9.959999999999999],[103.78,9.959999999999999],[103.78,9.879999999999999]]],[[[103.86,9.879999999999999],[103.94,9.879999999999999],[103.94,9.959999999999999],[103.86,9.959999999999999],[103.86,9.879999999999999]]],[[[103.94,9.879999999999999],[104.02,9.879999999999999],[104.02,9.959999999999999],[103.94,9.959999999999999],[103.94,9.879999999999999]]],[[[104.02,9.879999999999999],[104.1,9.879999999999999],[104.1,9.959999999999999],[104.02,9.959999999999999],[104.02,9.879999999999999]]],[[[104.1,9.879999999999999],[104.17999999999999,9.879999999999999],[104.17999999999999,9.959999999999999],[104.1,9.959999999999999],[104.1,9.879999999999999]]],[[[104.18,9.879999999999999],[104.26,9.879999999999999],[104.26,9.959999999999999],[104.18,9.959999999999999],[104.18,9.879999999999999]]],[[[104.26,9.879999999999999],[104.34,9.879999999999999],[104.34,9.959999999999999],[104.26,9.959999999999999],[104.26,9.879999999999999]]],[[[104.34,9.879999999999999],[104.42,9.879999999999999],[104.42,9.959999999999999],[104.34,9.959999999999999],[104.34,9.879999999999999]]],[[[104.42,9.879999999999999],[104.5,9.879999999999999],[104.5,9.959999999999999],[104.42,9.959999999999999],[104.42,9.879999999999999]]],[[[101.78,9.96],[101.86,9.96],[101.86,10.040000000000001],[101.78,10.040000000000001],[101.78,9.96]]],[[[101.86,9.96],[101.94,9.96],[101.94,10.040000000000001],[101.86,10.040000000000001],[101.86,9.96]]],[[[101.94,9.96],[102.02,9.96],[102.02,10.040000000000001],[101.94,10.040000000000001],[101.94,9.96]]],[[[102.02,9.96],[102.1,9.96],[102.1,10.040000000000001],[102.02,10.040000000000001],[102.02,9.96]]],[[[102.1,9.96],[102.17999999999999,9.96],[102.17999999999999,10.040000000000001],[102.1,10.040000000000001],[102.1,9.96]]],[[[102.18,9.96],[102.26,9.96],[102.26,10.040000000000001],[102.18,10.040000000000001],[102.18,9.96]]],[[[102.26,9.96],[102.34,9.96],[102.34,10.040000000000001],[102.26,10.040000000000001],[102.26,9.96]]],[[[102.34,9.96],[102.42,9.96],[102.42,10.040000000000001],[102.34,10.040000000000001],[102.34,9.96]]],[[[102.42,9.96],[102.5,9.96],[102.5,10.040000000000001],[102.42,10.040000000000001],[102.42,9.96]]],[[[102.5,9.96],[102.58,9.96],[102.58,10.040000000000001],[102.5,10.040000000000001],[102.5,9.96]]],[[[102.58,9.96],[102.66,9.96],[102.66,10.040000000000001],[102.58,10.040000000000001],[102.58,9.96]]],[[[102.66,9.96],[102.74,9.96],[102.74,10.040000000000001],[102.66,10.040000000000001],[102.66,9.96]]],[[[102.74,9.96],[102.82,9.96],[102.82,10.040000000000001],[102.74,10.040000000000001],[102.74,9.96]]],[[[102.82,9.96],[102.89999999999999,9.96],[102.89999999999999,10.040000000000001],[102.82,10.040000000000001],[102.82,9.96]]],[[[102.9,9.96],[102.98,9.96],[102.98,10.040000000000001],[102.9,10.040000000000001],[102.9,9.96]]],[[[102.98,9.96],[103.06,9.96],[103.06,10.040000000000001],[102.98,10.040000000000001],[102.98,9.96]]],[[[103.06,9.96],[103.14,9.96],[103.14,10.040000000000001],[103.06,10.040000000000001],[103.06,9.96]]],[[[103.14,9.96],[103.22,9.96],[103.22,10.040000000000001],[103.14,10.040000000000001],[103.14,9.96]]],[[[103.22,9.96],[103.3,9.96],[103.3,10.040000000000001],[103.22,10.040000000000001],[103.22,9.96]]],[[[103.3,9.96],[103.38,9.96],[103.38,10.040000000000001],[103.3,10.040000000000001],[103.3,9.96]]],[[[103.38,9.96],[103.46,9.96],[103.46,10.040000000000001],[103.38,10.040000000000001],[103.38,9.96]]],[[[103.46,9.96],[103.53999999999999,9.96],[103.53999999999999,10.040000000000001],[103.46,10.040000000000001],[103.46,9.96]]],[[[103.54,9.96],[103.62,9.96],[103.62,10.040000000000001],[103.54,10.040000000000001],[103.54,9.96]]],[[[103.62,9.96],[103.7,9.96],[103.7,10.040000000000001],[103.62,10.040000000000001],[103.62,9.96]]],[[[103.7,9.96],[103.78,9.96],[103.78,10.040000000000001],[103.7,10.040000000000001],[103.7,9.96]]],[[[103.78,9.96],[103.86,9.96],[103.86,10.040000000000001],[103.78,10.040000000000001],[103.78,9.96]]],[[[103.86,9.96],[103.94,9.96],[103.94,10.040000000000001],[103.86,10.040000000000001],[103.86,9.96]]],[[[103.94,9.96],[104.02,9.96],[104.02,10.040000000000001],[103.94,10.040000000000001],[103.94,9.96]]],[[[104.02,9.96],[104.1,9.96],[104.1,10.040000000000001],[104.02,10.040000000000001],[104.02,9.96]]],[[[104.1,9.96],[104.17999999999999,9.96],[104.17999999999999,10.040000000000001],[104.1,10.040000000000001],[104.1,9.96]]],[[[104.18,9.96],[104.26,9.96],[104.26,10.040000000000001],[104.18,10.040000000000001],[104.18,9.96]]],[[[104.26,9.96],[104.34,9.96],[104.34,10.040000000000001],[104.26,10.040000000000001],[104.26,9.96]]],[[[104.34,9.96],[104.42,9.96],[104.42,10.040000000000001],[104.34,10.040000000000001],[104.34,9.96]]],[[[104.42,9.96],[104.5,9.96],[104.5,10.040000000000001],[104.42,10.040000000000001],[104.42,9.96]]],[[[101.78,10.04],[101.86,10.04],[101.86,10.12],[101.78,10.12],[101.78,10.04]]],[[[101.86,10.04],[101.94,10.04],[101.94,10.12],[101.86,10.12],[101.86,10.04]]],[[[101.94,10.04],[102.02,10.04],[102.02,10.12],[101.94,10.12],[101.94,10.04]]],[[[102.02,10.04],[102.1,10.04],[102.1,10.12],[102.02,10.12],[102.02,10.04]]],[[[102.1,10.04],[102.17999999999999,10.04],[102.17999999999999,10.12],[102.1,10.12],[102.1,10.04]]],[[[102.18,10.04],[102.26,10.04],[102.26,10.12],[102.18,10.12],[102.18,10.04]]],[[[102.26,10.04],[102.34,10.04],[102.34,10.12],[102.26,10.12],[102.26,10.04]]],[[[102.34,10.04],[102.42,10.04],[102.42,10.12],[102.34,10.12],[102.34,10.04]]],[[[102.42,10.04],[102.5,10.04],[102.5,10.12],[102.42,10.12],[102.42,10.04]]],[[[102.5,10.04],[102.58,10.04],[102.58,10.12],[102.5,10.12],[102.5,10.04]]],[[[102.58,10.04],[102.66,10.04],[102.66,10.12],[102.58,10.12],[102.58,10.04]]],[[[102.66,10.04],[102.74,10.04],[102.74,10.12],[102.66,10.12],[102.66,10.04]]],[[[102.74,10.04],[102.82,10.04],[102.82,10.12],[102.74,10.12],[102.74,10.04]]],[[[102.82,10.04],[102.89999999999999,10.04],[102.89999999999999,10.12],[102.82,10.12],[102.82,10.04]]],[[[102.9,10.04],[102.98,10.04],[102.98,10.12],[102.9,10.12],[102.9,10.04]]],[[[102.98,10.04],[103.06,10.04],[103.06,10.12],[102.98,10.12],[102.98,10.04]]],[[[103.06,10.04],[103.14,10.04],[103.14,10.12],[103.06,10.12],[103.06,10.04]]],[[[103.14,10.04],[103.22,10.04],[103.22,10.12],[103.14,10.12],[103.14,10.04]]],[[[103.22,10.04],[103.3,10.04],[103.3,10.12],[103.22,10.12],[103.22,10.04]]],[[[103.3,10.04],[103.38,10.04],[103.38,10.12],[103.3,10.12],[103.3,10.04]]],[[[103.38,10.04],[103.46,10.04],[103.46,10.12],[103.38,10.12],[103.38,10.04]]],[[[103.46,10.04],[103.53999999999999,10.04],[103.53999999999999,10.12],[103.46,10.12],[103.46,10.04]]],[[[103.54,10.04],[103.62,10.04],[103.62,10.12],[103.54,10.12],[103.54,10.04]]],[[[103.62,10.04],[103.7,10.04],[103.7,10.12],[103.62,10.12],[103.62,10.04]]],[[[103.7,10.04],[103.78,10.04],[103.78,10.12],[103.7,10.12],[103.7,10.04]]],[[[103.78,10.04],[103.86,10.04],[103.86,10.12],[103.78,10.12],[103.78,10.04]]],[[[103.86,10.04],[103.94,10.04],[103.94,10.12],[103.86,10.12],[103.86,10.04]]],[[[103.94,10.04],[104.02,10.04],[104.02,10.12],[103.94,10.12],[103.94,10.04]]],[[[104.02,10.04],[104.1,10.04],[104.1,10.12],[104.02,10.12],[104.02,10.04]]],[[[104.1,10.04],[104.17999999999999,10.04],[104.17999999999999,10.12],[104.1,10.12],[104.1,10.04]]],[[[104.18,10.04],[104.26,10.04],[104.26,10.12],[104.18,10.12],[104.18,10.04]]],[[[104.26,10.04],[104.34,10.04],[104.34,10.12],[104.26,10.12],[104.26,10.04]]],[[[104.34,10.04],[104.42,10.04],[104.42,10.12],[104.34,10.12],[104.34,10.04]]],[[[104.42,10.04],[104.5,10.04],[104.5,10.12],[104.42,10.12],[104.42,10.04]]],[[[101.7,10.120000000000001],[101.78,10.120000000000001],[101.78,10.200000000000001],[101.7,10.200000000000001],[101.7,10.120000000000001]]],[[[101.78,10.120000000000001],[101.86,10.120000000000001],[101.86,10.200000000000001],[101.78,10.200000000000001],[101.78,10.120000000000001]]],[[[101.86,10.120000000000001],[101.94,10.120000000000001],[101.94,10.200000000000001],[101.86,10.200000000000001],[101.86,10.120000000000001]]],[[[101.94,10.120000000000001],[102.02,10.120000000000001],[102.02,10.200000000000001],[101.94,10.200000000000001],[101.94,10.120000000000001]]],[[[102.02,10.120000000000001],[102.1,10.120000000000001],[102.1,10.200000000000001],[102.02,10.200000000000001],[102.02,10.120000000000001]]],[[[102.1,10.120000000000001],[102.17999999999999,10.120000000000001],[102.17999999999999,10.200000000000001],[102.1,10.200000000000001],[102.1,10.120000000000001]]],[[[102.18,10.120000000000001],[102.26,10.120000000000001],[102.26,10.200000000000001],[102.18,10.200000000000001],[102.18,10.120000000000001]]],[[[102.26,10.120000000000001],[102.34,10.120000000000001],[102.34,10.200000000000001],[102.26,10.200000000000001],[102.26,10.120000000000001]]],[[[102.34,10.120000000000001],[102.42,10.120000000000001],[102.42,10.200000000000001],[102.34,10.200000000000001],[102.34,10.120000000000001]]],[[[102.42,10.120000000000001],[102.5,10.120000000000001],[102.5,10.200000000000001],[102.42,10.200000000000001],[102.42,10.120000000000001]]],[[[102.5,10.120000000000001],[102.58,10.120000000000001],[102.58,10.200000000000001],[102.5,10.200000000000001],[102.5,10.120000000000001]]],[[[102.58,10.120000000000001],[102.66,10.120000000000001],[102.66,10.200000000000001],[102.58,10.200000000000001],[102.58,10.120000000000001]]],[[[102.66,10.120000000000001],[102.74,10.120000000000001],[102.74,10.200000000000001],[102.66,10.200000000000001],[102.66,10.120000000000001]]],[[[102.74,10.120000000000001],[102.82,10.120000000000001],[102.82,10.200000000000001],[102.74,10.200000000000001],[102.74,10.120000000000001]]],[[[102.82,10.120000000000001],[102.89999999999999,10.120000000000001],[102.89999999999999,10.200000000000001],[102.82,10.200000000000001],[102.82,10.120000000000001]]],[[[102.9,10.120000000000001],[102.98,10.120000000000001],[102.98,10.200000000000001],[102.9,10.200000000000001],[102.9,10.120000000000001]]],[[[102.98,10.120000000000001],[103.06,10.120000000000001],[103.06,10.200000000000001],[102.98,10.200000000000001],[102.98,10.120000000000001]]],[[[103.06,10.120000000000001],[103.14,10.120000000000001],[103.14,10.200000000000001],[103.06,10.200000000000001],[103.06,10.120000000000001]]],[[[103.14,10.120000000000001],[103.22,10.120000000000001],[103.22,10.200000000000001],[103.14,10.200000000000001],[103.14,10.120000000000001]]],[[[103.22,10.120000000000001],[103.3,10.120000000000001],[103.3,10.200000000000001],[103.22,10.200000000000001],[103.22,10.120000000000001]]],[[[103.3,10.120000000000001],[103.38,10.120000000000001],[103.38,10.200000000000001],[103.3,10.200000000000001],[103.3,10.120000000000001]]],[[[103.38,10.120000000000001],[103.46,10.120000000000001],[103.46,10.200000000000001],[103.38,10.200000000000001],[103.38,10.120000000000001]]],[[[103.46,10.120000000000001],[103.53999999999999,10.120000000000001],[103.53999999999999,10.200000000000001],[103.46,10.200000000000001],[103.46,10.120000000000001]]],[[[103.54,10.120000000000001],[103.62,10.120000000000001],[103.62,10.200000000000001],[103.54,10.200000000000001],[103.54,10.120000000000001]]],[[[103.62,10.120000000000001],[103.7,10.120000000000001],[103.7,10.200000000000001],[103.62,10.200000000000001],[103.62,10.120000000000001]]],[[[103.7,10.120000000000001],[103.78,10.120000000000001],[103.78,10.200000000000001],[103.7,10.200000000000001],[103.7,10.120000000000001]]],[[[103.78,10.120000000000001],[103.86,10.120000000000001],[103.86,10.200000000000001],[103.78,10.200000000000001],[103.78,10.120000000000001]]],[[[103.86,10.120000000000001],[103.94,10.120000000000001],[103.94,10.200000000000001],[103.86,10.200000000000001],[103.86,10.120000000000001]]],[[[103.94,10.120000000000001],[104.02,10.120000000000001],[104.02,10.200000000000001],[103.94,10.200000000000001],[103.94,10.120000000000001]]],[[[104.02,10.120000000000001],[104.1,10.120000000000001],[104.1,10.200000000000001],[104.02,10.200000000000001],[104.02,10.120000000000001]]],[[[104.1,10.120000000000001],[104.17999999999999,10.120000000000001],[104.17999999999999,10.200000000000001],[104.1,10.200000000000001],[104.1,10.120000000000001]]],[[[104.18,10.120000000000001],[104.26,10.120000000000001],[104.26,10.200000000000001],[104.18,10.200000000000001],[104.18,10.120000000000001]]],[[[104.26,10.120000000000001],[104.34,10.120000000000001],[104.34,10.200000000000001],[104.26,10.200000000000001],[104.26,10.120000000000001]]],[[[104.34,10.120000000000001],[104.42,10.120000000000001],[104.42,10.200000000000001],[104.34,10.200000000000001],[104.34,10.120000000000001]]],[[[104.42,10.120000000000001],[104.5,10.120000000000001],[104.5,10.200000000000001],[104.42,10.200000000000001],[104.42,10.120000000000001]]],[[[101.62,10.2],[101.7,10.2],[101.7,10.28],[101.62,10.28],[101.62,10.2]]],[[[101.7,10.2],[101.78,10.2],[101.78,10.28],[101.7,10.28],[101.7,10.2]]],[[[101.78,10.2],[101.86,10.2],[101.86,10.28],[101.78,10.28],[101.78,10.2]]],[[[101.86,10.2],[101.94,10.2],[101.94,10.28],[101.86,10.28],[101.86,10.2]]],[[[101.94,10.2],[102.02,10.2],[102.02,10.28],[101.94,10.28],[101.94,10.2]]],[[[102.02,10.2],[102.1,10.2],[102.1,10.28],[102.02,10.28],[102.02,10.2]]],[[[102.1,10.2],[102.17999999999999,10.2],[102.17999999999999,10.28],[102.1,10.28],[102.1,10.2]]],[[[102.18,10.2],[102.26,10.2],[102.26,10.28],[102.18,10.28],[102.18,10.2]]],[[[102.26,10.2],[102.34,10.2],[102.34,10.28],[102.26,10.28],[102.26,10.2]]],[[[102.34,10.2],[102.42,10.2],[102.42,10.28],[102.34,10.28],[102.34,10.2]]],[[[102.42,10.2],[102.5,10.2],[102.5,10.28],[102.42,10.28],[102.42,10.2]]],[[[102.5,10.2],[102.58,10.2],[102.58,10.28],[102.5,10.28],[102.5,10.2]]],[[[102.58,10.2],[102.66,10.2],[102.66,10.28],[102.58,10.28],[102.58,10.2]]],[[[102.66,10.2],[102.74,10.2],[102.74,10.28],[102.66,10.28],[102.66,10.2]]],[[[102.74,10.2],[102.82,10.2],[102.82,10.28],[102.74,10.28],[102.74,10.2]]],[[[102.82,10.2],[102.89999999999999,10.2],[102.89999999999999,10.28],[102.82,10.28],[102.82,10.2]]],[[[102.9,10.2],[102.98,10.2],[102.98,10.28],[102.9,10.28],[102.9,10.2]]],[[[102.98,10.2],[103.06,10.2],[103.06,10.28],[102.98,10.28],[102.98,10.2]]],[[[103.06,10.2],[103.14,10.2],[103.14,10.28],[103.06,10.28],[103.06,10.2]]],[[[103.14,10.2],[103.22,10.2],[103.22,10.28],[103.14,10.28],[103.14,10.2]]],[[[103.22,10.2],[103.3,10.2],[103.3,10.28],[103.22,10.28],[103.22,10.2]]],[[[103.3,10.2],[103.38,10.2],[103.38,10.28],[103.3,10.28],[103.3,10.2]]],[[[103.38,10.2],[103.46,10.2],[103.46,10.28],[103.38,10.28],[103.38,10.2]]],[[[103.46,10.2],[103.53999999999999,10.2],[103.53999999999999,10.28],[103.46,10.28],[103.46,10.2]]],[[[103.54,10.2],[103.62,10.2],[103.62,10.28],[103.54,10.28],[103.54,10.2]]],[[[103.62,10.2],[103.7,10.2],[103.7,10.28],[103.62,10.28],[103.62,10.2]]],[[[103.7,10.2],[103.78,10.2],[103.78,10.28],[103.7,10.28],[103.7,10.2]]],[[[103.78,10.2],[103.86,10.2],[103.86,10.28],[103.78,10.28],[103.78,10.2]]],[[[103.86,10.2],[103.94,10.2],[103.94,10.28],[103.86,10.28],[103.86,10.2]]],[[[103.94,10.2],[104.02,10.2],[104.02,10.28],[103.94,10.28],[103.94,10.2]]],[[[104.02,10.2],[104.1,10.2],[104.1,10.28],[104.02,10.28],[104.02,10.2]]],[[[104.1,10.2],[104.17999999999999,10.2],[104.17999999999999,10.28],[104.1,10.28],[104.1,10.2]]],[[[104.18,10.2],[104.26,10.2],[104.26,10.28],[104.18,10.28],[104.18,10.2]]],[[[104.26,10.2],[104.34,10.2],[104.34,10.28],[104.26,10.28],[104.26,10.2]]],[[[104.34,10.2],[104.42,10.2],[104.42,10.28],[104.34,10.28],[104.34,10.2]]],[[[104.42,10.2],[104.5,10.2],[104.5,10.28],[104.42,10.28],[104.42,10.2]]],[[[101.54,10.280000000000001],[101.62,10.280000000000001],[101.62,10.360000000000001],[101.54,10.360000000000001],[101.54,10.280000000000001]]],[[[101.62,10.280000000000001],[101.7,10.280000000000001],[101.7,10.360000000000001],[101.62,10.360000000000001],[101.62,10.280000000000001]]],[[[101.7,10.280000000000001],[101.78,10.280000000000001],[101.78,10.360000000000001],[101.7,10.360000000000001],[101.7,10.280000000000001]]],[[[101.78,10.280000000000001],[101.86,10.280000000000001],[101.86,10.360000000000001],[101.78,10.360000000000001],[101.78,10.280000000000001]]],[[[101.86,10.280000000000001],[101.94,10.280000000000001],[101.94,10.360000000000001],[101.86,10.360000000000001],[101.86,10.280000000000001]]],[[[101.94,10.280000000000001],[102.02,10.280000000000001],[102.02,10.360000000000001],[101.94,10.360000000000001],[101.94,10.280000000000001]]],[[[102.02,10.280000000000001],[102.1,10.280000000000001],[102.1,10.360000000000001],[102.02,10.360000000000001],[102.02,10.280000000000001]]],[[[102.1,10.280000000000001],[102.17999999999999,10.280000000000001],[102.17999999999999,10.360000000000001],[102.1,10.360000000000001],[102.1,10.280000000000001]]],[[[102.18,10.280000000000001],[102.26,10.280000000000001],[102.26,10.360000000000001],[102.18,10.360000000000001],[102.18,10.280000000000001]]],[[[102.26,10.280000000000001],[102.34,10.280000000000001],[102.34,10.360000000000001],[102.26,10.360000000000001],[102.26,10.280000000000001]]],[[[102.34,10.280000000000001],[102.42,10.280000000000001],[102.42,10.360000000000001],[102.34,10.360000000000001],[102.34,10.280000000000001]]],[[[102.42,10.280000000000001],[102.5,10.280000000000001],[102.5,10.360000000000001],[102.42,10.360000000000001],[102.42,10.280000000000001]]],[[[102.5,10.280000000000001],[102.58,10.280000000000001],[102.58,10.360000000000001],[102.5,10.360000000000001],[102.5,10.280000000000001]]],[[[102.58,10.280000000000001],[102.66,10.280000000000001],[102.66,10.360000000000001],[102.58,10.360000000000001],[102.58,10.280000000000001]]],[[[102.66,10.280000000000001],[102.74,10.280000000000001],[102.74,10.360000000000001],[102.66,10.360000000000001],[102.66,10.280000000000001]]],[[[102.74,10.280000000000001],[102.82,10.280000000000001],[102.82,10.360000000000001],[102.74,10.360000000000001],[102.74,10.280000000000001]]],[[[102.82,10.280000000000001],[102.89999999999999,10.280000000000001],[102.89999999999999,10.360000000000001],[102.82,10.360000000000001],[102.82,10.280000000000001]]],[[[102.9,10.280000000000001],[102.98,10.280000000000001],[102.98,10.360000000000001],[102.9,10.360000000000001],[102.9,10.280000000000001]]],[[[102.98,10.280000000000001],[103.06,10.280000000000001],[103.06,10.360000000000001],[102.98,10.360000000000001],[102.98,10.280000000000001]]],[[[103.06,10.280000000000001],[103.14,10.280000000000001],[103.14,10.360000000000001],[103.06,10.360000000000001],[103.06,10.280000000000001]]],[[[103.14,10.280000000000001],[103.22,10.280000000000001],[103.22,10.360000000000001],[103.14,10.360000000000001],[103.14,10.280000000000001]]],[[[103.22,10.280000000000001],[103.3,10.280000000000001],[103.3,10.360000000000001],[103.22,10.360000000000001],[103.22,10.280000000000001]]],[[[103.3,10.280000000000001],[103.38,10.280000000000001],[103.38,10.360000000000001],[103.3,10.360000000000001],[103.3,10.280000000000001]]],[[[103.38,10.280000000000001],[103.46,10.280000000000001],[103.46,10.360000000000001],[103.38,10.360000000000001],[103.38,10.280000000000001]]],[[[103.46,10.280000000000001],[103.53999999999999,10.280000000000001],[103.53999999999999,10.360000000000001],[103.46,10.360000000000001],[103.46,10.280000000000001]]],[[[103.54,10.280000000000001],[103.62,10.280000000000001],[103.62,10.360000000000001],[103.54,10.360000000000001],[103.54,10.280000000000001]]],[[[103.62,10.280000000000001],[103.7,10.280000000000001],[103.7,10.360000000000001],[103.62,10.360000000000001],[103.62,10.280000000000001]]],[[[103.7,10.280000000000001],[103.78,10.280000000000001],[103.78,10.360000000000001],[103.7,10.360000000000001],[103.7,10.280000000000001]]],[[[103.78,10.280000000000001],[103.86,10.280000000000001],[103.86,10.360000000000001],[103.78,10.360000000000001],[103.78,10.280000000000001]]],[[[103.86,10.280000000000001],[103.94,10.280000000000001],[103.94,10.360000000000001],[103.86,10.360000000000001],[103.86,10.280000000000001]]],[[[103.94,10.280000000000001],[104.02,10.280000000000001],[104.02,10.360000000000001],[103.94,10.360000000000001],[103.94,10.280000000000001]]],[[[104.02,10.280000000000001],[104.1,10.280000000000001],[104.1,10.360000000000001],[104.02,10.360000000000001],[104.02,10.280000000000001]]],[[[104.1,10.280000000000001],[104.17999999999999,10.280000000000001],[104.17999999999999,10.360000000000001],[104.1,10.360000000000001],[104.1,10.280000000000001]]],[[[104.18,10.280000000000001],[104.26,10.280000000000001],[104.26,10.360000000000001],[104.18,10.360000000000001],[104.18,10.280000000000001]]],[[[104.26,10.280000000000001],[104.34,10.280000000000001],[104.34,10.360000000000001],[104.26,10.360000000000001],[104.26,10.280000000000001]]],[[[104.34,10.280000000000001],[104.42,10.280000000000001],[104.42,10.360000000000001],[104.34,10.360000000000001],[104.34,10.280000000000001]]],[[[104.42,10.280000000000001],[104.5,10.280000000000001],[104.5,10.360000000000001],[104.42,10.360000000000001],[104.42,10.280000000000001]]],[[[101.54,10.36],[101.62,10.36],[101.62,10.44],[101.54,10.44],[101.54,10.36]]],[[[101.62,10.36],[101.7,10.36],[101.7,10.44],[101.62,10.44],[101.62,10.36]]],[[[101.7,10.36],[101.78,10.36],[101.78,10.44],[101.7,10.44],[101.7,10.36]]],[[[101.78,10.36],[101.86,10.36],[101.86,10.44],[101.78,10.44],[101.78,10.36]]],[[[101.86,10.36],[101.94,10.36],[101.94,10.44],[101.86,10.44],[101.86,10.36]]],[[[101.94,10.36],[102.02,10.36],[102.02,10.44],[101.94,10.44],[101.94,10.36]]],[[[102.02,10.36],[102.1,10.36],[102.1,10.44],[102.02,10.44],[102.02,10.36]]],[[[102.1,10.36],[102.17999999999999,10.36],[102.17999999999999,10.44],[102.1,10.44],[102.1,10.36]]],[[[102.18,10.36],[102.26,10.36],[102.26,10.44],[102.18,10.44],[102.18,10.36]]],[[[102.26,10.36],[102.34,10.36],[102.34,10.44],[102.26,10.44],[102.26,10.36]]],[[[102.34,10.36],[102.42,10.36],[102.42,10.44],[102.34,10.44],[102.34,10.36]]],[[[102.42,10.36],[102.5,10.36],[102.5,10.44],[102.42,10.44],[102.42,10.36]]],[[[102.5,10.36],[102.58,10.36],[102.58,10.44],[102.5,10.44],[102.5,10.36]]],[[[102.58,10.36],[102.66,10.36],[102.66,10.44],[102.58,10.44],[102.58,10.36]]],[[[102.66,10.36],[102.74,10.36],[102.74,10.44],[102.66,10.44],[102.66,10.36]]],[[[102.74,10.36],[102.82,10.36],[102.82,10.44],[102.74,10.44],[102.74,10.36]]],[[[102.82,10.36],[102.89999999999999,10.36],[102.89999999999999,10.44],[102.82,10.44],[102.82,10.36]]],[[[102.9,10.36],[102.98,10.36],[102.98,10.44],[102.9,10.44],[102.9,10.36]]],[[[102.98,10.36],[103.06,10.36],[103.06,10.44],[102.98,10.44],[102.98,10.36]]],[[[103.06,10.36],[103.14,10.36],[103.14,10.44],[103.06,10.44],[103.06,10.36]]],[[[103.14,10.36],[103.22,10.36],[103.22,10.44],[103.14,10.44],[103.14,10.36]]],[[[103.22,10.36],[103.3,10.36],[103.3,10.44],[103.22,10.44],[103.22,10.36]]],[[[103.3,10.36],[103.38,10.36],[103.38,10.44],[103.3,10.44],[103.3,10.36]]],[[[103.38,10.36],[103.46,10.36],[103.46,10.44],[103.38,10.44],[103.38,10.36]]],[[[103.46,10.36],[103.53999999999999,10.36],[103.53999999999999,10.44],[103.46,10.44],[103.46,10.36]]],[[[103.54,10.36],[103.62,10.36],[103.62,10.44],[103.54,10.44],[103.54,10.36]]],[[[103.62,10.36],[103.7,10.36],[103.7,10.44],[103.62,10.44],[103.62,10.36]]],[[[103.7,10.36],[103.78,10.36],[103.78,10.44],[103.7,10.44],[103.7,10.36]]],[[[103.78,10.36],[103.86,10.36],[103.86,10.44],[103.78,10.44],[103.78,10.36]]],[[[103.86,10.36],[103.94,10.36],[103.94,10.44],[103.86,10.44],[103.86,10.36]]],[[[103.94,10.36],[104.02,10.36],[104.02,10.44],[103.94,10.44],[103.94,10.36]]],[[[104.02,10.36],[104.1,10.36],[104.1,10.44],[104.02,10.44],[104.02,10.36]]],[[[104.1,10.36],[104.17999999999999,10.36],[104.17999999999999,10.44],[104.1,10.44],[104.1,10.36]]],[[[104.18,10.36],[104.26,10.36],[104.26,10.44],[104.18,10.44],[104.18,10.36]]],[[[104.26,10.36],[104.34,10.36],[104.34,10.44],[104.26,10.44],[104.26,10.36]]],[[[104.34,10.36],[104.42,10.36],[104.42,10.44],[104.34,10.44],[104.34,10.36]]],[[[104.42,10.36],[104.5,10.36],[104.5,10.44],[104.42,10.44],[104.42,10.36]]],[[[101.46,10.440000000000001],[101.53999999999999,10.440000000000001],[101.53999999999999,10.520000000000001],[101.46,10.520000000000001],[101.46,10.440000000000001]]],[[[101.54,10.440000000000001],[101.62,10.440000000000001],[101.62,10.520000000000001],[101.54,10.520000000000001],[101.54,10.440000000000001]]],[[[101.62,10.440000000000001],[101.7,10.440000000000001],[101.7,10.520000000000001],[101.62,10.520000000000001],[101.62,10.440000000000001]]],[[[101.7,10.440000000000001],[101.78,10.440000000000001],[101.78,10.520000000000001],[101.7,10.520000000000001],[101.7,10.440000000000001]]],[[[101.78,10.440000000000001],[101.86,10.440000000000001],[101.86,10.520000000000001],[101.78,10.520000000000001],[101.78,10.440000000000001]]],[[[101.86,10.440000000000001],[101.94,10.440000000000001],[101.94,10.520000000000001],[101.86,10.520000000000001],[101.86,10.440000000000001]]],[[[101.94,10.440000000000001],[102.02,10.440000000000001],[102.02,10.520000000000001],[101.94,10.520000000000001],[101.94,10.440000000000001]]],[[[102.02,10.440000000000001],[102.1,10.440000000000001],[102.1,10.520000000000001],[102.02,10.520000000000001],[102.02,10.440000000000001]]],[[[102.1,10.440000000000001],[102.17999999999999,10.440000000000001],[102.17999999999999,10.520000000000001],[102.1,10.520000000000001],[102.1,10.440000000000001]]],[[[102.18,10.440000000000001],[102.26,10.440000000000001],[102.26,10.520000000000001],[102.18,10.520000000000001],[102.18,10.440000000000001]]],[[[102.26,10.440000000000001],[102.34,10.440000000000001],[102.34,10.520000000000001],[102.26,10.520000000000001],[102.26,10.440000000000001]]],[[[102.34,10.440000000000001],[102.42,10.440000000000001],[102.42,10.520000000000001],[102.34,10.520000000000001],[102.34,10.440000000000001]]],[[[102.42,10.440000000000001],[102.5,10.440000000000001],[102.5,10.520000000000001],[102.42,10.520000000000001],[102.42,10.440000000000001]]],[[[102.5,10.440000000000001],[102.58,10.440000000000001],[102.58,10.520000000000001],[102.5,10.520000000000001],[102.5,10.440000000000001]]],[[[102.58,10.440000000000001],[102.66,10.440000000000001],[102.66,10.520000000000001],[102.58,10.520000000000001],[102.58,10.440000000000001]]],[[[102.66,10.440000000000001],[102.74,10.440000000000001],[102.74,10.520000000000001],[102.66,10.520000000000001],[102.66,10.440000000000001]]],[[[102.74,10.440000000000001],[102.82,10.440000000000001],[102.82,10.520000000000001],[102.74,10.520000000000001],[102.74,10.440000000000001]]],[[[102.82,10.440000000000001],[102.89999999999999,10.440000000000001],[102.89999999999999,10.520000000000001],[102.82,10.520000000000001],[102.82,10.440000000000001]]],[[[102.9,10.440000000000001],[102.98,10.440000000000001],[102.98,10.520000000000001],[102.9,10.520000000000001],[102.9,10.440000000000001]]],[[[102.98,10.440000000000001],[103.06,10.440000000000001],[103.06,10.520000000000001],[102.98,10.520000000000001],[102.98,10.440000000000001]]],[[[103.06,10.440000000000001],[103.14,10.440000000000001],[103.14,10.520000000000001],[103.06,10.520000000000001],[103.06,10.440000000000001]]],[[[103.14,10.440000000000001],[103.22,10.440000000000001],[103.22,10.520000000000001],[103.14,10.520000000000001],[103.14,10.440000000000001]]],[[[103.22,10.440000000000001],[103.3,10.440000000000001],[103.3,10.520000000000001],[103.22,10.520000000000001],[103.22,10.440000000000001]]],[[[103.3,10.440000000000001],[103.38,10.440000000000001],[103.38,10.520000000000001],[103.3,10.520000000000001],[103.3,10.440000000000001]]],[[[103.38,10.440000000000001],[103.46,10.440000000000001],[103.46,10.520000000000001],[103.38,10.520000000000001],[103.38,10.440000000000001]]],[[[103.46,10.440000000000001],[103.53999999999999,10.440000000000001],[103.53999999999999,10.520000000000001],[103.46,10.520000000000001],[103.46,10.440000000000001]]],[[[103.54,10.440000000000001],[103.62,10.440000000000001],[103.62,10.520000000000001],[103.54,10.520000000000001],[103.54,10.440000000000001]]],[[[103.62,10.440000000000001],[103.7,10.440000000000001],[103.7,10.520000000000001],[103.62,10.520000000000001],[103.62,10.440000000000001]]],[[[103.7,10.440000000000001],[103.78,10.440000000000001],[103.78,10.520000000000001],[103.7,10.520000000000001],[103.7,10.440000000000001]]],[[[103.78,10.440000000000001],[103.86,10.440000000000001],[103.86,10.520000000000001],[103.78,10.520000000000001],[103.78,10.440000000000001]]],[[[103.86,10.440000000000001],[103.94,10.440000000000001],[103.94,10.520000000000001],[103.86,10.520000000000001],[103.86,10.440000000000001]]],[[[103.94,10.440000000000001],[104.02,10.440000000000001],[104.02,10.520000000000001],[103.94,10.520000000000001],[103.94,10.440000000000001]]],[[[104.02,10.440000000000001],[104.1,10.440000000000001],[104.1,10.520000000000001],[104.02,10.520000000000001],[104.02,10.440000000000001]]],[[[104.1,10.440000000000001],[104.17999999999999,10.440000000000001],[104.17999999999999,10.520000000000001],[104.1,10.520000000000001],[104.1,10.440000000000001]]],[[[104.18,10.440000000000001],[104.26,10.440000000000001],[104.26,10.520000000000001],[104.18,10.520000000000001],[104.18,10.440000000000001]]],[[[104.26,10.440000000000001],[104.34,10.440000000000001],[104.34,10.520000000000001],[104.26,10.520000000000001],[104.26,10.440000000000001]]],[[[104.34,10.440000000000001],[104.42,10.440000000000001],[104.42,10.520000000000001],[104.34,10.520000000000001],[104.34,10.440000000000001]]],[[[104.42,10.440000000000001],[104.5,10.440000000000001],[104.5,10.520000000000001],[104.42,10.520000000000001],[104.42,10.440000000000001]]],[[[101.38,10.52],[101.46,10.52],[101.46,10.6],[101.38,10.6],[101.38,10.52]]],[[[101.46,10.52],[101.53999999999999,10.52],[101.53999999999999,10.6],[101.46,10.6],[101.46,10.52]]],[[[101.54,10.52],[101.62,10.52],[101.62,10.6],[101.54,10.6],[101.54,10.52]]],[[[101.62,10.52],[101.7,10.52],[101.7,10.6],[101.62,10.6],[101.62,10.52]]],[[[101.7,10.52],[101.78,10.52],[101.78,10.6],[101.7,10.6],[101.7,10.52]]],[[[101.78,10.52],[101.86,10.52],[101.86,10.6],[101.78,10.6],[101.78,10.52]]],[[[101.86,10.52],[101.94,10.52],[101.94,10.6],[101.86,10.6],[101.86,10.52]]],[[[101.94,10.52],[102.02,10.52],[102.02,10.6],[101.94,10.6],[101.94,10.52]]],[[[102.02,10.52],[102.1,10.52],[102.1,10.6],[102.02,10.6],[102.02,10.52]]],[[[102.1,10.52],[102.17999999999999,10.52],[102.17999999999999,10.6],[102.1,10.6],[102.1,10.52]]],[[[102.18,10.52],[102.26,10.52],[102.26,10.6],[102.18,10.6],[102.18,10.52]]],[[[102.26,10.52],[102.34,10.52],[102.34,10.6],[102.26,10.6],[102.26,10.52]]],[[[102.34,10.52],[102.42,10.52],[102.42,10.6],[102.34,10.6],[102.34,10.52]]],[[[102.42,10.52],[102.5,10.52],[102.5,10.6],[102.42,10.6],[102.42,10.52]]],[[[102.5,10.52],[102.58,10.52],[102.58,10.6],[102.5,10.6],[102.5,10.52]]],[[[102.58,10.52],[102.66,10.52],[102.66,10.6],[102.58,10.6],[102.58,10.52]]],[[[102.66,10.52],[102.74,10.52],[102.74,10.6],[102.66,10.6],[102.66,10.52]]],[[[102.74,10.52],[102.82,10.52],[102.82,10.6],[102.74,10.6],[102.74,10.52]]],[[[102.82,10.52],[102.89999999999999,10.52],[102.89999999999999,10.6],[102.82,10.6],[102.82,10.52]]],[[[102.9,10.52],[102.98,10.52],[102.98,10.6],[102.9,10.6],[102.9,10.52]]],[[[102.98,10.52],[103.06,10.52],[103.06,10.6],[102.98,10.6],[102.98,10.52]]],[[[103.06,10.52],[103.14,10.52],[103.14,10.6],[103.06,10.6],[103.06,10.52]]],[[[103.14,10.52],[103.22,10.52],[103.22,10.6],[103.14,10.6],[103.14,10.52]]],[[[103.22,10.52],[103.3,10.52],[103.3,10.6],[103.22,10.6],[103.22,10.52]]],[[[103.3,10.52],[103.38,10.52],[103.38,10.6],[103.3,10.6],[103.3,10.52]]],[[[103.38,10.52],[103.46,10.52],[103.46,10.6],[103.38,10.6],[103.38,10.52]]],[[[103.46,10.52],[103.53999999999999,10.52],[103.53999999999999,10.6],[103.46,10.6],[103.46,10.52]]],[[[103.54,10.52],[103.62,10.52],[103.62,10.6],[103.54,10.6],[103.54,10.52]]],[[[103.62,10.52],[103.7,10.52],[103.7,10.6],[103.62,10.6],[103.62,10.52]]],[[[103.7,10.52],[103.78,10.52],[103.78,10.6],[103.7,10.6],[103.7,10.52]]],[[[103.78,10.52],[103.86,10.52],[103.86,10.6],[103.78,10.6],[103.78,10.52]]],[[[103.86,10.52],[103.94,10.52],[103.94,10.6],[103.86,10.6],[103.86,10.52]]],[[[103.94,10.52],[104.02,10.52],[104.02,10.6],[103.94,10.6],[103.94,10.52]]],[[[104.02,10.52],[104.1,10.52],[104.1,10.6],[104.02,10.6],[104.02,10.52]]],[[[104.1,10.52],[104.17999999999999,10.52],[104.17999999999999,10.6],[104.1,10.6],[104.1,10.52]]],[[[104.18,10.52],[104.26,10.52],[104.26,10.6],[104.18,10.6],[104.18,10.52]]],[[[104.26,10.52],[104.34,10.52],[104.34,10.6],[104.26,10.6],[104.26,10.52]]],[[[104.34,10.52],[104.42,10.52],[104.42,10.6],[104.34,10.6],[104.34,10.52]]],[[[104.42,10.52],[104.5,10.52],[104.5,10.6],[104.42,10.6],[104.42,10.52]]],[[[101.3,10.600000000000001],[101.38,10.600000000000001],[101.38,10.680000000000001],[101.3,10.680000000000001],[101.3,10.600000000000001]]],[[[101.38,10.600000000000001],[101.46,10.600000000000001],[101.46,10.680000000000001],[101.38,10.680000000000001],[101.38,10.600000000000001]]],[[[101.46,10.600000000000001],[101.53999999999999,10.600000000000001],[101.53999999999999,10.680000000000001],[101.46,10.680000000000001],[101.46,10.600000000000001]]],[[[101.54,10.600000000000001],[101.62,10.600000000000001],[101.62,10.680000000000001],[101.54,10.680000000000001],[101.54,10.600000000000001]]],[[[101.62,10.600000000000001],[101.7,10.600000000000001],[101.7,10.680000000000001],[101.62,10.680000000000001],[101.62,10.600000000000001]]],[[[101.7,10.600000000000001],[101.78,10.600000000000001],[101.78,10.680000000000001],[101.7,10.680000000000001],[101.7,10.600000000000001]]],[[[101.78,10.600000000000001],[101.86,10.600000000000001],[101.86,10.680000000000001],[101.78,10.680000000000001],[101.78,10.600000000000001]]],[[[101.86,10.600000000000001],[101.94,10.600000000000001],[101.94,10.680000000000001],[101.86,10.680000000000001],[101.86,10.600000000000001]]],[[[101.94,10.600000000000001],[102.02,10.600000000000001],[102.02,10.680000000000001],[101.94,10.680000000000001],[101.94,10.600000000000001]]],[[[102.02,10.600000000000001],[102.1,10.600000000000001],[102.1,10.680000000000001],[102.02,10.680000000000001],[102.02,10.600000000000001]]],[[[102.1,10.600000000000001],[102.17999999999999,10.600000000000001],[102.17999999999999,10.680000000000001],[102.1,10.680000000000001],[102.1,10.600000000000001]]],[[[102.18,10.600000000000001],[102.26,10.600000000000001],[102.26,10.680000000000001],[102.18,10.680000000000001],[102.18,10.600000000000001]]],[[[102.26,10.600000000000001],[102.34,10.600000000000001],[102.34,10.680000000000001],[102.26,10.680000000000001],[102.26,10.600000000000001]]],[[[102.34,10.600000000000001],[102.42,10.600000000000001],[102.42,10.680000000000001],[102.34,10.680000000000001],[102.34,10.600000000000001]]],[[[102.42,10.600000000000001],[102.5,10.600000000000001],[102.5,10.680000000000001],[102.42,10.680000000000001],[102.42,10.600000000000001]]],[[[102.5,10.600000000000001],[102.58,10.600000000000001],[102.58,10.680000000000001],[102.5,10.680000000000001],[102.5,10.600000000000001]]],[[[102.58,10.600000000000001],[102.66,10.600000000000001],[102.66,10.680000000000001],[102.58,10.680000000000001],[102.58,10.600000000000001]]],[[[102.66,10.600000000000001],[102.74,10.600000000000001],[102.74,10.680000000000001],[102.66,10.680000000000001],[102.66,10.600000000000001]]],[[[102.74,10.600000000000001],[102.82,10.600000000000001],[102.82,10.680000000000001],[102.74,10.680000000000001],[102.74,10.600000000000001]]],[[[102.82,10.600000000000001],[102.89999999999999,10.600000000000001],[102.89999999999999,10.680000000000001],[102.82,10.680000000000001],[102.82,10.600000000000001]]],[[[102.9,10.600000000000001],[102.98,10.600000000000001],[102.98,10.680000000000001],[102.9,10.680000000000001],[102.9,10.600000000000001]]],[[[102.98,10.600000000000001],[103.06,10.600000000000001],[103.06,10.680000000000001],[102.98,10.680000000000001],[102.98,10.600000000000001]]],[[[103.06,10.600000000000001],[103.14,10.600000000000001],[103.14,10.680000000000001],[103.06,10.680000000000001],[103.06,10.600000000000001]]],[[[103.14,10.600000000000001],[103.22,10.600000000000001],[103.22,10.680000000000001],[103.14,10.680000000000001],[103.14,10.600000000000001]]],[[[103.22,10.600000000000001],[103.3,10.600000000000001],[103.3,10.680000000000001],[103.22,10.680000000000001],[103.22,10.600000000000001]]],[[[103.3,10.600000000000001],[103.38,10.600000000000001],[103.38,10.680000000000001],[103.3,10.680000000000001],[103.3,10.600000000000001]]],[[[103.38,10.600000000000001],[103.46,10.600000000000001],[103.46,10.680000000000001],[103.38,10.680000000000001],[103.38,10.600000000000001]]],[[[103.46,10.600000000000001],[103.53999999999999,10.600000000000001],[103.53999999999999,10.680000000000001],[103.46,10.680000000000001],[103.46,10.600000000000001]]],[[[103.54,10.600000000000001],[103.62,10.600000000000001],[103.62,10.680000000000001],[103.54,10.680000000000001],[103.54,10.600000000000001]]],[[[103.62,10.600000000000001],[103.7,10.600000000000001],[103.7,10.680000000000001],[103.62,10.680000000000001],[103.62,10.600000000000001]]],[[[103.7,10.600000000000001],[103.78,10.600000000000001],[103.78,10.680000000000001],[103.7,10.680000000000001],[103.7,10.600000000000001]]],[[[103.78,10.600000000000001],[103.86,10.600000000000001],[103.86,10.680000000000001],[103.78,10.680000000000001],[103.78,10.600000000000001]]],[[[103.86,10.600000000000001],[103.94,10.600000000000001],[103.94,10.680000000000001],[103.86,10.680000000000001],[103.86,10.600000000000001]]],[[[103.94,10.600000000000001],[104.02,10.600000000000001],[104.02,10.680000000000001],[103.94,10.680000000000001],[103.94,10.600000000000001]]],[[[104.02,10.600000000000001],[104.1,10.600000000000001],[104.1,10.680000000000001],[104.02,10.680000000000001],[104.02,10.600000000000001]]],[[[104.1,10.600000000000001],[104.17999999999999,10.600000000000001],[104.17999999999999,10.680000000000001],[104.1,10.680000000000001],[104.1,10.600000000000001]]],[[[104.18,10.600000000000001],[104.26,10.600000000000001],[104.26,10.680000000000001],[104.18,10.680000000000001],[104.18,10.600000000000001]]],[[[104.26,10.600000000000001],[104.34,10.600000000000001],[104.34,10.680000000000001],[104.26,10.680000000000001],[104.26,10.600000000000001]]],[[[104.34,10.600000000000001],[104.42,10.600000000000001],[104.42,10.680000000000001],[104.34,10.680000000000001],[104.34,10.600000000000001]]],[[[104.42,10.600000000000001],[104.5,10.600000000000001],[104.5,10.680000000000001],[104.42,10.680000000000001],[104.42,10.600000000000001]]],[[[101.3,10.68],[101.38,10.68],[101.38,10.76],[101.3,10.76],[101.3,10.68]]],[[[101.38,10.68],[101.46,10.68],[101.46,10.76],[101.38,10.76],[101.38,10.68]]],[[[101.46,10.68],[101.53999999999999,10.68],[101.53999999999999,10.76],[101.46,10.76],[101.46,10.68]]],[[[101.54,10.68],[101.62,10.68],[101.62,10.76],[101.54,10.76],[101.54,10.68]]],[[[101.62,10.68],[101.7,10.68],[101.7,10.76],[101.62,10.76],[101.62,10.68]]],[[[101.7,10.68],[101.78,10.68],[101.78,10.76],[101.7,10.76],[101.7,10.68]]],[[[101.78,10.68],[101.86,10.68],[101.86,10.76],[101.78,10.76],[101.78,10.68]]],[[[101.86,10.68],[101.94,10.68],[101.94,10.76],[101.86,10.76],[101.86,10.68]]],[[[101.94,10.68],[102.02,10.68],[102.02,10.76],[101.94,10.76],[101.94,10.68]]],[[[102.02,10.68],[102.1,10.68],[102.1,10.76],[102.02,10.76],[102.02,10.68]]],[[[102.1,10.68],[102.17999999999999,10.68],[102.17999999999999,10.76],[102.1,10.76],[102.1,10.68]]],[[[102.18,10.68],[102.26,10.68],[102.26,10.76],[102.18,10.76],[102.18,10.68]]],[[[102.26,10.68],[102.34,10.68],[102.34,10.76],[102.26,10.76],[102.26,10.68]]],[[[102.34,10.68],[102.42,10.68],[102.42,10.76],[102.34,10.76],[102.34,10.68]]],[[[102.42,10.68],[102.5,10.68],[102.5,10.76],[102.42,10.76],[102.42,10.68]]],[[[102.5,10.68],[102.58,10.68],[102.58,10.76],[102.5,10.76],[102.5,10.68]]],[[[102.58,10.68],[102.66,10.68],[102.66,10.76],[102.58,10.76],[102.58,10.68]]],[[[102.66,10.68],[102.74,10.68],[102.74,10.76],[102.66,10.76],[102.66,10.68]]],[[[102.74,10.68],[102.82,10.68],[102.82,10.76],[102.74,10.76],[102.74,10.68]]],[[[102.82,10.68],[102.89999999999999,10.68],[102.89999999999999,10.76],[102.82,10.76],[102.82,10.68]]],[[[102.9,10.68],[102.98,10.68],[102.98,10.76],[102.9,10.76],[102.9,10.68]]],[[[102.98,10.68],[103.06,10.68],[103.06,10.76],[102.98,10.76],[102.98,10.68]]],[[[103.06,10.68],[103.14,10.68],[103.14,10.76],[103.06,10.76],[103.06,10.68]]],[[[103.14,10.68],[103.22,10.68],[103.22,10.76],[103.14,10.76],[103.14,10.68]]],[[[103.22,10.68],[103.3,10.68],[103.3,10.76],[103.22,10.76],[103.22,10.68]]],[[[103.3,10.68],[103.38,10.68],[103.38,10.76],[103.3,10.76],[103.3,10.68]]],[[[103.38,10.68],[103.46,10.68],[103.46,10.76],[103.38,10.76],[103.38,10.68]]],[[[103.46,10.68],[103.53999999999999,10.68],[103.53999999999999,10.76],[103.46,10.76],[103.46,10.68]]],[[[103.54,10.68],[103.62,10.68],[103.62,10.76],[103.54,10.76],[103.54,10.68]]],[[[103.62,10.68],[103.7,10.68],[103.7,10.76],[103.62,10.76],[103.62,10.68]]],[[[103.7,10.68],[103.78,10.68],[103.78,10.76],[103.7,10.76],[103.7,10.68]]],[[[103.78,10.68],[103.86,10.68],[103.86,10.76],[103.78,10.76],[103.78,10.68]]],[[[103.86,10.68],[103.94,10.68],[103.94,10.76],[103.86,10.76],[103.86,10.68]]],[[[103.94,10.68],[104.02,10.68],[104.02,10.76],[103.94,10.76],[103.94,10.68]]],[[[104.02,10.68],[104.1,10.68],[104.1,10.76],[104.02,10.76],[104.02,10.68]]],[[[104.1,10.68],[104.17999999999999,10.68],[104.17999999999999,10.76],[104.1,10.76],[104.1,10.68]]],[[[104.18,10.68],[104.26,10.68],[104.26,10.76],[104.18,10.76],[104.18,10.68]]],[[[104.26,10.68],[104.34,10.68],[104.34,10.76],[104.26,10.76],[104.26,10.68]]],[[[104.34,10.68],[104.42,10.68],[104.42,10.76],[104.34,10.76],[104.34,10.68]]],[[[104.42,10.68],[104.5,10.68],[104.5,10.76],[104.42,10.76],[104.42,10.68]]],[[[101.22,10.76],[101.3,10.76],[101.3,10.84],[101.22,10.84],[101.22,10.76]]],[[[101.3,10.76],[101.38,10.76],[101.38,10.84],[101.3,10.84],[101.3,10.76]]],[[[101.38,10.76],[101.46,10.76],[101.46,10.84],[101.38,10.84],[101.38,10.76]]],[[[101.46,10.76],[101.53999999999999,10.76],[101.53999999999999,10.84],[101.46,10.84],[101.46,10.76]]],[[[101.54,10.76],[101.62,10.76],[101.62,10.84],[101.54,10.84],[101.54,10.76]]],[[[101.62,10.76],[101.7,10.76],[101.7,10.84],[101.62,10.84],[101.62,10.76]]],[[[101.7,10.76],[101.78,10.76],[101.78,10.84],[101.7,10.84],[101.7,10.76]]],[[[101.78,10.76],[101.86,10.76],[101.86,10.84],[101.78,10.84],[101.78,10.76]]],[[[101.86,10.76],[101.94,10.76],[101.94,10.84],[101.86,10.84],[101.86,10.76]]],[[[101.94,10.76],[102.02,10.76],[102.02,10.84],[101.94,10.84],[101.94,10.76]]],[[[102.02,10.76],[102.1,10.76],[102.1,10.84],[102.02,10.84],[102.02,10.76]]],[[[102.1,10.76],[102.17999999999999,10.76],[102.17999999999999,10.84],[102.1,10.84],[102.1,10.76]]],[[[102.18,10.76],[102.26,10.76],[102.26,10.84],[102.18,10.84],[102.18,10.76]]],[[[102.26,10.76],[102.34,10.76],[102.34,10.84],[102.26,10.84],[102.26,10.76]]],[[[102.34,10.76],[102.42,10.76],[102.42,10.84],[102.34,10.84],[102.34,10.76]]],[[[102.42,10.76],[102.5,10.76],[102.5,10.84],[102.42,10.84],[102.42,10.76]]],[[[102.5,10.76],[102.58,10.76],[102.58,10.84],[102.5,10.84],[102.5,10.76]]],[[[102.58,10.76],[102.66,10.76],[102.66,10.84],[102.58,10.84],[102.58,10.76]]],[[[102.66,10.76],[102.74,10.76],[102.74,10.84],[102.66,10.84],[102.66,10.76]]],[[[102.74,10.76],[102.82,10.76],[102.82,10.84],[102.74,10.84],[102.74,10.76]]],[[[102.82,10.76],[102.89999999999999,10.76],[102.89999999999999,10.84],[102.82,10.84],[102.82,10.76]]],[[[102.9,10.76],[102.98,10.76],[102.98,10.84],[102.9,10.84],[102.9,10.76]]],[[[102.98,10.76],[103.06,10.76],[103.06,10.84],[102.98,10.84],[102.98,10.76]]],[[[103.06,10.76],[103.14,10.76],[103.14,10.84],[103.06,10.84],[103.06,10.76]]],[[[103.14,10.76],[103.22,10.76],[103.22,10.84],[103.14,10.84],[103.14,10.76]]],[[[103.22,10.76],[103.3,10.76],[103.3,10.84],[103.22,10.84],[103.22,10.76]]],[[[103.3,10.76],[103.38,10.76],[103.38,10.84],[103.3,10.84],[103.3,10.76]]],[[[103.38,10.76],[103.46,10.76],[103.46,10.84],[103.38,10.84],[103.38,10.76]]],[[[103.46,10.76],[103.53999999999999,10.76],[103.53999999999999,10.84],[103.46,10.84],[103.46,10.76]]],[[[103.54,10.76],[103.62,10.76],[103.62,10.84],[103.54,10.84],[103.54,10.76]]],[[[103.62,10.76],[103.7,10.76],[103.7,10.84],[103.62,10.84],[103.62,10.76]]],[[[103.7,10.76],[103.78,10.76],[103.78,10.84],[103.7,10.84],[103.7,10.76]]],[[[103.78,10.76],[103.86,10.76],[103.86,10.84],[103.78,10.84],[103.78,10.76]]],[[[103.86,10.76],[103.94,10.76],[103.94,10.84],[103.86,10.84],[103.86,10.76]]],[[[103.94,10.76],[104.02,10.76],[104.02,10.84],[103.94,10.84],[103.94,10.76]]],[[[104.02,10.76],[104.1,10.76],[104.1,10.84],[104.02,10.84],[104.02,10.76]]],[[[104.1,10.76],[104.17999999999999,10.76],[104.17999999999999,10.84],[104.1,10.84],[104.1,10.76]]],[[[104.18,10.76],[104.26,10.76],[104.26,10.84],[104.18,10.84],[104.18,10.76]]],[[[104.26,10.76],[104.34,10.76],[104.34,10.84],[104.26,10.84],[104.26,10.76]]],[[[104.34,10.76],[104.42,10.76],[104.42,10.84],[104.34,10.84],[104.34,10.76]]],[[[104.42,10.76],[104.5,10.76],[104.5,10.84],[104.42,10.84],[104.42,10.76]]],[[[101.14,10.84],[101.22,10.84],[101.22,10.92],[101.14,10.92],[101.14,10.84]]],[[[101.22,10.84],[101.3,10.84],[101.3,10.92],[101.22,10.92],[101.22,10.84]]],[[[101.3,10.84],[101.38,10.84],[101.38,10.92],[101.3,10.92],[101.3,10.84]]],[[[101.38,10.84],[101.46,10.84],[101.46,10.92],[101.38,10.92],[101.38,10.84]]],[[[101.46,10.84],[101.53999999999999,10.84],[101.53999999999999,10.92],[101.46,10.92],[101.46,10.84]]],[[[101.54,10.84],[101.62,10.84],[101.62,10.92],[101.54,10.92],[101.54,10.84]]],[[[101.62,10.84],[101.7,10.84],[101.7,10.92],[101.62,10.92],[101.62,10.84]]],[[[101.7,10.84],[101.78,10.84],[101.78,10.92],[101.7,10.92],[101.7,10.84]]],[[[101.78,10.84],[101.86,10.84],[101.86,10.92],[101.78,10.92],[101.78,10.84]]],[[[101.86,10.84],[101.94,10.84],[101.94,10.92],[101.86,10.92],[101.86,10.84]]],[[[101.94,10.84],[102.02,10.84],[102.02,10.92],[101.94,10.92],[101.94,10.84]]],[[[102.02,10.84],[102.1,10.84],[102.1,10.92],[102.02,10.92],[102.02,10.84]]],[[[102.1,10.84],[102.17999999999999,10.84],[102.17999999999999,10.92],[102.1,10.92],[102.1,10.84]]],[[[102.18,10.84],[102.26,10.84],[102.26,10.92],[102.18,10.92],[102.18,10.84]]],[[[102.26,10.84],[102.34,10.84],[102.34,10.92],[102.26,10.92],[102.26,10.84]]],[[[102.34,10.84],[102.42,10.84],[102.42,10.92],[102.34,10.92],[102.34,10.84]]],[[[102.42,10.84],[102.5,10.84],[102.5,10.92],[102.42,10.92],[102.42,10.84]]],[[[102.5,10.84],[102.58,10.84],[102.58,10.92],[102.5,10.92],[102.5,10.84]]],[[[102.58,10.84],[102.66,10.84],[102.66,10.92],[102.58,10.92],[102.58,10.84]]],[[[102.66,10.84],[102.74,10.84],[102.74,10.92],[102.66,10.92],[102.66,10.84]]],[[[102.74,10.84],[102.82,10.84],[102.82,10.92],[102.74,10.92],[102.74,10.84]]],[[[102.82,10.84],[102.89999999999999,10.84],[102.89999999999999,10.92],[102.82,10.92],[102.82,10.84]]],[[[102.9,10.84],[102.98,10.84],[102.98,10.92],[102.9,10.92],[102.9,10.84]]],[[[102.98,10.84],[103.06,10.84],[103.06,10.92],[102.98,10.92],[102.98,10.84]]],[[[103.06,10.84],[103.14,10.84],[103.14,10.92],[103.06,10.92],[103.06,10.84]]],[[[103.14,10.84],[103.22,10.84],[103.22,10.92],[103.14,10.92],[103.14,10.84]]],[[[103.22,10.84],[103.3,10.84],[103.3,10.92],[103.22,10.92],[103.22,10.84]]],[[[103.3,10.84],[103.38,10.84],[103.38,10.92],[103.3,10.92],[103.3,10.84]]],[[[103.38,10.84],[103.46,10.84],[103.46,10.92],[103.38,10.92],[103.38,10.84]]],[[[103.46,10.84],[103.53999999999999,10.84],[103.53999999999999,10.92],[103.46,10.92],[103.46,10.84]]],[[[103.54,10.84],[103.62,10.84],[103.62,10.92],[103.54,10.92],[103.54,10.84]]],[[[103.62,10.84],[103.7,10.84],[103.7,10.92],[103.62,10.92],[103.62,10.84]]],[[[103.7,10.84],[103.78,10.84],[103.78,10.92],[103.7,10.92],[103.7,10.84]]],[[[103.78,10.84],[103.86,10.84],[103.86,10.92],[103.78,10.92],[103.78,10.84]]],[[[103.86,10.84],[103.94,10.84],[103.94,10.92],[103.86,10.92],[103.86,10.84]]],[[[103.94,10.84],[104.02,10.84],[104.02,10.92],[103.94,10.92],[103.94,10.84]]],[[[104.02,10.84],[104.1,10.84],[104.1,10.92],[104.02,10.92],[104.02,10.84]]],[[[104.1,10.84],[104.17999999999999,10.84],[104.17999999999999,10.92],[104.1,10.92],[104.1,10.84]]],[[[104.18,10.84],[104.26,10.84],[104.26,10.92],[104.18,10.92],[104.18,10.84]]],[[[104.26,10.84],[104.34,10.84],[104.34,10.92],[104.26,10.92],[104.26,10.84]]],[[[104.34,10.84],[104.42,10.84],[104.42,10.92],[104.34,10.92],[104.34,10.84]]],[[[104.42,10.84],[104.5,10.84],[104.5,10.92],[104.42,10.92],[104.42,10.84]]],[[[101.14,10.92],[101.22,10.92],[101.22,11],[101.14,11],[101.14,10.92]]],[[[101.22,10.92],[101.3,10.92],[101.3,11],[101.22,11],[101.22,10.92]]],[[[101.3,10.92],[101.38,10.92],[101.38,11],[101.3,11],[101.3,10.92]]],[[[101.38,10.92],[101.46,10.92],[101.46,11],[101.38,11],[101.38,10.92]]],[[[101.46,10.92],[101.53999999999999,10.92],[101.53999999999999,11],[101.46,11],[101.46,10.92]]],[[[101.54,10.92],[101.62,10.92],[101.62,11],[101.54,11],[101.54,10.92]]],[[[101.62,10.92],[101.7,10.92],[101.7,11],[101.62,11],[101.62,10.92]]],[[[101.7,10.92],[101.78,10.92],[101.78,11],[101.7,11],[101.7,10.92]]],[[[101.78,10.92],[101.86,10.92],[101.86,11],[101.78,11],[101.78,10.92]]],[[[101.86,10.92],[101.94,10.92],[101.94,11],[101.86,11],[101.86,10.92]]],[[[101.94,10.92],[102.02,10.92],[102.02,11],[101.94,11],[101.94,10.92]]],[[[102.02,10.92],[102.1,10.92],[102.1,11],[102.02,11],[102.02,10.92]]],[[[102.1,10.92],[102.17999999999999,10.92],[102.17999999999999,11],[102.1,11],[102.1,10.92]]],[[[102.18,10.92],[102.26,10.92],[102.26,11],[102.18,11],[102.18,10.92]]],[[[102.26,10.92],[102.34,10.92],[102.34,11],[102.26,11],[102.26,10.92]]],[[[102.34,10.92],[102.42,10.92],[102.42,11],[102.34,11],[102.34,10.92]]],[[[102.42,10.92],[102.5,10.92],[102.5,11],[102.42,11],[102.42,10.92]]],[[[102.5,10.92],[102.58,10.92],[102.58,11],[102.5,11],[102.5,10.92]]],[[[102.58,10.92],[102.66,10.92],[102.66,11],[102.58,11],[102.58,10.92]]],[[[102.66,10.92],[102.74,10.92],[102.74,11],[102.66,11],[102.66,10.92]]],[[[102.74,10.92],[102.82,10.92],[102.82,11],[102.74,11],[102.74,10.92]]],[[[102.82,10.92],[102.89999999999999,10.92],[102.89999999999999,11],[102.82,11],[102.82,10.92]]],[[[102.9,10.92],[102.98,10.92],[102.98,11],[102.9,11],[102.9,10.92]]],[[[102.98,10.92],[103.06,10.92],[103.06,11],[102.98,11],[102.98,10.92]]],[[[103.06,10.92],[103.14,10.92],[103.14,11],[103.06,11],[103.06,10.92]]],[[[103.14,10.92],[103.22,10.92],[103.22,11],[103.14,11],[103.14,10.92]]],[[[103.22,10.92],[103.3,10.92],[103.3,11],[103.22,11],[103.22,10.92]]],[[[103.3,10.92],[103.38,10.92],[103.38,11],[103.3,11],[103.3,10.92]]],[[[103.38,10.92],[103.46,10.92],[103.46,11],[103.38,11],[103.38,10.92]]],[[[103.46,10.92],[103.53999999999999,10.92],[103.53999999999999,11],[103.46,11],[103.46,10.92]]],[[[103.54,10.92],[103.62,10.92],[103.62,11],[103.54,11],[103.54,10.92]]],[[[103.62,10.92],[103.7,10.92],[103.7,11],[103.62,11],[103.62,10.92]]],[[[103.7,10.92],[103.78,10.92],[103.78,11],[103.7,11],[103.7,10.92]]],[[[103.78,10.92],[103.86,10.92],[103.86,11],[103.78,11],[103.78,10.92]]],[[[103.86,10.92],[103.94,10.92],[103.94,11],[103.86,11],[103.86,10.92]]],[[[103.94,10.92],[104.02,10.92],[104.02,11],[103.94,11],[103.94,10.92]]],[[[104.02,10.92],[104.1,10.92],[104.1,11],[104.02,11],[104.02,10.92]]],[[[104.1,10.92],[104.17999999999999,10.92],[104.17999999999999,11],[104.1,11],[104.1,10.92]]],[[[104.18,10.92],[104.26,10.92],[104.26,11],[104.18,11],[104.18,10.92]]],[[[104.26,10.92],[104.34,10.92],[104.34,11],[104.26,11],[104.26,10.92]]],[[[104.34,10.92],[104.42,10.92],[104.42,11],[104.34,11],[104.34,10.92]]],[[[104.42,10.92],[104.5,10.92],[104.5,11],[104.42,11],[104.42,10.92]]],[[[101.14,11],[101.22,11],[101.22,11.08],[101.14,11.08],[101.14,11]]],[[[101.22,11],[101.3,11],[101.3,11.08],[101.22,11.08],[101.22,11]]],[[[101.3,11],[101.38,11],[101.38,11.08],[101.3,11.08],[101.3,11]]],[[[101.38,11],[101.46,11],[101.46,11.08],[101.38,11.08],[101.38,11]]],[[[101.46,11],[101.53999999999999,11],[101.53999999999999,11.08],[101.46,11.08],[101.46,11]]],[[[101.54,11],[101.62,11],[101.62,11.08],[101.54,11.08],[101.54,11]]],[[[101.62,11],[101.7,11],[101.7,11.08],[101.62,11.08],[101.62,11]]],[[[101.7,11],[101.78,11],[101.78,11.08],[101.7,11.08],[101.7,11]]],[[[101.78,11],[101.86,11],[101.86,11.08],[101.78,11.08],[101.78,11]]],[[[101.86,11],[101.94,11],[101.94,11.08],[101.86,11.08],[101.86,11]]],[[[101.94,11],[102.02,11],[102.02,11.08],[101.94,11.08],[101.94,11]]],[[[102.02,11],[102.1,11],[102.1,11.08],[102.02,11.08],[102.02,11]]],[[[102.1,11],[102.17999999999999,11],[102.17999999999999,11.08],[102.1,11.08],[102.1,11]]],[[[102.18,11],[102.26,11],[102.26,11.08],[102.18,11.08],[102.18,11]]],[[[102.26,11],[102.34,11],[102.34,11.08],[102.26,11.08],[102.26,11]]],[[[102.34,11],[102.42,11],[102.42,11.08],[102.34,11.08],[102.34,11]]],[[[102.42,11],[102.5,11],[102.5,11.08],[102.42,11.08],[102.42,11]]],[[[102.5,11],[102.58,11],[102.58,11.08],[102.5,11.08],[102.5,11]]],[[[102.58,11],[102.66,11],[102.66,11.08],[102.58,11.08],[102.58,11]]],[[[102.66,11],[102.74,11],[102.74,11.08],[102.66,11.08],[102.66,11]]],[[[102.74,11],[102.82,11],[102.82,11.08],[102.74,11.08],[102.74,11]]],[[[102.82,11],[102.89999999999999,11],[102.89999999999999,11.08],[102.82,11.08],[102.82,11]]],[[[102.9,11],[102.98,11],[102.98,11.08],[102.9,11.08],[102.9,11]]],[[[102.98,11],[103.06,11],[103.06,11.08],[102.98,11.08],[102.98,11]]],[[[103.06,11],[103.14,11],[103.14,11.08],[103.06,11.08],[103.06,11]]],[[[103.14,11],[103.22,11],[103.22,11.08],[103.14,11.08],[103.14,11]]],[[[103.22,11],[103.3,11],[103.3,11.08],[103.22,11.08],[103.22,11]]],[[[103.3,11],[103.38,11],[103.38,11.08],[103.3,11.08],[103.3,11]]],[[[103.38,11],[103.46,11],[103.46,11.08],[103.38,11.08],[103.38,11]]],[[[103.46,11],[103.53999999999999,11],[103.53999999999999,11.08],[103.46,11.08],[103.46,11]]],[[[103.54,11],[103.62,11],[103.62,11.08],[103.54,11.08],[103.54,11]]],[[[103.62,11],[103.7,11],[103.7,11.08],[103.62,11.08],[103.62,11]]],[[[103.7,11],[103.78,11],[103.78,11.08],[103.7,11.08],[103.7,11]]],[[[103.78,11],[103.86,11],[103.86,11.08],[103.78,11.08],[103.78,11]]],[[[103.86,11],[103.94,11],[103.94,11.08],[103.86,11.08],[103.86,11]]],[[[103.94,11],[104.02,11],[104.02,11.08],[103.94,11.08],[103.94,11]]],[[[104.02,11],[104.1,11],[104.1,11.08],[104.02,11.08],[104.02,11]]],[[[104.1,11],[104.17999999999999,11],[104.17999999999999,11.08],[104.1,11.08],[104.1,11]]],[[[104.18,11],[104.26,11],[104.26,11.08],[104.18,11.08],[104.18,11]]],[[[104.26,11],[104.34,11],[104.34,11.08],[104.26,11.08],[104.26,11]]],[[[104.34,11],[104.42,11],[104.42,11.08],[104.34,11.08],[104.34,11]]],[[[104.42,11],[104.5,11],[104.5,11.08],[104.42,11.08],[104.42,11]]],[[[101.14,11.08],[101.22,11.08],[101.22,11.16],[101.14,11.16],[101.14,11.08]]],[[[101.22,11.08],[101.3,11.08],[101.3,11.16],[101.22,11.16],[101.22,11.08]]],[[[101.3,11.08],[101.38,11.08],[101.38,11.16],[101.3,11.16],[101.3,11.08]]],[[[101.38,11.08],[101.46,11.08],[101.46,11.16],[101.38,11.16],[101.38,11.08]]],[[[101.46,11.08],[101.53999999999999,11.08],[101.53999999999999,11.16],[101.46,11.16],[101.46,11.08]]],[[[101.54,11.08],[101.62,11.08],[101.62,11.16],[101.54,11.16],[101.54,11.08]]],[[[101.62,11.08],[101.7,11.08],[101.7,11.16],[101.62,11.16],[101.62,11.08]]],[[[101.7,11.08],[101.78,11.08],[101.78,11.16],[101.7,11.16],[101.7,11.08]]],[[[101.78,11.08],[101.86,11.08],[101.86,11.16],[101.78,11.16],[101.78,11.08]]],[[[101.86,11.08],[101.94,11.08],[101.94,11.16],[101.86,11.16],[101.86,11.08]]],[[[101.94,11.08],[102.02,11.08],[102.02,11.16],[101.94,11.16],[101.94,11.08]]],[[[102.02,11.08],[102.1,11.08],[102.1,11.16],[102.02,11.16],[102.02,11.08]]],[[[102.1,11.08],[102.17999999999999,11.08],[102.17999999999999,11.16],[102.1,11.16],[102.1,11.08]]],[[[102.18,11.08],[102.26,11.08],[102.26,11.16],[102.18,11.16],[102.18,11.08]]],[[[102.26,11.08],[102.34,11.08],[102.34,11.16],[102.26,11.16],[102.26,11.08]]],[[[102.34,11.08],[102.42,11.08],[102.42,11.16],[102.34,11.16],[102.34,11.08]]],[[[102.42,11.08],[102.5,11.08],[102.5,11.16],[102.42,11.16],[102.42,11.08]]],[[[102.5,11.08],[102.58,11.08],[102.58,11.16],[102.5,11.16],[102.5,11.08]]],[[[102.58,11.08],[102.66,11.08],[102.66,11.16],[102.58,11.16],[102.58,11.08]]],[[[102.66,11.08],[102.74,11.08],[102.74,11.16],[102.66,11.16],[102.66,11.08]]],[[[102.74,11.08],[102.82,11.08],[102.82,11.16],[102.74,11.16],[102.74,11.08]]],[[[102.82,11.08],[102.89999999999999,11.08],[102.89999999999999,11.16],[102.82,11.16],[102.82,11.08]]],[[[102.9,11.08],[102.98,11.08],[102.98,11.16],[102.9,11.16],[102.9,11.08]]],[[[102.98,11.08],[103.06,11.08],[103.06,11.16],[102.98,11.16],[102.98,11.08]]],[[[103.06,11.08],[103.14,11.08],[103.14,11.16],[103.06,11.16],[103.06,11.08]]],[[[103.14,11.08],[103.22,11.08],[103.22,11.16],[103.14,11.16],[103.14,11.08]]],[[[103.22,11.08],[103.3,11.08],[103.3,11.16],[103.22,11.16],[103.22,11.08]]],[[[103.3,11.08],[103.38,11.08],[103.38,11.16],[103.3,11.16],[103.3,11.08]]],[[[103.38,11.08],[103.46,11.08],[103.46,11.16],[103.38,11.16],[103.38,11.08]]],[[[103.46,11.08],[103.53999999999999,11.08],[103.53999999999999,11.16],[103.46,11.16],[103.46,11.08]]],[[[103.54,11.08],[103.62,11.08],[103.62,11.16],[103.54,11.16],[103.54,11.08]]],[[[103.62,11.08],[103.7,11.08],[103.7,11.16],[103.62,11.16],[103.62,11.08]]],[[[103.7,11.08],[103.78,11.08],[103.78,11.16],[103.7,11.16],[103.7,11.08]]],[[[103.78,11.08],[103.86,11.08],[103.86,11.16],[103.78,11.16],[103.78,11.08]]],[[[103.86,11.08],[103.94,11.08],[103.94,11.16],[103.86,11.16],[103.86,11.08]]],[[[103.94,11.08],[104.02,11.08],[104.02,11.16],[103.94,11.16],[103.94,11.08]]],[[[104.02,11.08],[104.1,11.08],[104.1,11.16],[104.02,11.16],[104.02,11.08]]],[[[104.1,11.08],[104.17999999999999,11.08],[104.17999999999999,11.16],[104.1,11.16],[104.1,11.08]]],[[[104.18,11.08],[104.26,11.08],[104.26,11.16],[104.18,11.16],[104.18,11.08]]],[[[104.26,11.08],[104.34,11.08],[104.34,11.16],[104.26,11.16],[104.26,11.08]]],[[[104.34,11.08],[104.42,11.08],[104.42,11.16],[104.34,11.16],[104.34,11.08]]],[[[104.42,11.08],[104.5,11.08],[104.5,11.16],[104.42,11.16],[104.42,11.08]]],[[[101.22,11.16],[101.3,11.16],[101.3,11.24],[101.22,11.24],[101.22,11.16]]],[[[101.3,11.16],[101.38,11.16],[101.38,11.24],[101.3,11.24],[101.3,11.16]]],[[[101.38,11.16],[101.46,11.16],[101.46,11.24],[101.38,11.24],[101.38,11.16]]],[[[101.46,11.16],[101.53999999999999,11.16],[101.53999999999999,11.24],[101.46,11.24],[101.46,11.16]]],[[[101.54,11.16],[101.62,11.16],[101.62,11.24],[101.54,11.24],[101.54,11.16]]],[[[101.62,11.16],[101.7,11.16],[101.7,11.24],[101.62,11.24],[101.62,11.16]]],[[[101.7,11.16],[101.78,11.16],[101.78,11.24],[101.7,11.24],[101.7,11.16]]],[[[101.78,11.16],[101.86,11.16],[101.86,11.24],[101.78,11.24],[101.78,11.16]]],[[[101.86,11.16],[101.94,11.16],[101.94,11.24],[101.86,11.24],[101.86,11.16]]],[[[101.94,11.16],[102.02,11.16],[102.02,11.24],[101.94,11.24],[101.94,11.16]]],[[[102.02,11.16],[102.1,11.16],[102.1,11.24],[102.02,11.24],[102.02,11.16]]],[[[102.1,11.16],[102.17999999999999,11.16],[102.17999999999999,11.24],[102.1,11.24],[102.1,11.16]]],[[[102.18,11.16],[102.26,11.16],[102.26,11.24],[102.18,11.24],[102.18,11.16]]],[[[102.26,11.16],[102.34,11.16],[102.34,11.24],[102.26,11.24],[102.26,11.16]]],[[[102.34,11.16],[102.42,11.16],[102.42,11.24],[102.34,11.24],[102.34,11.16]]],[[[102.42,11.16],[102.5,11.16],[102.5,11.24],[102.42,11.24],[102.42,11.16]]],[[[102.5,11.16],[102.58,11.16],[102.58,11.24],[102.5,11.24],[102.5,11.16]]],[[[102.58,11.16],[102.66,11.16],[102.66,11.24],[102.58,11.24],[102.58,11.16]]],[[[102.66,11.16],[102.74,11.16],[102.74,11.24],[102.66,11.24],[102.66,11.16]]],[[[102.74,11.16],[102.82,11.16],[102.82,11.24],[102.74,11.24],[102.74,11.16]]],[[[102.82,11.16],[102.89999999999999,11.16],[102.89999999999999,11.24],[102.82,11.24],[102.82,11.16]]],[[[102.9,11.16],[102.98,11.16],[102.98,11.24],[102.9,11.24],[102.9,11.16]]],[[[102.98,11.16],[103.06,11.16],[103.06,11.24],[102.98,11.24],[102.98,11.16]]],[[[103.06,11.16],[103.14,11.16],[103.14,11.24],[103.06,11.24],[103.06,11.16]]],[[[103.14,11.16],[103.22,11.16],[103.22,11.24],[103.14,11.24],[103.14,11.16]]],[[[103.22,11.16],[103.3,11.16],[103.3,11.24],[103.22,11.24],[103.22,11.16]]],[[[103.3,11.16],[103.38,11.16],[103.38,11.24],[103.3,11.24],[103.3,11.16]]],[[[103.38,11.16],[103.46,11.16],[103.46,11.24],[103.38,11.24],[103.38,11.16]]],[[[103.46,11.16],[103.53999999999999,11.16],[103.53999999999999,11.24],[103.46,11.24],[103.46,11.16]]],[[[103.54,11.16],[103.62,11.16],[103.62,11.24],[103.54,11.24],[103.54,11.16]]],[[[103.62,11.16],[103.7,11.16],[103.7,11.24],[103.62,11.24],[103.62,11.16]]],[[[103.7,11.16],[103.78,11.16],[103.78,11.24],[103.7,11.24],[103.7,11.16]]],[[[103.78,11.16],[103.86,11.16],[103.86,11.24],[103.78,11.24],[103.78,11.16]]],[[[103.86,11.16],[103.94,11.16],[103.94,11.24],[103.86,11.24],[103.86,11.16]]],[[[103.94,11.16],[104.02,11.16],[104.02,11.24],[103.94,11.24],[103.94,11.16]]],[[[104.02,11.16],[104.1,11.16],[104.1,11.24],[104.02,11.24],[104.02,11.16]]],[[[104.1,11.16],[104.17999999999999,11.16],[104.17999999999999,11.24],[104.1,11.24],[104.1,11.16]]],[[[104.18,11.16],[104.26,11.16],[104.26,11.24],[104.18,11.24],[104.18,11.16]]],[[[104.26,11.16],[104.34,11.16],[104.34,11.24],[104.26,11.24],[104.26,11.16]]],[[[104.34,11.16],[104.42,11.16],[104.42,11.24],[104.34,11.24],[104.34,11.16]]],[[[104.42,11.16],[104.5,11.16],[104.5,11.24],[104.42,11.24],[104.42,11.16]]],[[[101.22,11.24],[101.3,11.24],[101.3,11.32],[101.22,11.32],[101.22,11.24]]],[[[101.3,11.24],[101.38,11.24],[101.38,11.32],[101.3,11.32],[101.3,11.24]]],[[[101.38,11.24],[101.46,11.24],[101.46,11.32],[101.38,11.32],[101.38,11.24]]],[[[101.46,11.24],[101.53999999999999,11.24],[101.53999999999999,11.32],[101.46,11.32],[101.46,11.24]]],[[[101.54,11.24],[101.62,11.24],[101.62,11.32],[101.54,11.32],[101.54,11.24]]],[[[101.62,11.24],[101.7,11.24],[101.7,11.32],[101.62,11.32],[101.62,11.24]]],[[[101.7,11.24],[101.78,11.24],[101.78,11.32],[101.7,11.32],[101.7,11.24]]],[[[101.78,11.24],[101.86,11.24],[101.86,11.32],[101.78,11.32],[101.78,11.24]]],[[[101.86,11.24],[101.94,11.24],[101.94,11.32],[101.86,11.32],[101.86,11.24]]],[[[101.94,11.24],[102.02,11.24],[102.02,11.32],[101.94,11.32],[101.94,11.24]]],[[[102.02,11.24],[102.1,11.24],[102.1,11.32],[102.02,11.32],[102.02,11.24]]],[[[102.1,11.24],[102.17999999999999,11.24],[102.17999999999999,11.32],[102.1,11.32],[102.1,11.24]]],[[[102.18,11.24],[102.26,11.24],[102.26,11.32],[102.18,11.32],[102.18,11.24]]],[[[102.26,11.24],[102.34,11.24],[102.34,11.32],[102.26,11.32],[102.26,11.24]]],[[[102.34,11.24],[102.42,11.24],[102.42,11.32],[102.34,11.32],[102.34,11.24]]],[[[102.42,11.24],[102.5,11.24],[102.5,11.32],[102.42,11.32],[102.42,11.24]]],[[[102.5,11.24],[102.58,11.24],[102.58,11.32],[102.5,11.32],[102.5,11.24]]],[[[102.58,11.24],[102.66,11.24],[102.66,11.32],[102.58,11.32],[102.58,11.24]]],[[[102.66,11.24],[102.74,11.24],[102.74,11.32],[102.66,11.32],[102.66,11.24]]],[[[102.74,11.24],[102.82,11.24],[102.82,11.32],[102.74,11.32],[102.74,11.24]]],[[[102.82,11.24],[102.89999999999999,11.24],[102.89999999999999,11.32],[102.82,11.32],[102.82,11.24]]],[[[102.9,11.24],[102.98,11.24],[102.98,11.32],[102.9,11.32],[102.9,11.24]]],[[[102.98,11.24],[103.06,11.24],[103.06,11.32],[102.98,11.32],[102.98,11.24]]],[[[103.06,11.24],[103.14,11.24],[103.14,11.32],[103.06,11.32],[103.06,11.24]]],[[[103.14,11.24],[103.22,11.24],[103.22,11.32],[103.14,11.32],[103.14,11.24]]],[[[103.22,11.24],[103.3,11.24],[103.3,11.32],[103.22,11.32],[103.22,11.24]]],[[[103.3,11.24],[103.38,11.24],[103.38,11.32],[103.3,11.32],[103.3,11.24]]],[[[103.38,11.24],[103.46,11.24],[103.46,11.32],[103.38,11.32],[103.38,11.24]]],[[[103.46,11.24],[103.53999999999999,11.24],[103.53999999999999,11.32],[103.46,11.32],[103.46,11.24]]],[[[103.54,11.24],[103.62,11.24],[103.62,11.32],[103.54,11.32],[103.54,11.24]]],[[[103.62,11.24],[103.7,11.24],[103.7,11.32],[103.62,11.32],[103.62,11.24]]],[[[103.7,11.24],[103.78,11.24],[103.78,11.32],[103.7,11.32],[103.7,11.24]]],[[[103.78,11.24],[103.86,11.24],[103.86,11.32],[103.78,11.32],[103.78,11.24]]],[[[103.86,11.24],[103.94,11.24],[103.94,11.32],[103.86,11.32],[103.86,11.24]]],[[[103.94,11.24],[104.02,11.24],[104.02,11.32],[103.94,11.32],[103.94,11.24]]],[[[104.02,11.24],[104.1,11.24],[104.1,11.32],[104.02,11.32],[104.02,11.24]]],[[[104.1,11.24],[104.17999999999999,11.24],[104.17999999999999,11.32],[104.1,11.32],[104.1,11.24]]],[[[104.18,11.24],[104.26,11.24],[104.26,11.32],[104.18,11.32],[104.18,11.24]]],[[[104.26,11.24],[104.34,11.24],[104.34,11.32],[104.26,11.32],[104.26,11.24]]],[[[104.34,11.24],[104.42,11.24],[104.42,11.32],[104.34,11.32],[104.34,11.24]]],[[[104.42,11.24],[104.5,11.24],[104.5,11.32],[104.42,11.32],[104.42,11.24]]],[[[101.3,11.32],[101.38,11.32],[101.38,11.4],[101.3,11.4],[101.3,11.32]]],[[[101.38,11.32],[101.46,11.32],[101.46,11.4],[101.38,11.4],[101.38,11.32]]],[[[101.46,11.32],[101.53999999999999,11.32],[101.53999999999999,11.4],[101.46,11.4],[101.46,11.32]]],[[[101.54,11.32],[101.62,11.32],[101.62,11.4],[101.54,11.4],[101.54,11.32]]],[[[101.62,11.32],[101.7,11.32],[101.7,11.4],[101.62,11.4],[101.62,11.32]]],[[[101.7,11.32],[101.78,11.32],[101.78,11.4],[101.7,11.4],[101.7,11.32]]],[[[101.78,11.32],[101.86,11.32],[101.86,11.4],[101.78,11.4],[101.78,11.32]]],[[[101.86,11.32],[101.94,11.32],[101.94,11.4],[101.86,11.4],[101.86,11.32]]],[[[101.94,11.32],[102.02,11.32],[102.02,11.4],[101.94,11.4],[101.94,11.32]]],[[[102.02,11.32],[102.1,11.32],[102.1,11.4],[102.02,11.4],[102.02,11.32]]],[[[102.1,11.32],[102.17999999999999,11.32],[102.17999999999999,11.4],[102.1,11.4],[102.1,11.32]]],[[[102.18,11.32],[102.26,11.32],[102.26,11.4],[102.18,11.4],[102.18,11.32]]],[[[102.26,11.32],[102.34,11.32],[102.34,11.4],[102.26,11.4],[102.26,11.32]]],[[[102.34,11.32],[102.42,11.32],[102.42,11.4],[102.34,11.4],[102.34,11.32]]],[[[102.42,11.32],[102.5,11.32],[102.5,11.4],[102.42,11.4],[102.42,11.32]]],[[[102.5,11.32],[102.58,11.32],[102.58,11.4],[102.5,11.4],[102.5,11.32]]],[[[102.58,11.32],[102.66,11.32],[102.66,11.4],[102.58,11.4],[102.58,11.32]]],[[[102.66,11.32],[102.74,11.32],[102.74,11.4],[102.66,11.4],[102.66,11.32]]],[[[102.74,11.32],[102.82,11.32],[102.82,11.4],[102.74,11.4],[102.74,11.32]]],[[[102.82,11.32],[102.89999999999999,11.32],[102.89999999999999,11.4],[102.82,11.4],[102.82,11.32]]],[[[102.9,11.32],[102.98,11.32],[102.98,11.4],[102.9,11.4],[102.9,11.32]]],[[[102.98,11.32],[103.06,11.32],[103.06,11.4],[102.98,11.4],[102.98,11.32]]],[[[103.06,11.32],[103.14,11.32],[103.14,11.4],[103.06,11.4],[103.06,11.32]]],[[[103.14,11.32],[103.22,11.32],[103.22,11.4],[103.14,11.4],[103.14,11.32]]],[[[103.22,11.32],[103.3,11.32],[103.3,11.4],[103.22,11.4],[103.22,11.32]]],[[[103.3,11.32],[103.38,11.32],[103.38,11.4],[103.3,11.4],[103.3,11.32]]],[[[103.38,11.32],[103.46,11.32],[103.46,11.4],[103.38,11.4],[103.38,11.32]]],[[[103.46,11.32],[103.53999999999999,11.32],[103.53999999999999,11.4],[103.46,11.4],[103.46,11.32]]],[[[103.54,11.32],[103.62,11.32],[103.62,11.4],[103.54,11.4],[103.54,11.32]]],[[[103.62,11.32],[103.7,11.32],[103.7,11.4],[103.62,11.4],[103.62,11.32]]],[[[103.7,11.32],[103.78,11.32],[103.78,11.4],[103.7,11.4],[103.7,11.32]]],[[[103.78,11.32],[103.86,11.32],[103.86,11.4],[103.78,11.4],[103.78,11.32]]],[[[103.86,11.32],[103.94,11.32],[103.94,11.4],[103.86,11.4],[103.86,11.32]]],[[[103.94,11.32],[104.02,11.32],[104.02,11.4],[103.94,11.4],[103.94,11.32]]],[[[104.02,11.32],[104.1,11.32],[104.1,11.4],[104.02,11.4],[104.02,11.32]]],[[[104.1,11.32],[104.17999999999999,11.32],[104.17999999999999,11.4],[104.1,11.4],[104.1,11.32]]],[[[104.18,11.32],[104.26,11.32],[104.26,11.4],[104.18,11.4],[104.18,11.32]]],[[[104.26,11.32],[104.34,11.32],[104.34,11.4],[104.26,11.4],[104.26,11.32]]],[[[104.34,11.32],[104.42,11.32],[104.42,11.4],[104.34,11.4],[104.34,11.32]]],[[[104.42,11.32],[104.5,11.32],[104.5,11.4],[104.42,11.4],[104.42,11.32]]],[[[101.38,11.4],[101.46,11.4],[101.46,11.48],[101.38,11.48],[101.38,11.4]]],[[[101.46,11.4],[101.53999999999999,11.4],[101.53999999999999,11.48],[101.46,11.48],[101.46,11.4]]],[[[101.54,11.4],[101.62,11.4],[101.62,11.48],[101.54,11.48],[101.54,11.4]]],[[[101.62,11.4],[101.7,11.4],[101.7,11.48],[101.62,11.48],[101.62,11.4]]],[[[101.7,11.4],[101.78,11.4],[101.78,11.48],[101.7,11.48],[101.7,11.4]]],[[[101.78,11.4],[101.86,11.4],[101.86,11.48],[101.78,11.48],[101.78,11.4]]],[[[101.86,11.4],[101.94,11.4],[101.94,11.48],[101.86,11.48],[101.86,11.4]]],[[[101.94,11.4],[102.02,11.4],[102.02,11.48],[101.94,11.48],[101.94,11.4]]],[[[102.02,11.4],[102.1,11.4],[102.1,11.48],[102.02,11.48],[102.02,11.4]]],[[[102.1,11.4],[102.17999999999999,11.4],[102.17999999999999,11.48],[102.1,11.48],[102.1,11.4]]],[[[102.18,11.4],[102.26,11.4],[102.26,11.48],[102.18,11.48],[102.18,11.4]]],[[[102.26,11.4],[102.34,11.4],[102.34,11.48],[102.26,11.48],[102.26,11.4]]],[[[102.34,11.4],[102.42,11.4],[102.42,11.48],[102.34,11.48],[102.34,11.4]]],[[[102.42,11.4],[102.5,11.4],[102.5,11.48],[102.42,11.48],[102.42,11.4]]],[[[102.5,11.4],[102.58,11.4],[102.58,11.48],[102.5,11.48],[102.5,11.4]]],[[[102.58,11.4],[102.66,11.4],[102.66,11.48],[102.58,11.48],[102.58,11.4]]],[[[102.66,11.4],[102.74,11.4],[102.74,11.48],[102.66,11.48],[102.66,11.4]]],[[[102.74,11.4],[102.82,11.4],[102.82,11.48],[102.74,11.48],[102.74,11.4]]],[[[102.82,11.4],[102.89999999999999,11.4],[102.89999999999999,11.48],[102.82,11.48],[102.82,11.4]]],[[[102.9,11.4],[102.98,11.4],[102.98,11.48],[102.9,11.48],[102.9,11.4]]],[[[102.98,11.4],[103.06,11.4],[103.06,11.48],[102.98,11.48],[102.98,11.4]]],[[[103.06,11.4],[103.14,11.4],[103.14,11.48],[103.06,11.48],[103.06,11.4]]],[[[103.14,11.4],[103.22,11.4],[103.22,11.48],[103.14,11.48],[103.14,11.4]]],[[[103.22,11.4],[103.3,11.4],[103.3,11.48],[103.22,11.48],[103.22,11.4]]],[[[103.3,11.4],[103.38,11.4],[103.38,11.48],[103.3,11.48],[103.3,11.4]]],[[[103.38,11.4],[103.46,11.4],[103.46,11.48],[103.38,11.48],[103.38,11.4]]],[[[103.46,11.4],[103.53999999999999,11.4],[103.53999999999999,11.48],[103.46,11.48],[103.46,11.4]]],[[[103.54,11.4],[103.62,11.4],[103.62,11.48],[103.54,11.48],[103.54,11.4]]],[[[103.62,11.4],[103.7,11.4],[103.7,11.48],[103.62,11.48],[103.62,11.4]]],[[[103.7,11.4],[103.78,11.4],[103.78,11.48],[103.7,11.48],[103.7,11.4]]],[[[103.78,11.4],[103.86,11.4],[103.86,11.48],[103.78,11.48],[103.78,11.4]]],[[[103.86,11.4],[103.94,11.4],[103.94,11.48],[103.86,11.48],[103.86,11.4]]],[[[103.94,11.4],[104.02,11.4],[104.02,11.48],[103.94,11.48],[103.94,11.4]]],[[[104.02,11.4],[104.1,11.4],[104.1,11.48],[104.02,11.48],[104.02,11.4]]],[[[104.1,11.4],[104.17999999999999,11.4],[104.17999999999999,11.48],[104.1,11.48],[104.1,11.4]]],[[[104.18,11.4],[104.26,11.4],[104.26,11.48],[104.18,11.48],[104.18,11.4]]],[[[104.26,11.4],[104.34,11.4],[104.34,11.48],[104.26,11.48],[104.26,11.4]]],[[[104.34,11.4],[104.42,11.4],[104.42,11.48],[104.34,11.48],[104.34,11.4]]],[[[104.42,11.4],[104.5,11.4],[104.5,11.48],[104.42,11.48],[104.42,11.4]]],[[[101.38,11.48],[101.46,11.48],[101.46,11.56],[101.38,11.56],[101.38,11.48]]],[[[101.46,11.48],[101.53999999999999,11.48],[101.53999999999999,11.56],[101.46,11.56],[101.46,11.48]]],[[[101.54,11.48],[101.62,11.48],[101.62,11.56],[101.54,11.56],[101.54,11.48]]],[[[101.62,11.48],[101.7,11.48],[101.7,11.56],[101.62,11.56],[101.62,11.48]]],[[[101.7,11.48],[101.78,11.48],[101.78,11.56],[101.7,11.56],[101.7,11.48]]],[[[101.78,11.48],[101.86,11.48],[101.86,11.56],[101.78,11.56],[101.78,11.48]]],[[[101.86,11.48],[101.94,11.48],[101.94,11.56],[101.86,11.56],[101.86,11.48]]],[[[101.94,11.48],[102.02,11.48],[102.02,11.56],[101.94,11.56],[101.94,11.48]]],[[[102.02,11.48],[102.1,11.48],[102.1,11.56],[102.02,11.56],[102.02,11.48]]],[[[102.1,11.48],[102.17999999999999,11.48],[102.17999999999999,11.56],[102.1,11.56],[102.1,11.48]]],[[[102.18,11.48],[102.26,11.48],[102.26,11.56],[102.18,11.56],[102.18,11.48]]],[[[102.26,11.48],[102.34,11.48],[102.34,11.56],[102.26,11.56],[102.26,11.48]]],[[[102.34,11.48],[102.42,11.48],[102.42,11.56],[102.34,11.56],[102.34,11.48]]],[[[102.42,11.48],[102.5,11.48],[102.5,11.56],[102.42,11.56],[102.42,11.48]]],[[[102.5,11.48],[102.58,11.48],[102.58,11.56],[102.5,11.56],[102.5,11.48]]],[[[102.58,11.48],[102.66,11.48],[102.66,11.56],[102.58,11.56],[102.58,11.48]]],[[[102.66,11.48],[102.74,11.48],[102.74,11.56],[102.66,11.56],[102.66,11.48]]],[[[102.74,11.48],[102.82,11.48],[102.82,11.56],[102.74,11.56],[102.74,11.48]]],[[[102.82,11.48],[102.89999999999999,11.48],[102.89999999999999,11.56],[102.82,11.56],[102.82,11.48]]],[[[102.9,11.48],[102.98,11.48],[102.98,11.56],[102.9,11.56],[102.9,11.48]]],[[[102.98,11.48],[103.06,11.48],[103.06,11.56],[102.98,11.56],[102.98,11.48]]],[[[103.06,11.48],[103.14,11.48],[103.14,11.56],[103.06,11.56],[103.06,11.48]]],[[[103.14,11.48],[103.22,11.48],[103.22,11.56],[103.14,11.56],[103.14,11.48]]],[[[103.22,11.48],[103.3,11.48],[103.3,11.56],[103.22,11.56],[103.22,11.48]]],[[[103.3,11.48],[103.38,11.48],[103.38,11.56],[103.3,11.56],[103.3,11.48]]],[[[103.38,11.48],[103.46,11.48],[103.46,11.56],[103.38,11.56],[103.38,11.48]]],[[[103.46,11.48],[103.53999999999999,11.48],[103.53999999999999,11.56],[103.46,11.56],[103.46,11.48]]],[[[103.54,11.48],[103.62,11.48],[103.62,11.56],[103.54,11.56],[103.54,11.48]]],[[[103.62,11.48],[103.7,11.48],[103.7,11.56],[103.62,11.56],[103.62,11.48]]],[[[103.7,11.48],[103.78,11.48],[103.78,11.56],[103.7,11.56],[103.7,11.48]]],[[[103.78,11.48],[103.86,11.48],[103.86,11.56],[103.78,11.56],[103.78,11.48]]],[[[103.86,11.48],[103.94,11.48],[103.94,11.56],[103.86,11.56],[103.86,11.48]]],[[[103.94,11.48],[104.02,11.48],[104.02,11.56],[103.94,11.56],[103.94,11.48]]],[[[104.02,11.48],[104.1,11.48],[104.1,11.56],[104.02,11.56],[104.02,11.48]]],[[[104.1,11.48],[104.17999999999999,11.48],[104.17999999999999,11.56],[104.1,11.56],[104.1,11.48]]],[[[104.18,11.48],[104.26,11.48],[104.26,11.56],[104.18,11.56],[104.18,11.48]]],[[[104.26,11.48],[104.34,11.48],[104.34,11.56],[104.26,11.56],[104.26,11.48]]],[[[104.34,11.48],[104.42,11.48],[104.42,11.56],[104.34,11.56],[104.34,11.48]]],[[[104.42,11.48],[104.5,11.48],[104.5,11.56],[104.42,11.56],[104.42,11.48]]],[[[101.46,11.56],[101.53999999999999,11.56],[101.53999999999999,11.64],[101.46,11.64],[101.46,11.56]]],[[[101.54,11.56],[101.62,11.56],[101.62,11.64],[101.54,11.64],[101.54,11.56]]],[[[101.62,11.56],[101.7,11.56],[101.7,11.64],[101.62,11.64],[101.62,11.56]]],[[[101.7,11.56],[101.78,11.56],[101.78,11.64],[101.7,11.64],[101.7,11.56]]],[[[101.78,11.56],[101.86,11.56],[101.86,11.64],[101.78,11.64],[101.78,11.56]]],[[[101.86,11.56],[101.94,11.56],[101.94,11.64],[101.86,11.64],[101.86,11.56]]],[[[101.94,11.56],[102.02,11.56],[102.02,11.64],[101.94,11.64],[101.94,11.56]]],[[[102.02,11.56],[102.1,11.56],[102.1,11.64],[102.02,11.64],[102.02,11.56]]],[[[102.1,11.56],[102.17999999999999,11.56],[102.17999999999999,11.64],[102.1,11.64],[102.1,11.56]]],[[[102.18,11.56],[102.26,11.56],[102.26,11.64],[102.18,11.64],[102.18,11.56]]],[[[102.26,11.56],[102.34,11.56],[102.34,11.64],[102.26,11.64],[102.26,11.56]]],[[[102.34,11.56],[102.42,11.56],[102.42,11.64],[102.34,11.64],[102.34,11.56]]],[[[102.42,11.56],[102.5,11.56],[102.5,11.64],[102.42,11.64],[102.42,11.56]]],[[[102.5,11.56],[102.58,11.56],[102.58,11.64],[102.5,11.64],[102.5,11.56]]],[[[102.58,11.56],[102.66,11.56],[102.66,11.64],[102.58,11.64],[102.58,11.56]]],[[[102.66,11.56],[102.74,11.56],[102.74,11.64],[102.66,11.64],[102.66,11.56]]],[[[102.74,11.56],[102.82,11.56],[102.82,11.64],[102.74,11.64],[102.74,11.56]]],[[[102.82,11.56],[102.89999999999999,11.56],[102.89999999999999,11.64],[102.82,11.64],[102.82,11.56]]],[[[102.9,11.56],[102.98,11.56],[102.98,11.64],[102.9,11.64],[102.9,11.56]]],[[[102.98,11.56],[103.06,11.56],[103.06,11.64],[102.98,11.64],[102.98,11.56]]],[[[103.06,11.56],[103.14,11.56],[103.14,11.64],[103.06,11.64],[103.06,11.56]]],[[[103.14,11.56],[103.22,11.56],[103.22,11.64],[103.14,11.64],[103.14,11.56]]],[[[103.22,11.56],[103.3,11.56],[103.3,11.64],[103.22,11.64],[103.22,11.56]]],[[[103.3,11.56],[103.38,11.56],[103.38,11.64],[103.3,11.64],[103.3,11.56]]],[[[103.38,11.56],[103.46,11.56],[103.46,11.64],[103.38,11.64],[103.38,11.56]]],[[[103.46,11.56],[103.53999999999999,11.56],[103.53999999999999,11.64],[103.46,11.64],[103.46,11.56]]],[[[103.54,11.56],[103.62,11.56],[103.62,11.64],[103.54,11.64],[103.54,11.56]]],[[[103.62,11.56],[103.7,11.56],[103.7,11.64],[103.62,11.64],[103.62,11.56]]],[[[103.7,11.56],[103.78,11.56],[103.78,11.64],[103.7,11.64],[103.7,11.56]]],[[[103.78,11.56],[103.86,11.56],[103.86,11.64],[103.78,11.64],[103.78,11.56]]],[[[103.86,11.56],[103.94,11.56],[103.94,11.64],[103.86,11.64],[103.86,11.56]]],[[[103.94,11.56],[104.02,11.56],[104.02,11.64],[103.94,11.64],[103.94,11.56]]],[[[104.02,11.56],[104.1,11.56],[104.1,11.64],[104.02,11.64],[104.02,11.56]]],[[[104.1,11.56],[104.17999999999999,11.56],[104.17999999999999,11.64],[104.1,11.64],[104.1,11.56]]],[[[104.18,11.56],[104.26,11.56],[104.26,11.64],[104.18,11.64],[104.18,11.56]]],[[[104.26,11.56],[104.34,11.56],[104.34,11.64],[104.26,11.64],[104.26,11.56]]],[[[104.34,11.56],[104.42,11.56],[104.42,11.64],[104.34,11.64],[104.34,11.56]]],[[[104.42,11.56],[104.5,11.56],[104.5,11.64],[104.42,11.64],[104.42,11.56]]],[[[101.54,11.64],[101.62,11.64],[101.62,11.72],[101.54,11.72],[101.54,11.64]]],[[[101.62,11.64],[101.7,11.64],[101.7,11.72],[101.62,11.72],[101.62,11.64]]],[[[101.7,11.64],[101.78,11.64],[101.78,11.72],[101.7,11.72],[101.7,11.64]]],[[[101.78,11.64],[101.86,11.64],[101.86,11.72],[101.78,11.72],[101.78,11.64]]],[[[101.86,11.64],[101.94,11.64],[101.94,11.72],[101.86,11.72],[101.86,11.64]]],[[[101.94,11.64],[102.02,11.64],[102.02,11.72],[101.94,11.72],[101.94,11.64]]],[[[102.02,11.64],[102.1,11.64],[102.1,11.72],[102.02,11.72],[102.02,11.64]]],[[[102.1,11.64],[102.17999999999999,11.64],[102.17999999999999,11.72],[102.1,11.72],[102.1,11.64]]],[[[102.18,11.64],[102.26,11.64],[102.26,11.72],[102.18,11.72],[102.18,11.64]]],[[[102.26,11.64],[102.34,11.64],[102.34,11.72],[102.26,11.72],[102.26,11.64]]],[[[102.34,11.64],[102.42,11.64],[102.42,11.72],[102.34,11.72],[102.34,11.64]]],[[[102.42,11.64],[102.5,11.64],[102.5,11.72],[102.42,11.72],[102.42,11.64]]],[[[102.58,11.64],[102.66,11.64],[102.66,11.72],[102.58,11.72],[102.58,11.64]]],[[[102.66,11.64],[102.74,11.64],[102.74,11.72],[102.66,11.72],[102.66,11.64]]],[[[102.74,11.64],[102.82,11.64],[102.82,11.72],[102.74,11.72],[102.74,11.64]]],[[[102.82,11.64],[102.89999999999999,11.64],[102.89999999999999,11.72],[102.82,11.72],[102.82,11.64]]],[[[102.9,11.64],[102.98,11.64],[102.98,11.72],[102.9,11.72],[102.9,11.64]]],[[[102.98,11.64],[103.06,11.64],[103.06,11.72],[102.98,11.72],[102.98,11.64]]],[[[103.06,11.64],[103.14,11.64],[103.14,11.72],[103.06,11.72],[103.06,11.64]]],[[[103.14,11.64],[103.22,11.64],[103.22,11.72],[103.14,11.72],[103.14,11.64]]],[[[103.22,11.64],[103.3,11.64],[103.3,11.72],[103.22,11.72],[103.22,11.64]]],[[[103.3,11.64],[103.38,11.64],[103.38,11.72],[103.3,11.72],[103.3,11.64]]],[[[103.38,11.64],[103.46,11.64],[103.46,11.72],[103.38,11.72],[103.38,11.64]]],[[[103.46,11.64],[103.53999999999999,11.64],[103.53999999999999,11.72],[103.46,11.72],[103.46,11.64]]],[[[103.54,11.64],[103.62,11.64],[103.62,11.72],[103.54,11.72],[103.54,11.64]]],[[[103.62,11.64],[103.7,11.64],[103.7,11.72],[103.62,11.72],[103.62,11.64]]],[[[103.7,11.64],[103.78,11.64],[103.78,11.72],[103.7,11.72],[103.7,11.64]]],[[[103.78,11.64],[103.86,11.64],[103.86,11.72],[103.78,11.72],[103.78,11.64]]],[[[103.86,11.64],[103.94,11.64],[103.94,11.72],[103.86,11.72],[103.86,11.64]]],[[[103.94,11.64],[104.02,11.64],[104.02,11.72],[103.94,11.72],[103.94,11.64]]],[[[104.02,11.64],[104.1,11.64],[104.1,11.72],[104.02,11.72],[104.02,11.64]]],[[[104.1,11.64],[104.17999999999999,11.64],[104.17999999999999,11.72],[104.1,11.72],[104.1,11.64]]],[[[104.18,11.64],[104.26,11.64],[104.26,11.72],[104.18,11.72],[104.18,11.64]]],[[[104.26,11.64],[104.34,11.64],[104.34,11.72],[104.26,11.72],[104.26,11.64]]],[[[104.34,11.64],[104.42,11.64],[104.42,11.72],[104.34,11.72],[104.34,11.64]]],[[[104.42,11.64],[104.5,11.64],[104.5,11.72],[104.42,11.72],[104.42,11.64]]],[[[101.54,11.719999999999999],[101.62,11.719999999999999],[101.62,11.799999999999999],[101.54,11.799999999999999],[101.54,11.719999999999999]]],[[[101.62,11.719999999999999],[101.7,11.719999999999999],[101.7,11.799999999999999],[101.62,11.799999999999999],[101.62,11.719999999999999]]],[[[101.7,11.719999999999999],[101.78,11.719999999999999],[101.78,11.799999999999999],[101.7,11.799999999999999],[101.7,11.719999999999999]]],[[[101.78,11.719999999999999],[101.86,11.719999999999999],[101.86,11.799999999999999],[101.78,11.799999999999999],[101.78,11.719999999999999]]],[[[101.86,11.719999999999999],[101.94,11.719999999999999],[101.94,11.799999999999999],[101.86,11.799999999999999],[101.86,11.719999999999999]]],[[[101.94,11.719999999999999],[102.02,11.719999999999999],[102.02,11.799999999999999],[101.94,11.799999999999999],[101.94,11.719999999999999]]],[[[102.02,11.719999999999999],[102.1,11.719999999999999],[102.1,11.799999999999999],[102.02,11.799999999999999],[102.02,11.719999999999999]]],[[[102.1,11.719999999999999],[102.17999999999999,11.719999999999999],[102.17999999999999,11.799999999999999],[102.1,11.799999999999999],[102.1,11.719999999999999]]],[[[102.18,11.719999999999999],[102.26,11.719999999999999],[102.26,11.799999999999999],[102.18,11.799999999999999],[102.18,11.719999999999999]]],[[[102.26,11.719999999999999],[102.34,11.719999999999999],[102.34,11.799999999999999],[102.26,11.799999999999999],[102.26,11.719999999999999]]],[[[102.34,11.719999999999999],[102.42,11.719999999999999],[102.42,11.799999999999999],[102.34,11.799999999999999],[102.34,11.719999999999999]]],[[[102.42,11.719999999999999],[102.5,11.719999999999999],[102.5,11.799999999999999],[102.42,11.799999999999999],[102.42,11.719999999999999]]],[[[102.5,11.719999999999999],[102.58,11.719999999999999],[102.58,11.799999999999999],[102.5,11.799999999999999],[102.5,11.719999999999999]]],[[[102.58,11.719999999999999],[102.66,11.719999999999999],[102.66,11.799999999999999],[102.58,11.799999999999999],[102.58,11.719999999999999]]],[[[102.66,11.719999999999999],[102.74,11.719999999999999],[102.74,11.799999999999999],[102.66,11.799999999999999],[102.66,11.719999999999999]]],[[[102.74,11.719999999999999],[102.82,11.719999999999999],[102.82,11.799999999999999],[102.74,11.799999999999999],[102.74,11.719999999999999]]],[[[102.82,11.719999999999999],[102.89999999999999,11.719999999999999],[102.89999999999999,11.799999999999999],[102.82,11.799999999999999],[102.82,11.719999999999999]]],[[[102.9,11.719999999999999],[102.98,11.719999999999999],[102.98,11.799999999999999],[102.9,11.799999999999999],[102.9,11.719999999999999]]],[[[102.98,11.719999999999999],[103.06,11.719999999999999],[103.06,11.799999999999999],[102.98,11.799999999999999],[102.98,11.719999999999999]]],[[[103.06,11.719999999999999],[103.14,11.719999999999999],[103.14,11.799999999999999],[103.06,11.799999999999999],[103.06,11.719999999999999]]],[[[103.14,11.719999999999999],[103.22,11.719999999999999],[103.22,11.799999999999999],[103.14,11.799999999999999],[103.14,11.719999999999999]]],[[[103.22,11.719999999999999],[103.3,11.719999999999999],[103.3,11.799999999999999],[103.22,11.799999999999999],[103.22,11.719999999999999]]],[[[103.3,11.719999999999999],[103.38,11.719999999999999],[103.38,11.799999999999999],[103.3,11.799999999999999],[103.3,11.719999999999999]]],[[[103.38,11.719999999999999],[103.46,11.719999999999999],[103.46,11.799999999999999],[103.38,11.799999999999999],[103.38,11.719999999999999]]],[[[103.46,11.719999999999999],[103.53999999999999,11.719999999999999],[103.53999999999999,11.799999999999999],[103.46,11.799999999999999],[103.46,11.719999999999999]]],[[[103.54,11.719999999999999],[103.62,11.719999999999999],[103.62,11.799999999999999],[103.54,11.799999999999999],[103.54,11.719999999999999]]],[[[103.62,11.719999999999999],[103.7,11.719999999999999],[103.7,11.799999999999999],[103.62,11.799999999999999],[103.62,11.719999999999999]]],[[[103.7,11.719999999999999],[103.78,11.719999999999999],[103.78,11.799999999999999],[103.7,11.799999999999999],[103.7,11.719999999999999]]],[[[103.78,11.719999999999999],[103.86,11.719999999999999],[103.86,11.799999999999999],[103.78,11.799999999999999],[103.78,11.719999999999999]]],[[[103.86,11.719999999999999],[103.94,11.719999999999999],[103.94,11.799999999999999],[103.86,11.799999999999999],[103.86,11.719999999999999]]],[[[103.94,11.719999999999999],[104.02,11.719999999999999],[104.02,11.799999999999999],[103.94,11.799999999999999],[103.94,11.719999999999999]]],[[[104.02,11.719999999999999],[104.1,11.719999999999999],[104.1,11.799999999999999],[104.02,11.799999999999999],[104.02,11.719999999999999]]],[[[104.1,11.719999999999999],[104.17999999999999,11.719999999999999],[104.17999999999999,11.799999999999999],[104.1,11.799999999999999],[104.1,11.719999999999999]]],[[[104.18,11.719999999999999],[104.26,11.719999999999999],[104.26,11.799999999999999],[104.18,11.799999999999999],[104.18,11.719999999999999]]],[[[104.26,11.719999999999999],[104.34,11.719999999999999],[104.34,11.799999999999999],[104.26,11.799999999999999],[104.26,11.719999999999999]]],[[[104.34,11.719999999999999],[104.42,11.719999999999999],[104.42,11.799999999999999],[104.34,11.799999999999999],[104.34,11.719999999999999]]],[[[104.42,11.719999999999999],[104.5,11.719999999999999],[104.5,11.799999999999999],[104.42,11.799999999999999],[104.42,11.719999999999999]]],[[[101.62,11.8],[101.7,11.8],[101.7,11.88],[101.62,11.88],[101.62,11.8]]],[[[101.7,11.8],[101.78,11.8],[101.78,11.88],[101.7,11.88],[101.7,11.8]]],[[[101.78,11.8],[101.86,11.8],[101.86,11.88],[101.78,11.88],[101.78,11.8]]],[[[101.86,11.8],[101.94,11.8],[101.94,11.88],[101.86,11.88],[101.86,11.8]]],[[[101.94,11.8],[102.02,11.8],[102.02,11.88],[101.94,11.88],[101.94,11.8]]],[[[102.02,11.8],[102.1,11.8],[102.1,11.88],[102.02,11.88],[102.02,11.8]]],[[[102.1,11.8],[102.17999999999999,11.8],[102.17999999999999,11.88],[102.1,11.88],[102.1,11.8]]],[[[102.18,11.8],[102.26,11.8],[102.26,11.88],[102.18,11.88],[102.18,11.8]]],[[[102.26,11.8],[102.34,11.8],[102.34,11.88],[102.26,11.88],[102.26,11.8]]],[[[102.34,11.8],[102.42,11.8],[102.42,11.88],[102.34,11.88],[102.34,11.8]]],[[[102.42,11.8],[102.5,11.8],[102.5,11.88],[102.42,11.88],[102.42,11.8]]],[[[102.5,11.8],[102.58,11.8],[102.58,11.88],[102.5,11.88],[102.5,11.8]]],[[[102.58,11.8],[102.66,11.8],[102.66,11.88],[102.58,11.88],[102.58,11.8]]],[[[102.66,11.8],[102.74,11.8],[102.74,11.88],[102.66,11.88],[102.66,11.8]]],[[[102.74,11.8],[102.82,11.8],[102.82,11.88],[102.74,11.88],[102.74,11.8]]],[[[102.82,11.8],[102.89999999999999,11.8],[102.89999999999999,11.88],[102.82,11.88],[102.82,11.8]]],[[[102.9,11.8],[102.98,11.8],[102.98,11.88],[102.9,11.88],[102.9,11.8]]],[[[102.98,11.8],[103.06,11.8],[103.06,11.88],[102.98,11.88],[102.98,11.8]]],[[[103.06,11.8],[103.14,11.8],[103.14,11.88],[103.06,11.88],[103.06,11.8]]],[[[103.14,11.8],[103.22,11.8],[103.22,11.88],[103.14,11.88],[103.14,11.8]]],[[[103.22,11.8],[103.3,11.8],[103.3,11.88],[103.22,11.88],[103.22,11.8]]],[[[103.3,11.8],[103.38,11.8],[103.38,11.88],[103.3,11.88],[103.3,11.8]]],[[[103.38,11.8],[103.46,11.8],[103.46,11.88],[103.38,11.88],[103.38,11.8]]],[[[103.46,11.8],[103.53999999999999,11.8],[103.53999999999999,11.88],[103.46,11.88],[103.46,11.8]]],[[[103.54,11.8],[103.62,11.8],[103.62,11.88],[103.54,11.88],[103.54,11.8]]],[[[103.62,11.8],[103.7,11.8],[103.7,11.88],[103.62,11.88],[103.62,11.8]]],[[[103.7,11.8],[103.78,11.8],[103.78,11.88],[103.7,11.88],[103.7,11.8]]],[[[103.78,11.8],[103.86,11.8],[103.86,11.88],[103.78,11.88],[103.78,11.8]]],[[[103.86,11.8],[103.94,11.8],[103.94,11.88],[103.86,11.88],[103.86,11.8]]],[[[103.94,11.8],[104.02,11.8],[104.02,11.88],[103.94,11.88],[103.94,11.8]]],[[[104.02,11.8],[104.1,11.8],[104.1,11.88],[104.02,11.88],[104.02,11.8]]],[[[104.1,11.8],[104.17999999999999,11.8],[104.17999999999999,11.88],[104.1,11.88],[104.1,11.8]]],[[[104.18,11.8],[104.26,11.8],[104.26,11.88],[104.18,11.88],[104.18,11.8]]],[[[104.26,11.8],[104.34,11.8],[104.34,11.88],[104.26,11.88],[104.26,11.8]]],[[[104.34,11.8],[104.42,11.8],[104.42,11.88],[104.34,11.88],[104.34,11.8]]],[[[104.42,11.8],[104.5,11.8],[104.5,11.88],[104.42,11.88],[104.42,11.8]]],[[[101.62,11.879999999999999],[101.7,11.879999999999999],[101.7,11.959999999999999],[101.62,11.959999999999999],[101.62,11.879999999999999]]],[[[101.7,11.879999999999999],[101.78,11.879999999999999],[101.78,11.959999999999999],[101.7,11.959999999999999],[101.7,11.879999999999999]]],[[[101.78,11.879999999999999],[101.86,11.879999999999999],[101.86,11.959999999999999],[101.78,11.959999999999999],[101.78,11.879999999999999]]],[[[101.86,11.879999999999999],[101.94,11.879999999999999],[101.94,11.959999999999999],[101.86,11.959999999999999],[101.86,11.879999999999999]]],[[[101.94,11.879999999999999],[102.02,11.879999999999999],[102.02,11.959999999999999],[101.94,11.959999999999999],[101.94,11.879999999999999]]],[[[102.02,11.879999999999999],[102.1,11.879999999999999],[102.1,11.959999999999999],[102.02,11.959999999999999],[102.02,11.879999999999999]]],[[[102.1,11.879999999999999],[102.17999999999999,11.879999999999999],[102.17999999999999,11.959999999999999],[102.1,11.959999999999999],[102.1,11.879999999999999]]],[[[102.18,11.879999999999999],[102.26,11.879999999999999],[102.26,11.959999999999999],[102.18,11.959999999999999],[102.18,11.879999999999999]]],[[[102.26,11.879999999999999],[102.34,11.879999999999999],[102.34,11.959999999999999],[102.26,11.959999999999999],[102.26,11.879999999999999]]],[[[102.34,11.879999999999999],[102.42,11.879999999999999],[102.42,11.959999999999999],[102.34,11.959999999999999],[102.34,11.879999999999999]]],[[[102.42,11.879999999999999],[102.5,11.879999999999999],[102.5,11.959999999999999],[102.42,11.959999999999999],[102.42,11.879999999999999]]],[[[102.5,11.879999999999999],[102.58,11.879999999999999],[102.58,11.959999999999999],[102.5,11.959999999999999],[102.5,11.879999999999999]]],[[[102.58,11.879999999999999],[102.66,11.879999999999999],[102.66,11.959999999999999],[102.58,11.959999999999999],[102.58,11.879999999999999]]],[[[102.66,11.879999999999999],[102.74,11.879999999999999],[102.74,11.959999999999999],[102.66,11.959999999999999],[102.66,11.879999999999999]]],[[[102.82,11.879999999999999],[102.89999999999999,11.879999999999999],[102.89999999999999,11.959999999999999],[102.82,11.959999999999999],[102.82,11.879999999999999]]],[[[102.9,11.879999999999999],[102.98,11.879999999999999],[102.98,11.959999999999999],[102.9,11.959999999999999],[102.9,11.879999999999999]]],[[[102.98,11.879999999999999],[103.06,11.879999999999999],[103.06,11.959999999999999],[102.98,11.959999999999999],[102.98,11.879999999999999]]],[[[103.06,11.879999999999999],[103.14,11.879999999999999],[103.14,11.959999999999999],[103.06,11.959999999999999],[103.06,11.879999999999999]]],[[[103.14,11.879999999999999],[103.22,11.879999999999999],[103.22,11.959999999999999],[103.14,11.959999999999999],[103.14,11.879999999999999]]],[[[103.22,11.879999999999999],[103.3,11.879999999999999],[103.3,11.959999999999999],[103.22,11.959999999999999],[103.22,11.879999999999999]]],[[[103.3,11.879999999999999],[103.38,11.879999999999999],[103.38,11.959999999999999],[103.3,11.959999999999999],[103.3,11.879999999999999]]],[[[103.38,11.879999999999999],[103.46,11.879999999999999],[103.46,11.959999999999999],[103.38,11.959999999999999],[103.38,11.879999999999999]]],[[[103.46,11.879999999999999],[103.53999999999999,11.879999999999999],[103.53999999999999,11.959999999999999],[103.46,11.959999999999999],[103.46,11.879999999999999]]],[[[103.54,11.879999999999999],[103.62,11.879999999999999],[103.62,11.959999999999999],[103.54,11.959999999999999],[103.54,11.879999999999999]]],[[[103.62,11.879999999999999],[103.7,11.879999999999999],[103.7,11.959999999999999],[103.62,11.959999999999999],[103.62,11.879999999999999]]],[[[103.7,11.879999999999999],[103.78,11.879999999999999],[103.78,11.959999999999999],[103.7,11.959999999999999],[103.7,11.879999999999999]]],[[[103.78,11.879999999999999],[103.86,11.879999999999999],[103.86,11.959999999999999],[103.78,11.959999999999999],[103.78,11.879999999999999]]],[[[103.86,11.879999999999999],[103.94,11.879999999999999],[103.94,11.959999999999999],[103.86,11.959999999999999],[103.86,11.879999999999999]]],[[[103.94,11.879999999999999],[104.02,11.879999999999999],[104.02,11.959999999999999],[103.94,11.959999999999999],[103.94,11.879999999999999]]],[[[104.02,11.879999999999999],[104.1,11.879999999999999],[104.1,11.959999999999999],[104.02,11.959999999999999],[104.02,11.879999999999999]]],[[[104.1,11.879999999999999],[104.17999999999999,11.879999999999999],[104.17999999999999,11.959999999999999],[104.1,11.959999999999999],[104.1,11.879999999999999]]],[[[104.18,11.879999999999999],[104.26,11.879999999999999],[104.26,11.959999999999999],[104.18,11.959999999999999],[104.18,11.879999999999999]]],[[[104.26,11.879999999999999],[104.34,11.879999999999999],[104.34,11.959999999999999],[104.26,11.959999999999999],[104.26,11.879999999999999]]],[[[104.34,11.879999999999999],[104.42,11.879999999999999],[104.42,11.959999999999999],[104.34,11.959999999999999],[104.34,11.879999999999999]]],[[[104.42,11.879999999999999],[104.5,11.879999999999999],[104.5,11.959999999999999],[104.42,11.959999999999999],[104.42,11.879999999999999]]],[[[101.7,11.96],[101.78,11.96],[101.78,12.040000000000001],[101.7,12.040000000000001],[101.7,11.96]]],[[[101.78,11.96],[101.86,11.96],[101.86,12.040000000000001],[101.78,12.040000000000001],[101.78,11.96]]],[[[101.86,11.96],[101.94,11.96],[101.94,12.040000000000001],[101.86,12.040000000000001],[101.86,11.96]]],[[[101.94,11.96],[102.02,11.96],[102.02,12.040000000000001],[101.94,12.040000000000001],[101.94,11.96]]],[[[102.02,11.96],[102.1,11.96],[102.1,12.040000000000001],[102.02,12.040000000000001],[102.02,11.96]]],[[[102.1,11.96],[102.17999999999999,11.96],[102.17999999999999,12.040000000000001],[102.1,12.040000000000001],[102.1,11.96]]],[[[102.18,11.96],[102.26,11.96],[102.26,12.040000000000001],[102.18,12.040000000000001],[102.18,11.96]]],[[[102.42,11.96],[102.5,11.96],[102.5,12.040000000000001],[102.42,12.040000000000001],[102.42,11.96]]],[[[102.5,11.96],[102.58,11.96],[102.58,12.040000000000001],[102.5,12.040000000000001],[102.5,11.96]]],[[[102.58,11.96],[102.66,11.96],[102.66,12.040000000000001],[102.58,12.040000000000001],[102.58,11.96]]],[[[102.66,11.96],[102.74,11.96],[102.74,12.040000000000001],[102.66,12.040000000000001],[102.66,11.96]]],[[[102.82,11.96],[102.89999999999999,11.96],[102.89999999999999,12.040000000000001],[102.82,12.040000000000001],[102.82,11.96]]],[[[102.9,11.96],[102.98,11.96],[102.98,12.040000000000001],[102.9,12.040000000000001],[102.9,11.96]]],[[[102.98,11.96],[103.06,11.96],[103.06,12.040000000000001],[102.98,12.040000000000001],[102.98,11.96]]],[[[103.06,11.96],[103.14,11.96],[103.14,12.040000000000001],[103.06,12.040000000000001],[103.06,11.96]]],[[[103.14,11.96],[103.22,11.96],[103.22,12.040000000000001],[103.14,12.040000000000001],[103.14,11.96]]],[[[103.22,11.96],[103.3,11.96],[103.3,12.040000000000001],[103.22,12.040000000000001],[103.22,11.96]]],[[[103.3,11.96],[103.38,11.96],[103.38,12.040000000000001],[103.3,12.040000000000001],[103.3,11.96]]],[[[103.38,11.96],[103.46,11.96],[103.46,12.040000000000001],[103.38,12.040000000000001],[103.38,11.96]]],[[[103.46,11.96],[103.53999999999999,11.96],[103.53999999999999,12.040000000000001],[103.46,12.040000000000001],[103.46,11.96]]],[[[103.54,11.96],[103.62,11.96],[103.62,12.040000000000001],[103.54,12.040000000000001],[103.54,11.96]]],[[[103.62,11.96],[103.7,11.96],[103.7,12.040000000000001],[103.62,12.040000000000001],[103.62,11.96]]],[[[103.7,11.96],[103.78,11.96],[103.78,12.040000000000001],[103.7,12.040000000000001],[103.7,11.96]]],[[[103.78,11.96],[103.86,11.96],[103.86,12.040000000000001],[103.78,12.040000000000001],[103.78,11.96]]],[[[103.86,11.96],[103.94,11.96],[103.94,12.040000000000001],[103.86,12.040000000000001],[103.86,11.96]]],[[[103.94,11.96],[104.02,11.96],[104.02,12.040000000000001],[103.94,12.040000000000001],[103.94,11.96]]],[[[104.02,11.96],[104.1,11.96],[104.1,12.040000000000001],[104.02,12.040000000000001],[104.02,11.96]]],[[[104.1,11.96],[104.17999999999999,11.96],[104.17999999999999,12.040000000000001],[104.1,12.040000000000001],[104.1,11.96]]],[[[104.18,11.96],[104.26,11.96],[104.26,12.040000000000001],[104.18,12.040000000000001],[104.18,11.96]]],[[[104.26,11.96],[104.34,11.96],[104.34,12.040000000000001],[104.26,12.040000000000001],[104.26,11.96]]],[[[104.34,11.96],[104.42,11.96],[104.42,12.040000000000001],[104.34,12.040000000000001],[104.34,11.96]]],[[[104.42,11.96],[104.5,11.96],[104.5,12.040000000000001],[104.42,12.040000000000001],[104.42,11.96]]],[[[101.78,12.04],[101.86,12.04],[101.86,12.12],[101.78,12.12],[101.78,12.04]]],[[[101.86,12.04],[101.94,12.04],[101.94,12.12],[101.86,12.12],[101.86,12.04]]],[[[101.94,12.04],[102.02,12.04],[102.02,12.12],[101.94,12.12],[101.94,12.04]]],[[[102.02,12.04],[102.1,12.04],[102.1,12.12],[102.02,12.12],[102.02,12.04]]],[[[102.1,12.04],[102.17999999999999,12.04],[102.17999999999999,12.12],[102.1,12.12],[102.1,12.04]]],[[[102.18,12.04],[102.26,12.04],[102.26,12.12],[102.18,12.12],[102.18,12.04]]],[[[102.34,12.04],[102.42,12.04],[102.42,12.12],[102.34,12.12],[102.34,12.04]]],[[[102.42,12.04],[102.5,12.04],[102.5,12.12],[102.42,12.12],[102.42,12.04]]],[[[102.5,12.04],[102.58,12.04],[102.58,12.12],[102.5,12.12],[102.5,12.04]]],[[[102.58,12.04],[102.66,12.04],[102.66,12.12],[102.58,12.12],[102.58,12.04]]],[[[102.66,12.04],[102.74,12.04],[102.74,12.12],[102.66,12.12],[102.66,12.04]]],[[[102.74,12.04],[102.82,12.04],[102.82,12.12],[102.74,12.12],[102.74,12.04]]],[[[102.82,12.04],[102.89999999999999,12.04],[102.89999999999999,12.12],[102.82,12.12],[102.82,12.04]]],[[[102.9,12.04],[102.98,12.04],[102.98,12.12],[102.9,12.12],[102.9,12.04]]],[[[102.98,12.04],[103.06,12.04],[103.06,12.12],[102.98,12.12],[102.98,12.04]]],[[[103.06,12.04],[103.14,12.04],[103.14,12.12],[103.06,12.12],[103.06,12.04]]],[[[103.14,12.04],[103.22,12.04],[103.22,12.12],[103.14,12.12],[103.14,12.04]]],[[[103.22,12.04],[103.3,12.04],[103.3,12.12],[103.22,12.12],[103.22,12.04]]],[[[103.3,12.04],[103.38,12.04],[103.38,12.12],[103.3,12.12],[103.3,12.04]]],[[[103.38,12.04],[103.46,12.04],[103.46,12.12],[103.38,12.12],[103.38,12.04]]],[[[103.46,12.04],[103.53999999999999,12.04],[103.53999999999999,12.12],[103.46,12.12],[103.46,12.04]]],[[[103.54,12.04],[103.62,12.04],[103.62,12.12],[103.54,12.12],[103.54,12.04]]],[[[103.62,12.04],[103.7,12.04],[103.7,12.12],[103.62,12.12],[103.62,12.04]]],[[[103.7,12.04],[103.78,12.04],[103.78,12.12],[103.7,12.12],[103.7,12.04]]],[[[103.78,12.04],[103.86,12.04],[103.86,12.12],[103.78,12.12],[103.78,12.04]]],[[[103.86,12.04],[103.94,12.04],[103.94,12.12],[103.86,12.12],[103.86,12.04]]],[[[103.94,12.04],[104.02,12.04],[104.02,12.12],[103.94,12.12],[103.94,12.04]]],[[[104.02,12.04],[104.1,12.04],[104.1,12.12],[104.02,12.12],[104.02,12.04]]],[[[104.1,12.04],[104.17999999999999,12.04],[104.17999999999999,12.12],[104.1,12.12],[104.1,12.04]]],[[[104.18,12.04],[104.26,12.04],[104.26,12.12],[104.18,12.12],[104.18,12.04]]],[[[104.26,12.04],[104.34,12.04],[104.34,12.12],[104.26,12.12],[104.26,12.04]]],[[[104.34,12.04],[104.42,12.04],[104.42,12.12],[104.34,12.12],[104.34,12.04]]],[[[104.42,12.04],[104.5,12.04],[104.5,12.12],[104.42,12.12],[104.42,12.04]]],[[[101.94,12.120000000000001],[102.02,12.120000000000001],[102.02,12.200000000000001],[101.94,12.200000000000001],[101.94,12.120000000000001]]],[[[102.02,12.120000000000001],[102.1,12.120000000000001],[102.1,12.200000000000001],[102.02,12.200000000000001],[102.02,12.120000000000001]]],[[[102.1,12.120000000000001],[102.17999999999999,12.120000000000001],[102.17999999999999,12.200000000000001],[102.1,12.200000000000001],[102.1,12.120000000000001]]],[[[102.18,12.120000000000001],[102.26,12.120000000000001],[102.26,12.200000000000001],[102.18,12.200000000000001],[102.18,12.120000000000001]]],[[[102.26,12.120000000000001],[102.34,12.120000000000001],[102.34,12.200000000000001],[102.26,12.200000000000001],[102.26,12.120000000000001]]],[[[102.34,12.120000000000001],[102.42,12.120000000000001],[102.42,12.200000000000001],[102.34,12.200000000000001],[102.34,12.120000000000001]]],[[[102.42,12.120000000000001],[102.5,12.120000000000001],[102.5,12.200000000000001],[102.42,12.200000000000001],[102.42,12.120000000000001]]],[[[102.58,12.120000000000001],[102.66,12.120000000000001],[102.66,12.200000000000001],[102.58,12.200000000000001],[102.58,12.120000000000001]]],[[[102.74,12.120000000000001],[102.82,12.120000000000001],[102.82,12.200000000000001],[102.74,12.200000000000001],[102.74,12.120000000000001]]],[[[102.82,12.120000000000001],[102.89999999999999,12.120000000000001],[102.89999999999999,12.200000000000001],[102.82,12.200000000000001],[102.82,12.120000000000001]]],[[[102.9,12.120000000000001],[102.98,12.120000000000001],[102.98,12.200000000000001],[102.9,12.200000000000001],[102.9,12.120000000000001]]],[[[102.98,12.120000000000001],[103.06,12.120000000000001],[103.06,12.200000000000001],[102.98,12.200000000000001],[102.98,12.120000000000001]]],[[[103.06,12.120000000000001],[103.14,12.120000000000001],[103.14,12.200000000000001],[103.06,12.200000000000001],[103.06,12.120000000000001]]],[[[103.14,12.120000000000001],[103.22,12.120000000000001],[103.22,12.200000000000001],[103.14,12.200000000000001],[103.14,12.120000000000001]]],[[[103.22,12.120000000000001],[103.3,12.120000000000001],[103.3,12.200000000000001],[103.22,12.200000000000001],[103.22,12.120000000000001]]],[[[103.3,12.120000000000001],[103.38,12.120000000000001],[103.38,12.200000000000001],[103.3,12.200000000000001],[103.3,12.120000000000001]]],[[[103.38,12.120000000000001],[103.46,12.120000000000001],[103.46,12.200000000000001],[103.38,12.200000000000001],[103.38,12.120000000000001]]],[[[103.46,12.120000000000001],[103.53999999999999,12.120000000000001],[103.53999999999999,12.200000000000001],[103.46,12.200000000000001],[103.46,12.120000000000001]]],[[[103.54,12.120000000000001],[103.62,12.120000000000001],[103.62,12.200000000000001],[103.54,12.200000000000001],[103.54,12.120000000000001]]],[[[103.62,12.120000000000001],[103.7,12.120000000000001],[103.7,12.200000000000001],[103.62,12.200000000000001],[103.62,12.120000000000001]]],[[[103.7,12.120000000000001],[103.78,12.120000000000001],[103.78,12.200000000000001],[103.7,12.200000000000001],[103.7,12.120000000000001]]],[[[103.78,12.120000000000001],[103.86,12.120000000000001],[103.86,12.200000000000001],[103.78,12.200000000000001],[103.78,12.120000000000001]]],[[[103.86,12.120000000000001],[103.94,12.120000000000001],[103.94,12.200000000000001],[103.86,12.200000000000001],[103.86,12.120000000000001]]],[[[103.94,12.120000000000001],[104.02,12.120000000000001],[104.02,12.200000000000001],[103.94,12.200000000000001],[103.94,12.120000000000001]]],[[[104.02,12.120000000000001],[104.1,12.120000000000001],[104.1,12.200000000000001],[104.02,12.200000000000001],[104.02,12.120000000000001]]],[[[104.1,12.120000000000001],[104.17999999999999,12.120000000000001],[104.17999999999999,12.200000000000001],[104.1,12.200000000000001],[104.1,12.120000000000001]]],[[[104.18,12.120000000000001],[104.26,12.120000000000001],[104.26,12.200000000000001],[104.18,12.200000000000001],[104.18,12.120000000000001]]],[[[104.26,12.120000000000001],[104.34,12.120000000000001],[104.34,12.200000000000001],[104.26,12.200000000000001],[104.26,12.120000000000001]]],[[[104.34,12.120000000000001],[104.42,12.120000000000001],[104.42,12.200000000000001],[104.34,12.200000000000001],[104.34,12.120000000000001]]],[[[104.42,12.120000000000001],[104.5,12.120000000000001],[104.5,12.200000000000001],[104.42,12.200000000000001],[104.42,12.120000000000001]]],[[[102.74,12.2],[102.82,12.2],[102.82,12.28],[102.74,12.28],[102.74,12.2]]],[[[102.82,12.2],[102.89999999999999,12.2],[102.89999999999999,12.28],[102.82,12.28],[102.82,12.2]]],[[[102.9,12.2],[102.98,12.2],[102.98,12.28],[102.9,12.28],[102.9,12.2]]],[[[102.98,12.2],[103.06,12.2],[103.06,12.28],[102.98,12.28],[102.98,12.2]]],[[[103.06,12.2],[103.14,12.2],[103.14,12.28],[103.06,12.28],[103.06,12.2]]],[[[103.14,12.2],[103.22,12.2],[103.22,12.28],[103.14,12.28],[103.14,12.2]]],[[[103.22,12.2],[103.3,12.2],[103.3,12.28],[103.22,12.28],[103.22,12.2]]],[[[103.3,12.2],[103.38,12.2],[103.38,12.28],[103.3,12.28],[103.3,12.2]]],[[[103.38,12.2],[103.46,12.2],[103.46,12.28],[103.38,12.28],[103.38,12.2]]],[[[103.46,12.2],[103.53999999999999,12.2],[103.53999999999999,12.28],[103.46,12.28],[103.46,12.2]]],[[[103.54,12.2],[103.62,12.2],[103.62,12.28],[103.54,12.28],[103.54,12.2]]],[[[103.62,12.2],[103.7,12.2],[103.7,12.28],[103.62,12.28],[103.62,12.2]]],[[[103.7,12.2],[103.78,12.2],[103.78,12.28],[103.7,12.28],[103.7,12.2]]],[[[103.78,12.2],[103.86,12.2],[103.86,12.28],[103.78,12.28],[103.78,12.2]]],[[[103.86,12.2],[103.94,12.2],[103.94,12.28],[103.86,12.28],[103.86,12.2]]],[[[103.94,12.2],[104.02,12.2],[104.02,12.28],[103.94,12.28],[103.94,12.2]]],[[[104.02,12.2],[104.1,12.2],[104.1,12.28],[104.02,12.28],[104.02,12.2]]],[[[104.1,12.2],[104.17999999999999,12.2],[104.17999999999999,12.28],[104.1,12.28],[104.1,12.2]]],[[[104.18,12.2],[104.26,12.2],[104.26,12.28],[104.18,12.28],[104.18,12.2]]],[[[104.26,12.2],[104.34,12.2],[104.34,12.28],[104.26,12.28],[104.26,12.2]]],[[[104.34,12.2],[104.42,12.2],[104.42,12.28],[104.34,12.28],[104.34,12.2]]],[[[104.42,12.2],[104.5,12.2],[104.5,12.28],[104.42,12.28],[104.42,12.2]]],[[[102.74,12.280000000000001],[102.82,12.280000000000001],[102.82,12.360000000000001],[102.74,12.360000000000001],[102.74,12.280000000000001]]],[[[102.82,12.280000000000001],[102.89999999999999,12.280000000000001],[102.89999999999999,12.360000000000001],[102.82,12.360000000000001],[102.82,12.280000000000001]]],[[[102.9,12.280000000000001],[102.98,12.280000000000001],[102.98,12.360000000000001],[102.9,12.360000000000001],[102.9,12.280000000000001]]],[[[102.98,12.280000000000001],[103.06,12.280000000000001],[103.06,12.360000000000001],[102.98,12.360000000000001],[102.98,12.280000000000001]]],[[[103.06,12.280000000000001],[103.14,12.280000000000001],[103.14,12.360000000000001],[103.06,12.360000000000001],[103.06,12.280000000000001]]],[[[103.14,12.280000000000001],[103.22,12.280000000000001],[103.22,12.360000000000001],[103.14,12.360000000000001],[103.14,12.280000000000001]]],[[[103.22,12.280000000000001],[103.3,12.280000000000001],[103.3,12.360000000000001],[103.22,12.360000000000001],[103.22,12.280000000000001]]],[[[103.3,12.280000000000001],[103.38,12.280000000000001],[103.38,12.360000000000001],[103.3,12.360000000000001],[103.3,12.280000000000001]]],[[[103.38,12.280000000000001],[103.46,12.280000000000001],[103.46,12.360000000000001],[103.38,12.360000000000001],[103.38,12.280000000000001]]],[[[103.46,12.280000000000001],[103.53999999999999,12.280000000000001],[103.53999999999999,12.360000000000001],[103.46,12.360000000000001],[103.46,12.280000000000001]]],[[[103.54,12.280000000000001],[103.62,12.280000000000001],[103.62,12.360000000000001],[103.54,12.360000000000001],[103.54,12.280000000000001]]],[[[103.62,12.280000000000001],[103.7,12.280000000000001],[103.7,12.360000000000001],[103.62,12.360000000000001],[103.62,12.280000000000001]]],[[[103.7,12.280000000000001],[103.78,12.280000000000001],[103.78,12.360000000000001],[103.7,12.360000000000001],[103.7,12.280000000000001]]],[[[103.78,12.280000000000001],[103.86,12.280000000000001],[103.86,12.360000000000001],[103.78,12.360000000000001],[103.78,12.280000000000001]]],[[[103.86,12.280000000000001],[103.94,12.280000000000001],[103.94,12.360000000000001],[103.86,12.360000000000001],[103.86,12.280000000000001]]],[[[103.94,12.280000000000001],[104.02,12.280000000000001],[104.02,12.360000000000001],[103.94,12.360000000000001],[103.94,12.280000000000001]]],[[[104.02,12.280000000000001],[104.1,12.280000000000001],[104.1,12.360000000000001],[104.02,12.360000000000001],[104.02,12.280000000000001]]],[[[104.1,12.280000000000001],[104.17999999999999,12.280000000000001],[104.17999999999999,12.360000000000001],[104.1,12.360000000000001],[104.1,12.280000000000001]]],[[[104.18,12.280000000000001],[104.26,12.280000000000001],[104.26,12.360000000000001],[104.18,12.360000000000001],[104.18,12.280000000000001]]],[[[104.26,12.280000000000001],[104.34,12.280000000000001],[104.34,12.360000000000001],[104.26,12.360000000000001],[104.26,12.280000000000001]]],[[[104.34,12.280000000000001],[104.42,12.280000000000001],[104.42,12.360000000000001],[104.34,12.360000000000001],[104.34,12.280000000000001]]],[[[104.42,12.280000000000001],[104.5,12.280000000000001],[104.5,12.360000000000001],[104.42,12.360000000000001],[104.42,12.280000000000001]]],[[[102.82,12.36],[102.89999999999999,12.36],[102.89999999999999,12.44],[102.82,12.44],[102.82,12.36]]],[[[102.9,12.36],[102.98,12.36],[102.98,12.44],[102.9,12.44],[102.9,12.36]]],[[[102.98,12.36],[103.06,12.36],[103.06,12.44],[102.98,12.44],[102.98,12.36]]],[[[103.06,12.36],[103.14,12.36],[103.14,12.44],[103.06,12.44],[103.06,12.36]]],[[[103.14,12.36],[103.22,12.36],[103.22,12.44],[103.14,12.44],[103.14,12.36]]],[[[103.22,12.36],[103.3,12.36],[103.3,12.44],[103.22,12.44],[103.22,12.36]]],[[[103.3,12.36],[103.38,12.36],[103.38,12.44],[103.3,12.44],[103.3,12.36]]],[[[103.38,12.36],[103.46,12.36],[103.46,12.44],[103.38,12.44],[103.38,12.36]]],[[[103.46,12.36],[103.53999999999999,12.36],[103.53999999999999,12.44],[103.46,12.44],[103.46,12.36]]],[[[103.54,12.36],[103.62,12.36],[103.62,12.44],[103.54,12.44],[103.54,12.36]]],[[[103.62,12.36],[103.7,12.36],[103.7,12.44],[103.62,12.44],[103.62,12.36]]],[[[103.7,12.36],[103.78,12.36],[103.78,12.44],[103.7,12.44],[103.7,12.36]]],[[[103.78,12.36],[103.86,12.36],[103.86,12.44],[103.78,12.44],[103.78,12.36]]],[[[103.86,12.36],[103.94,12.36],[103.94,12.44],[103.86,12.44],[103.86,12.36]]],[[[103.94,12.36],[104.02,12.36],[104.02,12.44],[103.94,12.44],[103.94,12.36]]],[[[104.02,12.36],[104.1,12.36],[104.1,12.44],[104.02,12.44],[104.02,12.36]]],[[[104.1,12.36],[104.17999999999999,12.36],[104.17999999999999,12.44],[104.1,12.44],[104.1,12.36]]],[[[104.18,12.36],[104.26,12.36],[104.26,12.44],[104.18,12.44],[104.18,12.36]]],[[[104.26,12.36],[104.34,12.36],[104.34,12.44],[104.26,12.44],[104.26,12.36]]],[[[104.34,12.36],[104.42,12.36],[104.42,12.44],[104.34,12.44],[104.34,12.36]]],[[[104.42,12.36],[104.5,12.36],[104.5,12.44],[104.42,12.44],[104.42,12.36]]],[[[102.74,12.440000000000001],[102.82,12.440000000000001],[102.82,12.520000000000001],[102.74,12.520000000000001],[102.74,12.440000000000001]]],[[[102.82,12.440000000000001],[102.89999999999999,12.440000000000001],[102.89999999999999,12.520000000000001],[102.82,12.520000000000001],[102.82,12.440000000000001]]],[[[102.9,12.440000000000001],[102.98,12.440000000000001],[102.98,12.520000000000001],[102.9,12.520000000000001],[102.9,12.440000000000001]]],[[[102.98,12.440000000000001],[103.06,12.440000000000001],[103.06,12.520000000000001],[102.98,12.520000000000001],[102.98,12.440000000000001]]],[[[103.06,12.440000000000001],[103.14,12.440000000000001],[103.14,12.520000000000001],[103.06,12.520000000000001],[103.06,12.440000000000001]]],[[[103.14,12.440000000000001],[103.22,12.440000000000001],[103.22,12.520000000000001],[103.14,12.520000000000001],[103.14,12.440000000000001]]],[[[103.22,12.440000000000001],[103.3,12.440000000000001],[103.3,12.520000000000001],[103.22,12.520000000000001],[103.22,12.440000000000001]]],[[[103.3,12.440000000000001],[103.38,12.440000000000001],[103.38,12.520000000000001],[103.3,12.520000000000001],[103.3,12.440000000000001]]],[[[103.38,12.440000000000001],[103.46,12.440000000000001],[103.46,12.520000000000001],[103.38,12.520000000000001],[103.38,12.440000000000001]]],[[[103.46,12.440000000000001],[103.53999999999999,12.440000000000001],[103.53999999999999,12.520000000000001],[103.46,12.520000000000001],[103.46,12.440000000000001]]],[[[103.54,12.440000000000001],[103.62,12.440000000000001],[103.62,12.520000000000001],[103.54,12.520000000000001],[103.54,12.440000000000001]]],[[[103.62,12.440000000000001],[103.7,12.440000000000001],[103.7,12.520000000000001],[103.62,12.520000000000001],[103.62,12.440000000000001]]],[[[103.7,12.440000000000001],[103.78,12.440000000000001],[103.78,12.520000000000001],[103.7,12.520000000000001],[103.7,12.440000000000001]]],[[[103.78,12.440000000000001],[103.86,12.440000000000001],[103.86,12.520000000000001],[103.78,12.520000000000001],[103.78,12.440000000000001]]],[[[103.86,12.440000000000001],[103.94,12.440000000000001],[103.94,12.520000000000001],[103.86,12.520000000000001],[103.86,12.440000000000001]]],[[[103.94,12.440000000000001],[104.02,12.440000000000001],[104.02,12.520000000000001],[103.94,12.520000000000001],[103.94,12.440000000000001]]],[[[104.02,12.440000000000001],[104.1,12.440000000000001],[104.1,12.520000000000001],[104.02,12.520000000000001],[104.02,12.440000000000001]]],[[[104.1,12.440000000000001],[104.17999999999999,12.440000000000001],[104.17999999999999,12.520000000000001],[104.1,12.520000000000001],[104.1,12.440000000000001]]],[[[104.18,12.440000000000001],[104.26,12.440000000000001],[104.26,12.520000000000001],[104.18,12.520000000000001],[104.18,12.440000000000001]]],[[[104.26,12.440000000000001],[104.34,12.440000000000001],[104.34,12.520000000000001],[104.26,12.520000000000001],[104.26,12.440000000000001]]],[[[104.34,12.440000000000001],[104.42,12.440000000000001],[104.42,12.520000000000001],[104.34,12.520000000000001],[104.34,12.440000000000001]]],[[[104.42,12.440000000000001],[104.5,12.440000000000001],[104.5,12.520000000000001],[104.42,12.520000000000001],[104.42,12.440000000000001]]],[[[102.66,12.52],[102.74,12.52],[102.74,12.6],[102.66,12.6],[102.66,12.52]]],[[[102.74,12.52],[102.82,12.52],[102.82,12.6],[102.74,12.6],[102.74,12.52]]],[[[102.82,12.52],[102.89999999999999,12.52],[102.89999999999999,12.6],[102.82,12.6],[102.82,12.52]]],[[[102.9,12.52],[102.98,12.52],[102.98,12.6],[102.9,12.6],[102.9,12.52]]],[[[102.98,12.52],[103.06,12.52],[103.06,12.6],[102.98,12.6],[102.98,12.52]]],[[[103.06,12.52],[103.14,12.52],[103.14,12.6],[103.06,12.6],[103.06,12.52]]],[[[103.14,12.52],[103.22,12.52],[103.22,12.6],[103.14,12.6],[103.14,12.52]]],[[[103.22,12.52],[103.3,12.52],[103.3,12.6],[103.22,12.6],[103.22,12.52]]],[[[103.3,12.52],[103.38,12.52],[103.38,12.6],[103.3,12.6],[103.3,12.52]]],[[[103.38,12.52],[103.46,12.52],[103.46,12.6],[103.38,12.6],[103.38,12.52]]],[[[103.46,12.52],[103.53999999999999,12.52],[103.53999999999999,12.6],[103.46,12.6],[103.46,12.52]]],[[[103.54,12.52],[103.62,12.52],[103.62,12.6],[103.54,12.6],[103.54,12.52]]],[[[103.62,12.52],[103.7,12.52],[103.7,12.6],[103.62,12.6],[103.62,12.52]]],[[[103.7,12.52],[103.78,12.52],[103.78,12.6],[103.7,12.6],[103.7,12.52]]],[[[103.78,12.52],[103.86,12.52],[103.86,12.6],[103.78,12.6],[103.78,12.52]]],[[[103.86,12.52],[103.94,12.52],[103.94,12.6],[103.86,12.6],[103.86,12.52]]],[[[103.94,12.52],[104.02,12.52],[104.02,12.6],[103.94,12.6],[103.94,12.52]]],[[[104.02,12.52],[104.1,12.52],[104.1,12.6],[104.02,12.6],[104.02,12.52]]],[[[104.1,12.52],[104.17999999999999,12.52],[104.17999999999999,12.6],[104.1,12.6],[104.1,12.52]]],[[[104.18,12.52],[104.26,12.52],[104.26,12.6],[104.18,12.6],[104.18,12.52]]],[[[104.26,12.52],[104.34,12.52],[104.34,12.6],[104.26,12.6],[104.26,12.52]]],[[[104.34,12.52],[104.42,12.52],[104.42,12.6],[104.34,12.6],[104.34,12.52]]],[[[104.42,12.52],[104.5,12.52],[104.5,12.6],[104.42,12.6],[104.42,12.52]]],[[[102.58,12.600000000000001],[102.66,12.600000000000001],[102.66,12.680000000000001],[102.58,12.680000000000001],[102.58,12.600000000000001]]],[[[102.66,12.600000000000001],[102.74,12.600000000000001],[102.74,12.680000000000001],[102.66,12.680000000000001],[102.66,12.600000000000001]]],[[[102.74,12.600000000000001],[102.82,12.600000000000001],[102.82,12.680000000000001],[102.74,12.680000000000001],[102.74,12.600000000000001]]],[[[102.82,12.600000000000001],[102.89999999999999,12.600000000000001],[102.89999999999999,12.680000000000001],[102.82,12.680000000000001],[102.82,12.600000000000001]]],[[[102.9,12.600000000000001],[102.98,12.600000000000001],[102.98,12.680000000000001],[102.9,12.680000000000001],[102.9,12.600000000000001]]],[[[102.98,12.600000000000001],[103.06,12.600000000000001],[103.06,12.680000000000001],[102.98,12.680000000000001],[102.98,12.600000000000001]]],[[[103.06,12.600000000000001],[103.14,12.600000000000001],[103.14,12.680000000000001],[103.06,12.680000000000001],[103.06,12.600000000000001]]],[[[103.14,12.600000000000001],[103.22,12.600000000000001],[103.22,12.680000000000001],[103.14,12.680000000000001],[103.14,12.600000000000001]]],[[[103.22,12.600000000000001],[103.3,12.600000000000001],[103.3,12.680000000000001],[103.22,12.680000000000001],[103.22,12.600000000000001]]],[[[103.3,12.600000000000001],[103.38,12.600000000000001],[103.38,12.680000000000001],[103.3,12.680000000000001],[103.3,12.600000000000001]]],[[[103.38,12.600000000000001],[103.46,12.600000000000001],[103.46,12.680000000000001],[103.38,12.680000000000001],[103.38,12.600000000000001]]],[[[103.46,12.600000000000001],[103.53999999999999,12.600000000000001],[103.53999999999999,12.680000000000001],[103.46,12.680000000000001],[103.46,12.600000000000001]]],[[[103.54,12.600000000000001],[103.62,12.600000000000001],[103.62,12.680000000000001],[103.54,12.680000000000001],[103.54,12.600000000000001]]],[[[103.62,12.600000000000001],[103.7,12.600000000000001],[103.7,12.680000000000001],[103.62,12.680000000000001],[103.62,12.600000000000001]]],[[[103.7,12.600000000000001],[103.78,12.600000000000001],[103.78,12.680000000000001],[103.7,12.680000000000001],[103.7,12.600000000000001]]],[[[103.78,12.600000000000001],[103.86,12.600000000000001],[103.86,12.680000000000001],[103.78,12.680000000000001],[103.78,12.600000000000001]]],[[[103.86,12.600000000000001],[103.94,12.600000000000001],[103.94,12.680000000000001],[103.86,12.680000000000001],[103.86,12.600000000000001]]],[[[103.94,12.600000000000001],[104.02,12.600000000000001],[104.02,12.680000000000001],[103.94,12.680000000000001],[103.94,12.600000000000001]]],[[[104.02,12.600000000000001],[104.1,12.600000000000001],[104.1,12.680000000000001],[104.02,12.680000000000001],[104.02,12.600000000000001]]],[[[104.1,12.600000000000001],[104.17999999999999,12.600000000000001],[104.17999999999999,12.680000000000001],[104.1,12.680000000000001],[104.1,12.600000000000001]]],[[[104.18,12.600000000000001],[104.26,12.600000000000001],[104.26,12.680000000000001],[104.18,12.680000000000001],[104.18,12.600000000000001]]],[[[104.26,12.600000000000001],[104.34,12.600000000000001],[104.34,12.680000000000001],[104.26,12.680000000000001],[104.26,12.600000000000001]]],[[[104.34,12.600000000000001],[104.42,12.600000000000001],[104.42,12.680000000000001],[104.34,12.680000000000001],[104.34,12.600000000000001]]],[[[104.42,12.600000000000001],[104.5,12.600000000000001],[104.5,12.680000000000001],[104.42,12.680000000000001],[104.42,12.600000000000001]]],[[[102.5,12.68],[102.58,12.68],[102.58,12.76],[102.5,12.76],[102.5,12.68]]],[[[102.58,12.68],[102.66,12.68],[102.66,12.76],[102.58,12.76],[102.58,12.68]]],[[[102.66,12.68],[102.74,12.68],[102.74,12.76],[102.66,12.76],[102.66,12.68]]],[[[102.74,12.68],[102.82,12.68],[102.82,12.76],[102.74,12.76],[102.74,12.68]]],[[[102.82,12.68],[102.89999999999999,12.68],[102.89999999999999,12.76],[102.82,12.76],[102.82,12.68]]],[[[102.9,12.68],[102.98,12.68],[102.98,12.76],[102.9,12.76],[102.9,12.68]]],[[[102.98,12.68],[103.06,12.68],[103.06,12.76],[102.98,12.76],[102.98,12.68]]],[[[103.06,12.68],[103.14,12.68],[103.14,12.76],[103.06,12.76],[103.06,12.68]]],[[[103.14,12.68],[103.22,12.68],[103.22,12.76],[103.14,12.76],[103.14,12.68]]],[[[103.22,12.68],[103.3,12.68],[103.3,12.76],[103.22,12.76],[103.22,12.68]]],[[[103.3,12.68],[103.38,12.68],[103.38,12.76],[103.3,12.76],[103.3,12.68]]],[[[103.38,12.68],[103.46,12.68],[103.46,12.76],[103.38,12.76],[103.38,12.68]]],[[[103.46,12.68],[103.53999999999999,12.68],[103.53999999999999,12.76],[103.46,12.76],[103.46,12.68]]],[[[103.54,12.68],[103.62,12.68],[103.62,12.76],[103.54,12.76],[103.54,12.68]]],[[[103.62,12.68],[103.7,12.68],[103.7,12.76],[103.62,12.76],[103.62,12.68]]],[[[103.7,12.68],[103.78,12.68],[103.78,12.76],[103.7,12.76],[103.7,12.68]]],[[[103.78,12.68],[103.86,12.68],[103.86,12.76],[103.78,12.76],[103.78,12.68]]],[[[103.86,12.68],[103.94,12.68],[103.94,12.76],[103.86,12.76],[103.86,12.68]]],[[[103.94,12.68],[104.02,12.68],[104.02,12.76],[103.94,12.76],[103.94,12.68]]],[[[104.02,12.68],[104.1,12.68],[104.1,12.76],[104.02,12.76],[104.02,12.68]]],[[[104.1,12.68],[104.17999999999999,12.68],[104.17999999999999,12.76],[104.1,12.76],[104.1,12.68]]],[[[104.18,12.68],[104.26,12.68],[104.26,12.76],[104.18,12.76],[104.18,12.68]]],[[[104.26,12.68],[104.34,12.68],[104.34,12.76],[104.26,12.76],[104.26,12.68]]],[[[104.34,12.68],[104.42,12.68],[104.42,12.76],[104.34,12.76],[104.34,12.68]]],[[[104.42,12.68],[104.5,12.68],[104.5,12.76],[104.42,12.76],[104.42,12.68]]],[[[102.74,12.76],[102.82,12.76],[102.82,12.84],[102.74,12.84],[102.74,12.76]]],[[[102.82,12.76],[102.89999999999999,12.76],[102.89999999999999,12.84],[102.82,12.84],[102.82,12.76]]],[[[102.9,12.76],[102.98,12.76],[102.98,12.84],[102.9,12.84],[102.9,12.76]]],[[[102.98,12.76],[103.06,12.76],[103.06,12.84],[102.98,12.84],[102.98,12.76]]],[[[103.06,12.76],[103.14,12.76],[103.14,12.84],[103.06,12.84],[103.06,12.76]]],[[[103.14,12.76],[103.22,12.76],[103.22,12.84],[103.14,12.84],[103.14,12.76]]],[[[103.22,12.76],[103.3,12.76],[103.3,12.84],[103.22,12.84],[103.22,12.76]]],[[[103.3,12.76],[103.38,12.76],[103.38,12.84],[103.3,12.84],[103.3,12.76]]],[[[103.38,12.76],[103.46,12.76],[103.46,12.84],[103.38,12.84],[103.38,12.76]]],[[[103.46,12.76],[103.53999999999999,12.76],[103.53999999999999,12.84],[103.46,12.84],[103.46,12.76]]],[[[103.54,12.76],[103.62,12.76],[103.62,12.84],[103.54,12.84],[103.54,12.76]]],[[[103.62,12.76],[103.7,12.76],[103.7,12.84],[103.62,12.84],[103.62,12.76]]],[[[103.7,12.76],[103.78,12.76],[103.78,12.84],[103.7,12.84],[103.7,12.76]]],[[[103.78,12.76],[103.86,12.76],[103.86,12.84],[103.78,12.84],[103.78,12.76]]],[[[103.86,12.76],[103.94,12.76],[103.94,12.84],[103.86,12.84],[103.86,12.76]]],[[[103.94,12.76],[104.02,12.76],[104.02,12.84],[103.94,12.84],[103.94,12.76]]],[[[104.02,12.76],[104.1,12.76],[104.1,12.84],[104.02,12.84],[104.02,12.76]]],[[[104.1,12.76],[104.17999999999999,12.76],[104.17999999999999,12.84],[104.1,12.84],[104.1,12.76]]],[[[104.18,12.76],[104.26,12.76],[104.26,12.84],[104.18,12.84],[104.18,12.76]]],[[[104.26,12.76],[104.34,12.76],[104.34,12.84],[104.26,12.84],[104.26,12.76]]],[[[104.34,12.76],[104.42,12.76],[104.42,12.84],[104.34,12.84],[104.34,12.76]]],[[[104.42,12.76],[104.5,12.76],[104.5,12.84],[104.42,12.84],[104.42,12.76]]],[[[102.9,12.84],[102.98,12.84],[102.98,12.92],[102.9,12.92],[102.9,12.84]]],[[[102.98,12.84],[103.06,12.84],[103.06,12.92],[102.98,12.92],[102.98,12.84]]],[[[103.06,12.84],[103.14,12.84],[103.14,12.92],[103.06,12.92],[103.06,12.84]]],[[[103.14,12.84],[103.22,12.84],[103.22,12.92],[103.14,12.92],[103.14,12.84]]],[[[103.22,12.84],[103.3,12.84],[103.3,12.92],[103.22,12.92],[103.22,12.84]]],[[[103.3,12.84],[103.38,12.84],[103.38,12.92],[103.3,12.92],[103.3,12.84]]],[[[103.38,12.84],[103.46,12.84],[103.46,12.92],[103.38,12.92],[103.38,12.84]]],[[[103.46,12.84],[103.53999999999999,12.84],[103.53999999999999,12.92],[103.46,12.92],[103.46,12.84]]],[[[103.54,12.84],[103.62,12.84],[103.62,12.92],[103.54,12.92],[103.54,12.84]]],[[[103.62,12.84],[103.7,12.84],[103.7,12.92],[103.62,12.92],[103.62,12.84]]],[[[103.7,12.84],[103.78,12.84],[103.78,12.92],[103.7,12.92],[103.7,12.84]]],[[[103.78,12.84],[103.86,12.84],[103.86,12.92],[103.78,12.92],[103.78,12.84]]],[[[103.86,12.84],[103.94,12.84],[103.94,12.92],[103.86,12.92],[103.86,12.84]]],[[[103.94,12.84],[104.02,12.84],[104.02,12.92],[103.94,12.92],[103.94,12.84]]],[[[104.02,12.84],[104.1,12.84],[104.1,12.92],[104.02,12.92],[104.02,12.84]]],[[[104.1,12.84],[104.17999999999999,12.84],[104.17999999999999,12.92],[104.1,12.92],[104.1,12.84]]],[[[104.18,12.84],[104.26,12.84],[104.26,12.92],[104.18,12.92],[104.18,12.84]]],[[[104.26,12.84],[104.34,12.84],[104.34,12.92],[104.26,12.92],[104.26,12.84]]],[[[104.34,12.84],[104.42,12.84],[104.42,12.92],[104.34,12.92],[104.34,12.84]]],[[[104.42,12.84],[104.5,12.84],[104.5,12.92],[104.42,12.92],[104.42,12.84]]],[[[103.14,12.92],[103.22,12.92],[103.22,13],[103.14,13],[103.14,12.92]]],[[[103.22,12.92],[103.3,12.92],[103.3,13],[103.22,13],[103.22,12.92]]],[[[103.3,12.92],[103.38,12.92],[103.38,13],[103.3,13],[103.3,12.92]]],[[[103.38,12.92],[103.46,12.92],[103.46,13],[103.38,13],[103.38,12.92]]],[[[103.46,12.92],[103.53999999999999,12.92],[103.53999999999999,13],[103.46,13],[103.46,12.92]]],[[[103.54,12.92],[103.62,12.92],[103.62,13],[103.54,13],[103.54,12.92]]],[[[103.62,12.92],[103.7,12.92],[103.7,13],[103.62,13],[103.62,12.92]]],[[[103.7,12.92],[103.78,12.92],[103.78,13],[103.7,13],[103.7,12.92]]],[[[103.78,12.92],[103.86,12.92],[103.86,13],[103.78,13],[103.78,12.92]]],[[[103.86,12.92],[103.94,12.92],[103.94,13],[103.86,13],[103.86,12.92]]],[[[103.94,12.92],[104.02,12.92],[104.02,13],[103.94,13],[103.94,12.92]]],[[[104.02,12.92],[104.1,12.92],[104.1,13],[104.02,13],[104.02,12.92]]],[[[104.1,12.92],[104.17999999999999,12.92],[104.17999999999999,13],[104.1,13],[104.1,12.92]]],[[[104.18,12.92],[104.26,12.92],[104.26,13],[104.18,13],[104.18,12.92]]],[[[104.26,12.92],[104.34,12.92],[104.34,13],[104.26,13],[104.26,12.92]]],[[[104.34,12.92],[104.42,12.92],[104.42,13],[104.34,13],[104.34,12.92]]],[[[104.42,12.92],[104.5,12.92],[104.5,13],[104.42,13],[104.42,12.92]]],[[[103.3,13],[103.38,13],[103.38,13.08],[103.3,13.08],[103.3,13]]],[[[103.38,13],[103.46,13],[103.46,13.08],[103.38,13.08],[103.38,13]]],[[[103.46,13],[103.53999999999999,13],[103.53999999999999,13.08],[103.46,13.08],[103.46,13]]],[[[103.54,13],[103.62,13],[103.62,13.08],[103.54,13.08],[103.54,13]]],[[[103.62,13],[103.7,13],[103.7,13.08],[103.62,13.08],[103.62,13]]],[[[103.7,13],[103.78,13],[103.78,13.08],[103.7,13.08],[103.7,13]]],[[[103.78,13],[103.86,13],[103.86,13.08],[103.78,13.08],[103.78,13]]],[[[103.86,13],[103.94,13],[103.94,13.08],[103.86,13.08],[103.86,13]]],[[[103.94,13],[104.02,13],[104.02,13.08],[103.94,13.08],[103.94,13]]],[[[104.02,13],[104.1,13],[104.1,13.08],[104.02,13.08],[104.02,13]]],[[[104.1,13],[104.17999999999999,13],[104.17999999999999,13.08],[104.1,13.08],[104.1,13]]],[[[104.18,13],[104.26,13],[104.26,13.08],[104.18,13.08],[104.18,13]]],[[[104.26,13],[104.34,13],[104.34,13.08],[104.26,13.08],[104.26,13]]],[[[104.34,13],[104.42,13],[104.42,13.08],[104.34,13.08],[104.34,13]]],[[[104.42,13],[104.5,13],[104.5,13.08],[104.42,13.08],[104.42,13]]],[[[103.54,13.08],[103.62,13.08],[103.62,13.16],[103.54,13.16],[103.54,13.08]]],[[[103.62,13.08],[103.7,13.08],[103.7,13.16],[103.62,13.16],[103.62,13.08]]],[[[103.7,13.08],[103.78,13.08],[103.78,13.16],[103.7,13.16],[103.7,13.08]]],[[[103.78,13.08],[103.86,13.08],[103.86,13.16],[103.78,13.16],[103.78,13.08]]],[[[103.86,13.08],[103.94,13.08],[103.94,13.16],[103.86,13.16],[103.86,13.08]]],[[[103.94,13.08],[104.02,13.08],[104.02,13.16],[103.94,13.16],[103.94,13.08]]],[[[104.02,13.08],[104.1,13.08],[104.1,13.16],[104.02,13.16],[104.02,13.08]]],[[[104.1,13.08],[104.17999999999999,13.08],[104.17999999999999,13.16],[104.1,13.16],[104.1,13.08]]],[[[104.18,13.08],[104.26,13.08],[104.26,13.16],[104.18,13.16],[104.18,13.08]]],[[[104.26,13.08],[104.34,13.08],[104.34,13.16],[104.26,13.16],[104.26,13.08]]],[[[104.34,13.08],[104.42,13.08],[104.42,13.16],[104.34,13.16],[104.34,13.08]]],[[[104.42,13.08],[104.5,13.08],[104.5,13.16],[104.42,13.16],[104.42,13.08]]],[[[103.7,13.16],[103.78,13.16],[103.78,13.24],[103.7,13.24],[103.7,13.16]]],[[[103.78,13.16],[103.86,13.16],[103.86,13.24],[103.78,13.24],[103.78,13.16]]],[[[103.86,13.16],[103.94,13.16],[103.94,13.24],[103.86,13.24],[103.86,13.16]]],[[[103.94,13.16],[104.02,13.16],[104.02,13.24],[103.94,13.24],[103.94,13.16]]],[[[104.02,13.16],[104.1,13.16],[104.1,13.24],[104.02,13.24],[104.02,13.16]]],[[[104.1,13.16],[104.17999999999999,13.16],[104.17999999999999,13.24],[104.1,13.24],[104.1,13.16]]],[[[104.18,13.16],[104.26,13.16],[104.26,13.24],[104.18,13.24],[104.18,13.16]]],[[[104.26,13.16],[104.34,13.16],[104.34,13.24],[104.26,13.24],[104.26,13.16]]],[[[104.34,13.16],[104.42,13.16],[104.42,13.24],[104.34,13.24],[104.34,13.16]]],[[[104.42,13.16],[104.5,13.16],[104.5,13.24],[104.42,13.24],[104.42,13.16]]],[[[103.94,13.24],[104.02,13.24],[104.02,13.32],[103.94,13.32],[103.94,13.24]]],[[[104.02,13.24],[104.1,13.24],[104.1,13.32],[104.02,13.32],[104.02,13.24]]],[[[104.1,13.24],[104.17999999999999,13.24],[104.17999999999999,13.32],[104.1,13.32],[104.1,13.24]]],[[[104.18,13.24],[104.26,13.24],[104.26,13.32],[104.18,13.32],[104.18,13.24]]],[[[104.26,13.24],[104.34,13.24],[104.34,13.32],[104.26,13.32],[104.26,13.24]]],[[[104.34,13.24],[104.42,13.24],[104.42,13.32],[104.34,13.32],[104.34,13.24]]],[[[104.42,13.24],[104.5,13.24],[104.5,13.32],[104.42,13.32],[104.42,13.24]]],[[[104.1,13.32],[104.17999999999999,13.32],[104.17999999999999,13.4],[104.1,13.4],[104.1,13.32]]],[[[104.18,13.32],[104.26,13.32],[104.26,13.4],[104.18,13.4],[104.18,13.32]]],[[[104.26,13.32],[104.34,13.32],[104.34,13.4],[104.26,13.4],[104.26,13.32]]],[[[104.34,13.32],[104.42,13.32],[104.42,13.4],[104.34,13.4],[104.34,13.32]]],[[[104.42,13.32],[104.5,13.32],[104.5,13.4],[104.42,13.4],[104.42,13.32]]],[[[104.34,13.4],[104.42,13.4],[104.42,13.48],[104.34,13.48],[104.34,13.4]]],[[[104.42,13.4],[104.5,13.4],[104.5,13.48],[104.42,13.48],[104.42,13.4]]]]}}]}